0 verbose cli E:\Production_tools\Nodejs\node.exe E:\Production_tools\Nodejs\node_modules\npm\bin\npm-cli.js
1 info using npm@10.2.3
2 info using node@v20.10.0
3 timing npm:load:whichnode Completed in 1ms
4 timing config:load:defaults Completed in 1ms
5 timing config:load:file:E:\Production_tools\Nodejs\node_modules\npm\npmrc Completed in 3ms
6 timing config:load:builtin Completed in 3ms
7 timing config:load:cli Completed in 2ms
8 timing config:load:env Completed in 0ms
9 timing config:load:file:D:\各类笔记\AiTools\Demo\codex\Sweet King v2\.npmrc Completed in 0ms
10 timing config:load:project Completed in 1ms
11 timing config:load:file:C:\Users\Administrator\.npmrc Completed in 1ms
12 timing config:load:user Completed in 1ms
13 timing config:load:file:E:\Production_tools\Nodejs\node_global\etc\npmrc Completed in 0ms
14 timing config:load:global Completed in 0ms
15 timing config:load:setEnvs Completed in 0ms
16 timing config:load Completed in 8ms
17 timing npm:load:configload Completed in 8ms
18 timing config:load:flatten Completed in 2ms
19 timing npm:load:mkdirpcache Completed in 1ms
20 timing npm:load:mkdirplogs Completed in 0ms
21 verbose title npm exec netlify login
22 verbose argv "exec" "--yes" "--package" "netlify-cli@17.38.1" "--" "netlify" "login"
23 timing npm:load:setTitle Completed in 1ms
24 timing npm:load:display Completed in 0ms
25 verbose logfile logs-max:10 dir:D:\各类笔记\AiTools\Demo\codex\Sweet King v2\.npm-cache-netlify-cli\_logs\2026-05-19T08_18_17_710Z-
26 verbose logfile D:\各类笔记\AiTools\Demo\codex\Sweet King v2\.npm-cache-netlify-cli\_logs\2026-05-19T08_18_17_710Z-debug-0.log
27 timing npm:load:logFile Completed in 7ms
28 timing npm:load:timers Completed in 0ms
29 timing npm:load:configScope Completed in 0ms
30 timing npm:load Completed in 45ms
31 timing arborist:ctor Completed in 0ms
32 silly logfile done cleaning log files
33 timing arborist:ctor Completed in 1ms
34 http fetch GET 200 https://registry.npmmirror.com/npm 1577ms (cache miss)
35 http fetch GET 200 https://registry.npmmirror.com/netlify-cli 3579ms (cache miss)
36 timing arborist:ctor Completed in 1ms
37 timing arborist:ctor Completed in 0ms
38 timing idealTree:init Completed in 3ms
39 timing idealTree:userRequests Completed in 1ms
40 silly idealTree buildDeps
41 silly fetch manifest netlify-cli@17.38.1
42 http fetch GET 200 https://registry.npmmirror.com/netlify-cli 17ms (cache hit)
43 silly placeDep ROOT netlify-cli@17.38.1 OK for:  want: 17.38.1
44 silly fetch manifest @bugsnag/js@7.25.0
45 silly fetch manifest @fastify/static@7.0.4
46 silly fetch manifest @netlify/blobs@8.1.0
47 silly fetch manifest @netlify/build@29.58.0
48 silly fetch manifest @netlify/build-info@7.17.0
49 silly fetch manifest @netlify/config@20.21.0
50 silly fetch manifest @netlify/edge-bundler@12.3.1
51 silly fetch manifest @netlify/edge-functions@2.11.1
52 silly fetch manifest @netlify/headers-parser@7.3.0
53 silly fetch manifest @netlify/local-functions-proxy@1.1.1
54 silly fetch manifest @netlify/redirect-parser@14.5.0
55 silly fetch manifest @netlify/zip-it-and-ship-it@9.42.1
56 silly fetch manifest @octokit/rest@20.1.1
57 silly fetch manifest @opentelemetry/api@1.8.0
58 silly fetch manifest ansi-escapes@7.0.0
59 silly fetch manifest ansi-styles@6.2.1
60 silly fetch manifest ansi-to-html@0.7.2
61 silly fetch manifest ascii-table@0.0.9
62 silly fetch manifest backoff@2.5.0
63 silly fetch manifest better-opn@3.0.2
64 silly fetch manifest boxen@7.1.1
65 silly fetch manifest chalk@5.3.0
66 silly fetch manifest chokidar@3.6.0
67 silly fetch manifest ci-info@4.1.0
68 silly fetch manifest clean-deep@3.4.0
69 silly fetch manifest commander@10.0.1
70 silly fetch manifest comment-json@4.2.5
71 silly fetch manifest concordance@5.0.4
72 silly fetch manifest configstore@6.0.0
73 silly fetch manifest content-type@1.0.5
74 silly fetch manifest cookie@0.7.2
75 silly fetch manifest cron-parser@4.9.0
76 silly fetch manifest debug@4.3.7
77 silly fetch manifest decache@4.6.2
78 silly fetch manifest dot-prop@9.0.0
79 silly fetch manifest dotenv@16.4.7
80 silly fetch manifest env-paths@3.0.0
81 silly fetch manifest envinfo@7.14.0
82 silly fetch manifest etag@1.8.1
83 silly fetch manifest execa@5.1.1
84 silly fetch manifest express@4.21.2
85 silly fetch manifest express-logging@1.1.1
86 silly fetch manifest extract-zip@2.0.1
87 silly fetch manifest fastest-levenshtein@1.0.16
88 silly fetch manifest fastify@4.28.1
89 silly fetch manifest find-up@7.0.0
90 silly fetch manifest flush-write-stream@2.0.0
91 silly fetch manifest folder-walker@3.2.0
92 silly fetch manifest from2-array@0.0.4
93 silly fetch manifest fuzzy@0.1.3
94 silly fetch manifest get-port@5.1.1
95 silly fetch manifest gh-release-fetch@4.0.3
96 silly fetch manifest git-repo-info@2.1.1
97 silly fetch manifest gitconfiglocal@2.1.0
98 silly fetch manifest hasbin@1.2.3
99 silly fetch manifest hasha@5.2.2
100 silly fetch manifest http-proxy@1.18.1
101 silly fetch manifest http-proxy-middleware@2.0.7
102 silly fetch manifest https-proxy-agent@7.0.5
103 silly fetch manifest inquirer@6.5.2
104 silly fetch manifest inquirer-autocomplete-prompt@1.4.0
105 silly fetch manifest ipx@2.1.0
106 silly fetch manifest is-docker@3.0.0
107 silly fetch manifest is-stream@4.0.1
108 silly fetch manifest is-wsl@3.1.0
109 silly fetch manifest isexe@3.1.1
110 silly fetch manifest js-yaml@4.1.0
111 silly fetch manifest jsonwebtoken@9.0.2
112 silly fetch manifest jwt-decode@4.0.0
113 silly fetch manifest lambda-local@2.2.0
114 silly fetch manifest listr2@8.2.5
115 silly fetch manifest locate-path@7.2.0
116 silly fetch manifest lodash@4.17.21
117 silly fetch manifest log-symbols@6.0.0
118 silly fetch manifest log-update@6.1.0
119 silly fetch manifest maxstache@1.0.7
120 silly fetch manifest maxstache-stream@1.0.4
121 silly fetch manifest multiparty@4.2.3
122 silly fetch manifest netlify@13.2.0
123 silly fetch manifest netlify-redirector@0.5.0
124 silly fetch manifest node-fetch@3.3.2
125 silly fetch manifest node-version-alias@3.4.1
126 silly fetch manifest ora@8.1.1
127 silly fetch manifest p-filter@4.1.0
128 silly fetch manifest p-map@7.0.2
129 silly fetch manifest p-wait-for@5.0.2
130 silly fetch manifest parallel-transform@1.2.0
131 silly fetch manifest parse-github-url@1.0.3
132 silly fetch manifest parse-gitignore@2.0.0
133 silly fetch manifest path-key@4.0.0
134 silly fetch manifest prettyjson@1.2.5
135 silly fetch manifest pump@3.0.2
136 silly fetch manifest raw-body@2.5.2
137 silly fetch manifest read-package-up@11.0.0
138 silly fetch manifest readdirp@3.6.0
139 silly fetch manifest semver@7.6.3
140 silly fetch manifest source-map-support@0.5.21
141 silly fetch manifest strip-ansi-control-characters@2.0.0
142 silly fetch manifest tabtab@3.0.2
143 silly fetch manifest tempy@3.1.0
144 silly fetch manifest terminal-link@3.0.0
145 silly fetch manifest through2-filter@4.0.0
146 silly fetch manifest through2-map@4.0.0
147 silly fetch manifest toml@3.0.0
148 silly fetch manifest tomlify-j0.4@3.0.0
149 silly fetch manifest ulid@2.3.0
150 silly fetch manifest unixify@1.0.0
151 silly fetch manifest update-notifier@7.3.1
152 silly fetch manifest uuid@9.0.1
153 silly fetch manifest wait-port@1.1.0
154 silly fetch manifest write-file-atomic@5.0.1
155 silly fetch manifest ws@8.18.0
156 silly fetch manifest zod@3.23.8
157 http fetch GET 200 https://registry.npmmirror.com/@bugsnag%2fjs 608ms (cache miss)
158 http fetch GET 200 https://registry.npmmirror.com/@fastify%2fstatic 695ms (cache miss)
159 http fetch GET 200 https://registry.npmmirror.com/etag 1160ms (cache miss)
160 http fetch GET 200 https://registry.npmmirror.com/is-wsl 1163ms (cache miss)
161 http fetch GET 200 https://registry.npmmirror.com/pump 1154ms (cache miss)
162 http fetch GET 200 https://registry.npmmirror.com/ansi-escapes 1195ms (cache miss)
163 http fetch GET 200 https://registry.npmmirror.com/content-type 1203ms (cache miss)
164 http fetch GET 200 https://registry.npmmirror.com/log-symbols 1181ms (cache miss)
165 http fetch GET 200 https://registry.npmmirror.com/cookie 1206ms (cache miss)
166 http fetch GET 200 https://registry.npmmirror.com/extract-zip 1202ms (cache miss)
167 http fetch GET 200 https://registry.npmmirror.com/flush-write-stream 1209ms (cache miss)
168 http fetch GET 200 https://registry.npmmirror.com/lodash 1208ms (cache miss)
169 http fetch GET 200 https://registry.npmmirror.com/locate-path 1209ms (cache miss)
170 http fetch GET 200 https://registry.npmmirror.com/js-yaml 1215ms (cache miss)
171 http fetch GET 200 https://registry.npmmirror.com/parallel-transform 1206ms (cache miss)
172 http fetch GET 200 https://registry.npmmirror.com/find-up 1240ms (cache miss)
173 http fetch GET 200 https://registry.npmmirror.com/log-update 1229ms (cache miss)
174 http fetch GET 200 https://registry.npmmirror.com/configstore 1255ms (cache miss)
175 http fetch GET 200 https://registry.npmmirror.com/readdirp 1241ms (cache miss)
176 http fetch GET 200 https://registry.npmmirror.com/ora 1246ms (cache miss)
177 http fetch GET 200 https://registry.npmmirror.com/boxen 1279ms (cache miss)
178 http fetch GET 200 https://registry.npmmirror.com/uuid 1247ms (cache miss)
179 http fetch GET 200 https://registry.npmmirror.com/dot-prop 1281ms (cache miss)
180 http fetch GET 200 https://registry.npmmirror.com/debug 1319ms (cache miss)
181 http fetch GET 200 https://registry.npmmirror.com/raw-body 1294ms (cache miss)
182 http fetch GET 200 https://registry.npmmirror.com/ci-info 1346ms (cache miss)
183 http fetch GET 200 https://registry.npmmirror.com/chokidar 1351ms (cache miss)
184 http fetch GET 200 https://registry.npmmirror.com/http-proxy 1340ms (cache miss)
185 http fetch GET 200 https://registry.npmmirror.com/clean-deep 1382ms (cache miss)
186 http fetch GET 200 https://registry.npmmirror.com/isexe 1362ms (cache miss)
187 http fetch GET 200 https://registry.npmmirror.com/p-wait-for 1353ms (cache miss)
188 http fetch GET 200 https://registry.npmmirror.com/better-opn 1386ms (cache miss)
189 http fetch GET 200 https://registry.npmmirror.com/tabtab 1350ms (cache miss)
190 http fetch GET 200 https://registry.npmmirror.com/read-package-up 1361ms (cache miss)
191 http fetch GET 200 https://registry.npmmirror.com/write-file-atomic 1358ms (cache miss)
192 http fetch GET 200 https://registry.npmmirror.com/toml 1364ms (cache miss)
193 http fetch GET 200 https://registry.npmmirror.com/backoff 1405ms (cache miss)
194 http fetch GET 200 https://registry.npmmirror.com/execa 1396ms (cache miss)
195 http fetch GET 200 https://registry.npmmirror.com/http-proxy-middleware 1394ms (cache miss)
196 http fetch GET 200 https://registry.npmmirror.com/prettyjson 1387ms (cache miss)
197 http fetch GET 200 https://registry.npmmirror.com/get-port 1411ms (cache miss)
198 http fetch GET 200 https://registry.npmmirror.com/lambda-local 1429ms (cache miss)
199 http fetch GET 200 https://registry.npmmirror.com/env-paths 1450ms (cache miss)
200 http fetch GET 200 https://registry.npmmirror.com/netlify-redirector 1430ms (cache miss)
201 http fetch GET 200 https://registry.npmmirror.com/@netlify%2fredirect-parser 1463ms (cache miss)
202 http fetch GET 200 https://registry.npmmirror.com/hasha 1442ms (cache miss)
203 http fetch GET 200 https://registry.npmmirror.com/is-docker 1440ms (cache miss)
204 http fetch GET 200 https://registry.npmmirror.com/wait-port 1419ms (cache miss)
205 http fetch GET 200 https://registry.npmmirror.com/node-version-alias 1430ms (cache miss)
206 http fetch GET 200 https://registry.npmmirror.com/@netlify%2fedge-functions 1468ms (cache miss)
207 http fetch GET 200 https://registry.npmmirror.com/p-filter 1443ms (cache miss)
208 http fetch GET 200 https://registry.npmmirror.com/jsonwebtoken 1452ms (cache miss)
209 http fetch GET 200 https://registry.npmmirror.com/decache 1486ms (cache miss)
210 http fetch GET 200 https://registry.npmmirror.com/ansi-styles 1509ms (cache miss)
211 http fetch GET 200 https://registry.npmmirror.com/@netlify%2flocal-functions-proxy 1511ms (cache miss)
212 http fetch GET 200 https://registry.npmmirror.com/maxstache-stream 1481ms (cache miss)
213 http fetch GET 200 https://registry.npmmirror.com/unixify 1471ms (cache miss)
214 http fetch GET 200 https://registry.npmmirror.com/inquirer 1502ms (cache miss)
215 http fetch GET 200 https://registry.npmmirror.com/express 1527ms (cache miss)
216 http fetch GET 200 https://registry.npmmirror.com/parse-gitignore 1510ms (cache miss)
217 http fetch GET 200 https://registry.npmmirror.com/from2-array 1529ms (cache miss)
218 http fetch GET 200 https://registry.npmmirror.com/ws 1502ms (cache miss)
219 http fetch GET 200 https://registry.npmmirror.com/node-fetch 1540ms (cache miss)
220 http fetch GET 200 https://registry.npmmirror.com/p-map 1580ms (cache miss)
221 http fetch GET 200 https://registry.npmmirror.com/folder-walker 1609ms (cache miss)
222 http fetch GET 200 https://registry.npmmirror.com/commander 1622ms (cache miss)
223 http fetch GET 200 https://registry.npmmirror.com/express-logging 1663ms (cache miss)
224 http fetch GET 200 https://registry.npmmirror.com/inquirer-autocomplete-prompt 1664ms (cache miss)
225 http fetch GET 200 https://registry.npmmirror.com/source-map-support 1677ms (cache miss)
226 http fetch GET 200 https://registry.npmmirror.com/listr2 1696ms (cache miss)
227 http fetch GET 200 https://registry.npmmirror.com/@netlify%2fheaders-parser 1806ms (cache miss)
228 http fetch GET 200 https://registry.npmmirror.com/@netlify%2fzip-it-and-ship-it 1840ms (cache miss)
229 http fetch GET 200 https://registry.npmmirror.com/maxstache 1816ms (cache miss)
230 http fetch GET 200 https://registry.npmmirror.com/@netlify%2fedge-bundler 1848ms (cache miss)
231 http fetch GET 200 https://registry.npmmirror.com/@netlify%2fbuild-info 1864ms (cache miss)
232 http fetch GET 200 https://registry.npmmirror.com/fuzzy 1847ms (cache miss)
233 http fetch GET 200 https://registry.npmmirror.com/https-proxy-agent 1846ms (cache miss)
234 http fetch GET 200 https://registry.npmmirror.com/fastify 1855ms (cache miss)
235 http fetch GET 200 https://registry.npmmirror.com/ipx 1893ms (cache miss)
236 http fetch GET 200 https://registry.npmmirror.com/gh-release-fetch 1900ms (cache miss)
237 http fetch GET 200 https://registry.npmmirror.com/jwt-decode 1895ms (cache miss)
238 http fetch GET 200 https://registry.npmmirror.com/@opentelemetry%2fapi 1989ms (cache miss)
239 http fetch GET 200 https://registry.npmmirror.com/ulid 1954ms (cache miss)
240 http fetch GET 200 https://registry.npmmirror.com/ansi-to-html 2068ms (cache miss)
241 http fetch GET 200 https://registry.npmmirror.com/parse-github-url 2057ms (cache miss)
242 http fetch GET 200 https://registry.npmmirror.com/zod 2062ms (cache miss)
243 http fetch GET 200 https://registry.npmmirror.com/concordance 2117ms (cache miss)
244 http fetch GET 200 https://registry.npmmirror.com/git-repo-info 2109ms (cache miss)
245 http fetch GET 200 https://registry.npmmirror.com/comment-json 2124ms (cache miss)
246 http fetch GET 200 https://registry.npmmirror.com/hasbin 2124ms (cache miss)
247 http fetch GET 200 https://registry.npmmirror.com/terminal-link 2112ms (cache miss)
248 http fetch GET 200 https://registry.npmmirror.com/through2-filter 2114ms (cache miss)
249 http fetch GET 200 https://registry.npmmirror.com/tempy 2124ms (cache miss)
250 http fetch GET 200 https://registry.npmmirror.com/path-key 2128ms (cache miss)
251 http fetch GET 200 https://registry.npmmirror.com/through2-map 2145ms (cache miss)
252 http fetch GET 200 https://registry.npmmirror.com/update-notifier 2202ms (cache miss)
253 http fetch GET 200 https://registry.npmmirror.com/semver 2208ms (cache miss)
254 http fetch GET 200 https://registry.npmmirror.com/gitconfiglocal 2386ms (cache miss)
255 http fetch GET 200 https://registry.npmmirror.com/netlify 2386ms (cache miss)
256 http fetch GET 200 https://registry.npmmirror.com/fastest-levenshtein 2417ms (cache miss)
257 http fetch GET 200 https://registry.npmmirror.com/dotenv 2515ms (cache miss)
258 http fetch GET 200 https://registry.npmmirror.com/@netlify%2fblobs 2556ms (cache miss)
259 http fetch GET 200 https://registry.npmmirror.com/chalk 2683ms (cache miss)
260 http fetch GET 200 https://registry.npmmirror.com/tomlify-j0.4 2690ms (cache miss)
261 http fetch GET 200 https://registry.npmmirror.com/@netlify%2fconfig 2743ms (cache miss)
262 http fetch GET 200 https://registry.npmmirror.com/ascii-table 2748ms (cache miss)
263 http fetch GET 200 https://registry.npmmirror.com/@octokit%2frest 2953ms (cache miss)
264 http fetch GET 200 https://registry.npmmirror.com/cron-parser 3036ms (cache miss)
265 http fetch GET 200 https://registry.npmmirror.com/multiparty 3274ms (cache miss)
266 http fetch GET 200 https://registry.npmmirror.com/envinfo 3409ms (cache miss)
267 http fetch GET 200 https://registry.npmmirror.com/strip-ansi-control-characters 3467ms (cache miss)
268 http fetch GET 200 https://registry.npmmirror.com/@netlify%2fbuild 3758ms (cache miss)
269 http fetch GET 200 https://registry.npmmirror.com/is-stream 15406ms attempt #2 (cache miss)
270 timing idealTree:#root Completed in 15485ms
271 timing idealTree:buildDeps Completed in 15485ms
272 timing idealTree:fixDepFlags Completed in 1ms
273 timing idealTree Completed in 15490ms
274 timing reify:loadTrees Completed in 15490ms
275 timing reify:diffTrees Completed in 0ms
276 silly reify moves {}
277 timing reify:retireShallow Completed in 0ms
278 timing reify:createSparse Completed in 2ms
279 silly tarball no local data for netlify-cli@https://registry.npmmirror.com/netlify-cli/-/netlify-cli-17.38.1.tgz. Extracting by manifest.
280 http fetch GET 200 https://cdn.npmmirror.com/packages/netlify-cli/17.38.1/netlify-cli-17.38.1.tgz 2592ms (cache miss)
281 timing reifyNode:node_modules/netlify-cli Completed in 2596ms
282 timing arborist:ctor Completed in 0ms
283 timing reify:diffTrees Completed in 15ms
284 timing reify:createSparse Completed in 243ms
285 timing reify:loadShrinkwraps Completed in 3070ms
286 silly tarball no local data for @parcel/watcher-wasm@https://registry.npmmirror.com/@parcel/watcher-wasm/-/watcher-wasm-2.4.0.tgz. Extracting by manifest.
287 http fetch GET 200 https://cdn.npmmirror.com/packages/%40parcel/watcher-wasm/2.4.0/watcher-wasm-2.4.0.tgz 895ms (cache miss)
288 timing reifyNode:node_modules/netlify-cli/node_modules/@parcel/watcher-wasm Completed in 898ms
289 timing arborist:ctor Completed in 0ms
290 timing reify:diffTrees Completed in 12ms
291 timing reify:loadBundles Completed in 918ms
292 silly audit bulk request {
292 silly audit   'netlify-cli': [ '17.38.1' ],
292 silly audit   '@babel/code-frame': [ '7.26.0' ],
292 silly audit   '@babel/helper-string-parser': [ '7.25.9' ],
292 silly audit   '@babel/helper-validator-identifier': [ '7.25.9' ],
292 silly audit   '@babel/parser': [ '7.26.1' ],
292 silly audit   '@babel/types': [ '7.26.3' ],
292 silly audit   '@bugsnag/browser': [ '7.25.0' ],
292 silly audit   '@bugsnag/core': [ '7.25.0' ],
292 silly audit   '@bugsnag/cuid': [ '3.1.1' ],
292 silly audit   '@bugsnag/js': [ '7.25.0' ],
292 silly audit   '@bugsnag/node': [ '7.25.0' ],
292 silly audit   '@bugsnag/safe-json-stringify': [ '6.0.0' ],
292 silly audit   '@colors/colors': [ '1.5.0', '1.6.0' ],
292 silly audit   '@cspotcode/source-map-support': [ '0.8.1' ],
292 silly audit   '@dabh/diagnostics': [ '2.0.2' ],
292 silly audit   '@dependents/detective-less': [ '4.1.0' ],
292 silly audit   '@esbuild/aix-ppc64': [ '0.19.11', '0.21.2' ],
292 silly audit   '@esbuild/android-arm': [ '0.19.11', '0.21.2' ],
292 silly audit   '@esbuild/android-arm64': [ '0.19.11', '0.21.2' ],
292 silly audit   '@esbuild/android-x64': [ '0.19.11', '0.21.2' ],
292 silly audit   '@esbuild/darwin-arm64': [ '0.19.11', '0.21.2' ],
292 silly audit   '@esbuild/darwin-x64': [ '0.19.11', '0.21.2' ],
292 silly audit   '@esbuild/freebsd-arm64': [ '0.19.11', '0.21.2' ],
292 silly audit   '@esbuild/freebsd-x64': [ '0.19.11', '0.21.2' ],
292 silly audit   '@esbuild/linux-arm': [ '0.19.11', '0.21.2' ],
292 silly audit   '@esbuild/linux-arm64': [ '0.19.11', '0.21.2' ],
292 silly audit   '@esbuild/linux-ia32': [ '0.19.11', '0.21.2' ],
292 silly audit   '@esbuild/linux-loong64': [ '0.19.11', '0.21.2' ],
292 silly audit   '@esbuild/linux-mips64el': [ '0.19.11', '0.21.2' ],
292 silly audit   '@esbuild/linux-ppc64': [ '0.19.11', '0.21.2' ],
292 silly audit   '@esbuild/linux-riscv64': [ '0.19.11', '0.21.2' ],
292 silly audit   '@esbuild/linux-s390x': [ '0.19.11', '0.21.2' ],
292 silly audit   '@esbuild/linux-x64': [ '0.19.11', '0.21.2' ],
292 silly audit   '@esbuild/netbsd-x64': [ '0.19.11', '0.21.2' ],
292 silly audit   '@esbuild/openbsd-x64': [ '0.19.11', '0.21.2' ],
292 silly audit   '@esbuild/sunos-x64': [ '0.19.11', '0.21.2' ],
292 silly audit   '@esbuild/win32-arm64': [ '0.19.11', '0.21.2' ],
292 silly audit   '@esbuild/win32-ia32': [ '0.19.11', '0.21.2' ],
292 silly audit   '@esbuild/win32-x64': [ '0.19.11', '0.21.2' ],
292 silly audit   '@fastify/accept-negotiator': [ '1.1.0' ],
292 silly audit   '@fastify/ajv-compiler': [ '3.5.0' ],
292 silly audit   ajv: [ '8.12.0', '8.17.1', '6.12.6' ],
292 silly audit   'json-schema-traverse': [ '1.0.0', '0.4.1' ],
292 silly audit   '@fastify/error': [ '3.4.1' ],
292 silly audit   '@fastify/fast-json-stringify-compiler': [ '4.3.0' ],
292 silly audit   '@fastify/merge-json-schemas': [ '0.1.1' ],
292 silly audit   '@fastify/send': [ '2.0.1' ],
292 silly audit   depd: [ '2.0.0', '1.1.2' ],
292 silly audit   'http-errors': [ '2.0.0', '1.8.1' ],
292 silly audit   mime: [ '3.0.0', '1.6.0' ],
292 silly audit   '@fastify/static': [ '7.0.4' ],
292 silly audit   'brace-expansion': [ '2.0.1', '1.1.11' ],
292 silly audit   glob: [ '10.3.15', '8.1.0', '10.4.1', '7.2.3' ],
292 silly audit   minimatch: [ '9.0.4', '9.0.5', '5.1.6', '3.1.2' ],
292 silly audit   minipass: [ '7.1.1', '7.1.2', '3.3.6', '5.0.0' ],
292 silly audit   '@humanwhocodes/momoa': [ '2.0.4' ],
292 silly audit   '@iarna/toml': [ '2.2.5' ],
292 silly audit   '@import-maps/resolve': [ '1.0.1' ],
292 silly audit   '@ioredis/commands': [ '1.2.0' ],
292 silly audit   '@isaacs/cliui': [ '8.0.2' ],
292 silly audit   'emoji-regex': [ '9.2.2', '10.3.0', '8.0.0', '10.4.0' ],
292 silly audit   'string-width': [ '5.1.2', '7.1.0', '2.1.1', '7.2.0', '4.2.3' ],
292 silly audit   'wrap-ansi': [ '8.1.0', '9.0.0', '7.0.0' ],
292 silly audit   '@jest/types': [ '27.5.1' ],
292 silly audit   '@types/yargs': [ '16.0.4' ],
292 silly audit   'ansi-styles': [ '4.3.0', '6.2.1', '3.2.1', '5.2.0' ],
292 silly audit   chalk: [ '4.1.2', '5.3.0', '2.4.2' ],
292 silly audit   'color-convert': [ '2.0.1', '1.9.3' ],
292 silly audit   'color-name': [ '1.1.4', '1.1.3' ],
292 silly audit   'supports-color': [ '7.2.0', '5.5.0', '9.4.0' ],
292 silly audit   '@jridgewell/resolve-uri': [ '3.1.0' ],
292 silly audit   '@jridgewell/sourcemap-codec': [ '1.4.15' ],
292 silly audit   '@jridgewell/trace-mapping': [ '0.3.9' ],
292 silly audit   '@lukeed/ms': [ '2.0.1' ],
292 silly audit   '@mapbox/node-pre-gyp': [ '1.0.11' ],
292 silly audit   'https-proxy-agent': [ '5.0.1', '7.0.5' ],
292 silly audit   'node-fetch': [ '2.7.0', '3.3.2' ],
292 silly audit   '@netlify/binary-info': [ '1.0.0' ],
292 silly audit   '@netlify/blobs': [ '8.1.0', '7.4.0', '6.5.0' ],
292 silly audit   '@netlify/build': [ '29.58.0' ],
292 silly audit   '@netlify/build-info': [ '7.17.0' ],
292 silly audit   'dot-prop': [ '7.2.0', '6.0.1', '9.0.0' ],
292 silly audit   'find-up': [ '6.3.0', '7.0.0' ],
292 silly audit   'path-exists': [ '5.0.0' ],
292 silly audit   'read-pkg': [ '7.1.0', '9.0.1' ],
292 silly audit   yaml: [ '2.6.1' ],
292 silly audit   'ansi-escapes': [ '6.2.1', '7.0.0', '4.3.2', '3.2.0', '5.0.0' ],
292 silly audit   'escape-string-regexp': [ '5.0.0', '1.0.5' ],
292 silly audit   execa: [ '6.1.0', '8.0.1', '5.1.1' ],
292 silly audit   figures: [ '5.0.0', '3.2.0', '2.0.0', '4.0.1' ],
292 silly audit   'human-signals': [ '3.0.1', '5.0.0', '2.1.0' ],
292 silly audit   'indent-string': [ '5.0.0' ],
292 silly audit   'is-stream': [ '3.0.0', '2.0.1', '4.0.1' ],
292 silly audit   'map-obj': [ '5.0.2' ],
292 silly audit   'npm-run-path': [ '5.3.0', '5.1.0', '5.2.0', '4.0.1' ],
292 silly audit   onetime: [ '6.0.0', '7.0.0', '5.1.2', '2.0.1' ],
292 silly audit   'p-filter': [ '3.0.0', '4.1.0' ],
292 silly audit   'p-map': [ '5.5.0', '6.0.0', '2.1.0', '7.0.2' ],
292 silly audit   'p-limit': [ '4.0.0' ],
292 silly audit   'p-locate': [ '6.0.0' ],
292 silly audit   'path-type': [ '5.0.0', '4.0.0' ],
292 silly audit   'pkg-dir': [ '7.0.0' ],
292 silly audit   'strip-final-newline': [ '3.0.0', '2.0.0' ],
292 silly audit   'yocto-queue': [ '1.1.1', '1.0.0' ],
292 silly audit   '@netlify/cache-utils': [ '5.2.0' ],
292 silly audit   globby: [ '13.2.2', '11.1.0' ],
292 silly audit   slash: [ '4.0.0', '3.0.0' ],
292 silly audit   '@netlify/config': [ '20.21.0' ],
292 silly audit   '@netlify/edge-bundler': [ '12.3.1' ],
292 silly audit   'ajv-errors': [ '3.0.0' ],
292 silly audit   esbuild: [ '0.21.2', '0.19.11' ],
292 silly audit   'fast-uri': [ '3.0.3', '2.2.0' ],
292 silly audit   'get-port': [ '6.1.2', '5.1.1' ],
292 silly audit   'p-timeout': [ '5.1.0', '3.2.0', '6.1.3' ],
292 silly audit   'p-wait-for': [ '4.1.0', '5.0.2' ],
292 silly audit   '@netlify/edge-functions': [ '2.11.1' ],
292 silly audit   '@netlify/framework-info': [ '9.9.0' ],
292 silly audit   '@netlify/functions-utils': [ '5.3.1' ],
292 silly audit   '@netlify/git-utils': [ '5.2.0' ],
292 silly audit   '@netlify/headers-parser': [ '7.3.0' ],
292 silly audit   '@netlify/local-functions-proxy': [ '1.1.1' ],
292 silly audit   '@netlify/local-functions-proxy-darwin-arm64': [ '1.1.1' ],
292 silly audit   '@netlify/local-functions-proxy-darwin-x64': [ '1.1.1' ],
292 silly audit   '@netlify/local-functions-proxy-freebsd-arm64': [ '1.1.1' ],
292 silly audit   '@netlify/local-functions-proxy-freebsd-x64': [ '1.1.1' ],
292 silly audit   '@netlify/local-functions-proxy-linux-arm': [ '1.1.1' ],
292 silly audit   '@netlify/local-functions-proxy-linux-arm64': [ '1.1.1' ],
292 silly audit   '@netlify/local-functions-proxy-linux-ia32': [ '1.1.1' ],
292 silly audit   '@netlify/local-functions-proxy-linux-ppc64': [ '1.1.1' ],
292 silly audit   '@netlify/local-functions-proxy-linux-x64': [ '1.1.1' ],
292 silly audit   '@netlify/local-functions-proxy-openbsd-x64': [ '1.1.1' ],
292 silly audit   '@netlify/local-functions-proxy-win32-ia32': [ '1.1.1' ],
292 silly audit   '@netlify/local-functions-proxy-win32-x64': [ '1.1.1' ],
292 silly audit   '@netlify/node-cookies': [ '0.1.0' ],
292 silly audit   '@netlify/open-api': [ '2.35.0' ],
292 silly audit   '@netlify/opentelemetry-utils': [ '1.3.0' ],
292 silly audit   '@netlify/plugins-list': [ '6.80.0' ],
292 silly audit   '@netlify/redirect-parser': [ '14.5.0' ],
292 silly audit   '@netlify/run-utils': [ '5.2.0' ],
292 silly audit   '@netlify/zip-it-and-ship-it': [ '9.42.1' ],
292 silly audit   '@netlify/serverless-functions-api': [ '1.31.1' ],
292 silly audit   '@nodelib/fs.scandir': [ '2.1.5' ],
292 silly audit   '@nodelib/fs.stat': [ '2.0.5' ],
292 silly audit   '@nodelib/fs.walk': [ '1.2.8' ],
292 silly audit   '@octokit/auth-token': [ '4.0.0' ],
292 silly audit   '@octokit/core': [ '5.2.0' ],
292 silly audit   '@octokit/endpoint': [ '9.0.5' ],
292 silly audit   '@octokit/graphql': [ '7.1.0' ],
292 silly audit   '@octokit/openapi-types': [ '22.2.0' ],
292 silly audit   '@octokit/plugin-paginate-rest': [ '11.3.1' ],
292 silly audit   '@octokit/plugin-request-log': [ '4.0.1' ],
292 silly audit   '@octokit/plugin-rest-endpoint-methods': [ '13.2.2' ],
292 silly audit   '@octokit/request': [ '8.4.0' ],
292 silly audit   '@octokit/request-error': [ '5.1.0' ],
292 silly audit   '@octokit/rest': [ '20.1.1' ],
292 silly audit   '@octokit/types': [ '13.5.0' ],
292 silly audit   '@opentelemetry/api': [ '1.8.0' ],
292 silly audit   '@parcel/watcher': [ '2.4.0' ],
292 silly audit   '@parcel/watcher-android-arm64': [ '2.4.0' ],
292 silly audit   '@parcel/watcher-darwin-arm64': [ '2.4.0' ],
292 silly audit   '@parcel/watcher-darwin-x64': [ '2.4.0' ],
292 silly audit   '@parcel/watcher-freebsd-x64': [ '2.4.0' ],
292 silly audit   '@parcel/watcher-linux-arm-glibc': [ '2.4.0' ],
292 silly audit   '@parcel/watcher-linux-arm64-glibc': [ '2.4.0' ],
292 silly audit   '@parcel/watcher-linux-arm64-musl': [ '2.4.0' ],
292 silly audit   '@parcel/watcher-linux-x64-glibc': [ '2.4.0' ],
292 silly audit   '@parcel/watcher-linux-x64-musl': [ '2.4.0' ],
292 silly audit   '@parcel/watcher-win32-arm64': [ '2.4.0' ],
292 silly audit   '@parcel/watcher-win32-ia32': [ '2.4.0' ],
292 silly audit   '@parcel/watcher-win32-x64': [ '2.4.0' ],
292 silly audit   'detect-libc': [ '1.0.3', '2.0.2' ],
292 silly audit   '@pkgjs/parseargs': [ '0.11.0' ],
292 silly audit   '@pnpm/config.env-replace': [ '1.1.0' ],
292 silly audit   '@pnpm/network.ca-file': [ '1.0.2' ],
292 silly audit   '@pnpm/npm-conf': [ '2.3.1' ],
292 silly audit   '@rollup/pluginutils': [ '5.1.3' ],
292 silly audit   picomatch: [ '4.0.2', '2.3.1' ],
292 silly audit   '@rollup/rollup-android-arm-eabi': [ '4.22.4' ],
292 silly audit   '@rollup/rollup-android-arm64': [ '4.22.4' ],
292 silly audit   '@rollup/rollup-darwin-arm64': [ '4.22.4' ],
292 silly audit   '@rollup/rollup-darwin-x64': [ '4.22.4' ],
292 silly audit   '@rollup/rollup-linux-arm-gnueabihf': [ '4.22.4' ],
292 silly audit   '@rollup/rollup-linux-arm-musleabihf': [ '4.22.4' ],
292 silly audit   '@rollup/rollup-linux-arm64-gnu': [ '4.22.4' ],
292 silly audit   '@rollup/rollup-linux-arm64-musl': [ '4.22.4' ],
292 silly audit   '@rollup/rollup-linux-powerpc64le-gnu': [ '4.22.4' ],
292 silly audit   '@rollup/rollup-linux-riscv64-gnu': [ '4.22.4' ],
292 silly audit   '@rollup/rollup-linux-s390x-gnu': [ '4.22.4' ],
292 silly audit   '@rollup/rollup-linux-x64-gnu': [ '4.22.4' ],
292 silly audit   '@rollup/rollup-linux-x64-musl': [ '4.22.4' ],
292 silly audit   '@rollup/rollup-win32-arm64-msvc': [ '4.22.4' ],
292 silly audit   '@rollup/rollup-win32-ia32-msvc': [ '4.22.4' ],
292 silly audit   '@rollup/rollup-win32-x64-msvc': [ '4.22.4' ],
292 silly audit   '@sindresorhus/is': [ '5.6.0' ],
292 silly audit   '@sindresorhus/slugify': [ '2.2.1' ],
292 silly audit   '@sindresorhus/transliterate': [ '1.5.0' ],
292 silly audit   '@szmarczak/http-timer': [ '5.0.1' ],
292 silly audit   '@tokenizer/token': [ '0.3.0' ],
292 silly audit   '@trysound/sax': [ '0.2.0' ],
292 silly audit   '@tsconfig/node10': [ '1.0.8' ],
292 silly audit   '@tsconfig/node12': [ '1.0.9' ],
292 silly audit   '@tsconfig/node14': [ '1.0.1' ],
292 silly audit   '@tsconfig/node16': [ '1.0.2' ],
292 silly audit   '@types/body-parser': [ '1.19.2' ],
292 silly audit   '@types/connect': [ '3.4.35' ],
292 silly audit   '@types/estree': [ '1.0.5' ],
292 silly audit   '@types/express': [ '4.17.13' ],
292 silly audit   '@types/express-serve-static-core': [ '4.17.28' ],
292 silly audit   '@types/http-cache-semantics': [ '4.0.4' ],
292 silly audit   '@types/http-proxy': [ '1.17.8' ],
292 silly audit   '@types/istanbul-lib-coverage': [ '2.0.4' ],
292 silly audit   '@types/istanbul-lib-report': [ '3.0.0' ],
292 silly audit   '@types/istanbul-reports': [ '3.0.1' ],
292 silly audit   '@types/mime': [ '1.3.2' ],
292 silly audit   '@types/node': [ '22.10.1' ],
292 silly audit   '@types/normalize-package-data': [ '2.4.4' ],
292 silly audit   '@types/qs': [ '6.9.7' ],
292 silly audit   '@types/range-parser': [ '1.2.4' ],
292 silly audit   '@types/retry': [ '0.12.1' ],
292 silly audit   '@types/serve-static': [ '1.13.10' ],
292 silly audit   '@types/yargs-parser': [ '20.2.1' ],
292 silly audit   '@types/yauzl': [ '2.10.0' ],
292 silly audit   '@vercel/nft': [ '0.27.7' ],
292 silly audit   '@xhmikosr/archive-type': [ '6.0.1' ],
292 silly audit   '@xhmikosr/decompress': [ '9.0.1' ],
292 silly audit   '@xhmikosr/decompress-tar': [ '7.0.0' ],
292 silly audit   '@xhmikosr/decompress-tarbz2': [ '7.0.0' ],
292 silly audit   '@xhmikosr/decompress-targz': [ '7.0.0' ],
292 silly audit   '@xhmikosr/decompress-unzip': [ '6.0.0' ],
292 silly audit   'graceful-fs': [ '4.2.11', '4.2.10' ],
292 silly audit   'make-dir': [ '4.0.0', '3.1.0' ],
292 silly audit   '@xhmikosr/downloader': [ '13.0.1' ],
292 silly audit   'filename-reserved-regex': [ '3.0.0' ],
292 silly audit   filenamify: [ '5.1.1' ],
292 silly audit   'strip-outer': [ '2.0.0' ],
292 silly audit   'trim-repeated': [ '2.0.0' ],
292 silly audit   abbrev: [ '1.1.1' ],
292 silly audit   'abort-controller': [ '3.0.0' ],
292 silly audit   'abstract-logging': [ '2.0.1' ],
292 silly audit   accepts: [ '1.3.8' ],
292 silly audit   acorn: [ '8.11.3' ],
292 silly audit   'acorn-import-attributes': [ '1.9.5' ],
292 silly audit   'acorn-walk': [ '8.3.2' ],
292 silly audit   'agent-base': [ '6.0.2', '7.1.1' ],
292 silly audit   'aggregate-error': [ '4.0.1' ],
292 silly audit   'ajv-formats': [ '2.1.1', '3.0.1' ],
292 silly audit   'all-node-versions': [ '11.3.0' ],
292 silly audit   'write-file-atomic': [ '4.0.2', '3.0.3', '5.0.1' ],
292 silly audit   'ansi-align': [ '3.0.1' ],
292 silly audit   'ansi-regex': [ '5.0.1', '4.1.1', '3.0.1', '6.0.1' ],
292 silly audit   'ansi-to-html': [ '0.7.2' ],
292 silly audit   entities: [ '2.2.0', '4.5.0' ],
292 silly audit   anymatch: [ '3.1.3' ],
292 silly audit   aproba: [ '2.0.0' ],
292 silly audit   archiver: [ '7.0.1' ],
292 silly audit   'archiver-utils': [ '5.0.2' ],
292 silly audit   buffer: [ '6.0.3', '5.7.1' ],
292 silly audit   jackspeak: [ '3.1.2', '2.3.6' ],
292 silly audit   'readable-stream': [ '4.5.2', '2.3.8', '3.6.2' ],
292 silly audit   'safe-buffer': [ '5.2.1', '5.1.2' ],
292 silly audit   string_decoder: [ '1.3.0', '1.1.1' ],
292 silly audit   'buffer-crc32': [ '1.0.0', '0.2.13' ],
292 silly audit   archy: [ '1.0.0' ],
292 silly audit   'are-we-there-yet': [ '2.0.0' ],
292 silly audit   arg: [ '4.1.3' ],
292 silly audit   argparse: [ '2.0.1' ],
292 silly audit   'array-flatten': [ '1.1.1' ],
292 silly audit   'array-timsort': [ '1.0.3' ],
292 silly audit   'array-union': [ '2.1.0' ],
292 silly audit   arrify: [ '3.0.0' ],
292 silly audit   'ascii-table': [ '0.0.9' ],
292 silly audit   'ast-module-types': [ '5.0.0' ],
292 silly audit   async: [ '3.2.4', '1.5.2' ],
292 silly audit   'async-sema': [ '3.1.1' ],
292 silly audit   'atomic-sleep': [ '1.0.0' ],
292 silly audit   atomically: [ '2.0.3' ],
292 silly audit   avvio: [ '8.3.0' ],
292 silly audit   b4a: [ '1.6.4' ],
292 silly audit   backoff: [ '2.5.0' ],
292 silly audit   'balanced-match': [ '1.0.2' ],
292 silly audit   'base64-js': [ '1.5.1' ],
292 silly audit   'before-after-hook': [ '2.2.2' ],
292 silly audit   'better-ajv-errors': [ '1.2.0' ],
292 silly audit   'better-opn': [ '3.0.2' ],
292 silly audit   'binary-extensions': [ '2.2.0' ],
292 silly audit   bindings: [ '1.5.0' ],
292 silly audit   bl: [ '4.1.0' ],
292 silly audit   'blueimp-md5': [ '2.19.0' ],
292 silly audit   'body-parser': [ '1.20.3' ],
292 silly audit   debug: [ '2.6.9', '4.3.7' ],
292 silly audit   ms: [ '2.0.0', '2.1.3' ],
292 silly audit   boolbase: [ '1.0.0' ],
292 silly audit   boxen: [ '7.1.1', '8.0.1' ],
292 silly audit   camelcase: [ '7.0.1', '6.3.0', '8.0.0' ],
292 silly audit   braces: [ '3.0.3' ],
292 silly audit   'buffer-equal-constant-time': [ '1.0.1' ],
292 silly audit   'buffer-from': [ '1.1.2' ],
292 silly audit   'builtin-modules': [ '3.2.0' ],
292 silly audit   builtins: [ '5.1.0' ],
292 silly audit   byline: [ '5.0.0' ],
292 silly audit   bytes: [ '3.1.2' ],
292 silly audit   'cacheable-lookup': [ '7.0.0' ],
292 silly audit   'cacheable-request': [ '10.2.14' ],
292 silly audit   cachedir: [ '2.3.0' ],
292 silly audit   'call-bind': [ '1.0.7' ],
292 silly audit   callsite: [ '1.0.0' ],
292 silly audit   chardet: [ '0.7.0' ],
292 silly audit   chokidar: [ '3.6.0' ],
292 silly audit   chownr: [ '2.0.0', '1.1.4' ],
292 silly audit   'ci-info': [ '4.1.0' ],
292 silly audit   citty: [ '0.1.6' ],
292 silly audit   'clean-deep': [ '3.4.0' ],
292 silly audit   'clean-stack': [ '4.2.0' ],
292 silly audit   'cli-boxes': [ '3.0.0' ],
292 silly audit   'cli-cursor': [ '2.1.0', '5.0.0' ],
292 silly audit   'cli-progress': [ '3.12.0' ],
292 silly audit   'cli-spinners': [ '2.9.2' ],
292 silly audit   'cli-truncate': [ '4.0.0' ],
292 silly audit   'cli-width': [ '2.2.1' ],
292 silly audit   clipboardy: [ '4.0.0' ],
292 silly audit   'get-stream': [ '8.0.1', '5.2.0', '6.0.1' ],
292 silly audit   'signal-exit': [ '4.1.0', '3.0.7' ],
292 silly audit   'cluster-key-slot': [ '1.1.2' ],
292 silly audit   color: [ '3.2.1', '4.2.3' ],
292 silly audit   'color-string': [ '1.9.0' ],
292 silly audit   'color-support': [ '1.1.3' ],
292 silly audit   colorette: [ '2.0.20' ],
292 silly audit   colors: [ '1.4.0' ],
292 silly audit   'colors-option': [ '3.0.0', '4.5.0' ],
292 silly audit   'filter-obj': [ '3.0.0', '5.1.0' ],
292 silly audit   colorspace: [ '1.1.4' ],
292 silly audit   commander: [ '10.0.1', '2.20.3', '7.2.0', '9.5.0' ],
292 silly audit   'comment-json': [ '4.2.5' ],
292 silly audit   'core-util-is': [ '1.0.3', '1.0.2' ],
292 silly audit   'common-path-prefix': [ '3.0.0' ],
292 silly audit   'compress-commons': [ '6.0.2' ],
292 silly audit   'concat-map': [ '0.0.1' ],
292 silly audit   concordance: [ '5.0.4' ],
292 silly audit   'config-chain': [ '1.1.13' ],
292 silly audit   ini: [ '1.3.8', '4.1.1' ],
292 silly audit   configstore: [ '6.0.0', '7.0.0' ],
292 silly audit   consola: [ '3.2.3' ],
292 silly audit   'console-control-strings': [ '1.1.0' ],
292 silly audit   'content-disposition': [ '0.5.4' ],
292 silly audit   'content-type': [ '1.0.5' ],
292 silly audit   cookie: [ '0.7.2', '0.7.1' ],
292 silly audit   'cookie-es': [ '1.0.0' ],
292 silly audit   'cookie-signature': [ '1.0.6' ],
292 silly audit   'cp-file': [ '10.0.0', '9.1.0' ],
292 silly audit   cpy: [ '9.0.1' ],
292 silly audit   'p-event': [ '4.2.0', '5.0.1' ],
292 silly audit   'crc-32': [ '1.2.2' ],
292 silly audit   'crc32-stream': [ '6.0.0' ],
292 silly audit   'create-require': [ '1.1.1' ],
292 silly audit   'cron-parser': [ '4.9.0' ],
292 silly audit   'cross-spawn': [ '7.0.6' ],
292 silly audit   'path-key': [ '3.1.1', '4.0.0' ],
292 silly audit   crossws: [ '0.1.1' ],
292 silly audit   'crypto-random-string': [ '4.0.0' ],
292 silly audit   'type-fest': [
292 silly audit     '1.4.0',  '4.18.2',
292 silly audit     '0.8.1',  '0.21.3',
292 silly audit     '4.12.0', '2.19.0',
292 silly audit     '4.26.1'
292 silly audit   ],
292 silly audit   'css-select': [ '5.1.0' ],
292 silly audit   'css-tree': [ '2.3.1', '2.2.1' ],
292 silly audit   'css-what': [ '6.1.0' ],
292 silly audit   cssfilter: [ '0.0.10' ],
292 silly audit   csso: [ '5.0.5' ],
292 silly audit   'mdn-data': [ '2.0.28', '2.0.30' ],
292 silly audit   cyclist: [ '1.0.1' ],
292 silly audit   'data-uri-to-buffer': [ '4.0.0' ],
292 silly audit   'date-time': [ '3.1.0' ],
292 silly audit   decache: [ '4.6.2' ],
292 silly audit   'decompress-response': [ '6.0.0' ],
292 silly audit   'mimic-response': [ '3.1.0', '4.0.0' ],
292 silly audit   'deep-extend': [ '0.6.0' ],
292 silly audit   deepmerge: [ '4.3.1' ],
292 silly audit   'defer-to-connect': [ '2.0.1' ],
292 silly audit   'define-data-property': [ '1.1.4' ],
292 silly audit   'define-lazy-prop': [ '2.0.0' ],
292 silly audit   defu: [ '6.1.4' ],
292 silly audit   delegates: [ '1.0.0' ],
292 silly audit   denque: [ '2.1.0' ],
292 silly audit   deprecation: [ '2.3.1' ],
292 silly audit   destr: [ '2.0.2' ],
292 silly audit   destroy: [ '1.2.0' ],
292 silly audit   'detective-amd': [ '5.0.2' ],
292 silly audit   'detective-cjs': [ '5.0.1' ],
292 silly audit   'detective-es6': [ '4.0.1' ],
292 silly audit   'detective-postcss': [ '6.1.3' ],
292 silly audit   'detective-sass': [ '5.0.3' ],
292 silly audit   'detective-scss': [ '4.0.3' ],
292 silly audit   'detective-stylus': [ '4.0.0' ],
292 silly audit   'detective-typescript': [ '11.2.0' ],
292 silly audit   '@typescript-eslint/types': [ '5.62.0' ],
292 silly audit   '@typescript-eslint/typescript-estree': [ '5.62.0' ],
292 silly audit   '@typescript-eslint/visitor-keys': [ '5.62.0' ],
292 silly audit   'eslint-visitor-keys': [ '3.4.3' ],
292 silly audit   typescript: [ '5.4.5', '5.1.6' ],
292 silly audit   'dir-glob': [ '3.0.1' ],
292 silly audit   'dom-serializer': [ '2.0.0' ],
292 silly audit   domelementtype: [ '2.3.0' ],
292 silly audit   domhandler: [ '5.0.3' ],
292 silly audit   domutils: [ '3.1.0' ],
292 silly audit   dotenv: [ '16.4.7' ],
292 silly audit   eastasianwidth: [ '0.2.0' ],
292 silly audit   'ecdsa-sig-formatter': [ '1.0.11' ],
292 silly audit   'ee-first': [ '1.1.1' ],
292 silly audit   enabled: [ '2.0.0' ],
292 silly audit   encodeurl: [ '2.0.0', '1.0.2' ],
292 silly audit   'end-of-stream': [ '1.4.4' ],
292 silly audit   'env-paths': [ '3.0.0' ],
292 silly audit   envinfo: [ '7.14.0' ],
292 silly audit   environment: [ '1.1.0' ],
292 silly audit   'error-ex': [ '1.3.2' ],
292 silly audit   'error-stack-parser': [ '2.1.4' ],
292 silly audit   'es-define-property': [ '1.0.0' ],
292 silly audit   'es-errors': [ '1.3.0' ],
292 silly audit   'es-module-lexer': [ '1.5.3' ],
292 silly audit   'es6-promisify': [ '6.1.1' ],
292 silly audit   escalade: [ '3.1.1' ],
292 silly audit   'escape-goat': [ '4.0.0' ],
292 silly audit   'escape-html': [ '1.0.3' ],
292 silly audit   escodegen: [ '2.1.0' ],
292 silly audit   esprima: [ '4.0.1' ],
292 silly audit   estraverse: [ '5.3.0' ],
292 silly audit   'estree-walker': [ '2.0.2' ],
292 silly audit   esutils: [ '2.0.3' ],
292 silly audit   etag: [ '1.8.1' ],
292 silly audit   'event-target-shim': [ '5.0.1' ],
292 silly audit   eventemitter3: [ '4.0.7', '5.0.1' ],
292 silly audit   events: [ '3.3.0' ],
292 silly audit   'expand-template': [ '2.0.3' ],
292 silly audit   express: [ '4.21.2' ],
292 silly audit   'express-logging': [ '1.1.1' ],
292 silly audit   'path-to-regexp': [ '0.1.12' ],
292 silly audit   'ext-list': [ '2.2.2' ],
292 silly audit   'ext-name': [ '5.0.0' ],
292 silly audit   'external-editor': [ '3.1.0' ],
292 silly audit   'extract-zip': [ '2.0.1' ],
292 silly audit   'fast-content-type-parse': [ '1.1.0' ],
292 silly audit   'fast-decode-uri-component': [ '1.0.1' ],
292 silly audit   'fast-deep-equal': [ '3.1.3' ],
292 silly audit   'fast-diff': [ '1.2.0' ],
292 silly audit   'fast-equals': [ '3.0.3' ],
292 silly audit   'fast-fifo': [ '1.3.0' ],
292 silly audit   'fast-glob': [ '3.3.2' ],
292 silly audit   'fast-json-stable-stringify': [ '2.1.0' ],
292 silly audit   'fast-json-stringify': [ '5.15.1' ],
292 silly audit   'fast-querystring': [ '1.0.0' ],
292 silly audit   'fast-redact': [ '3.1.2' ],
292 silly audit   'fast-safe-stringify': [ '2.1.1' ],
292 silly audit   'fastest-levenshtein': [ '1.0.16' ],
292 silly audit   fastify: [ '4.28.1' ],
292 silly audit   'fastify-plugin': [ '4.4.0' ],
292 silly audit   'process-warning': [ '3.0.0', '4.0.0' ],
292 silly audit   fastq: [ '1.17.1' ],
292 silly audit   'fd-slicer': [ '1.1.0' ],
292 silly audit   fdir: [ '6.0.1' ],
292 silly audit   fecha: [ '4.2.1' ],
292 silly audit   'fetch-blob': [ '3.1.4' ],
292 silly audit   'fetch-node-website': [ '7.3.0' ],
292 silly audit   'file-type': [ '18.5.0' ],
292 silly audit   'file-uri-to-path': [ '1.0.0' ],
292 silly audit   'fill-range': [ '7.1.1' ],
292 silly audit   finalhandler: [ '1.3.1' ],
292 silly audit   'find-my-way': [ '8.2.2' ],
292 silly audit   'find-up-simple': [ '1.0.0' ],
292 silly audit   'flush-write-stream': [ '2.0.0' ],
292 silly audit   'fn.name': [ '1.1.0' ],
292 silly audit   'folder-walker': [ '3.2.0' ],
292 silly audit   'follow-redirects': [ '1.15.6' ],
292 silly audit   'foreground-child': [ '3.1.1' ],
292 silly audit   'form-data-encoder': [ '2.1.3' ],
292 silly audit   'formdata-polyfill': [ '4.0.10' ],
292 silly audit   forwarded: [ '0.2.0' ],
292 silly audit   fresh: [ '0.5.2' ],
292 silly audit   from2: [ '2.3.0' ],
292 silly audit   'from2-array': [ '0.0.4' ],
292 silly audit   'fs-constants': [ '1.0.0' ],
292 silly audit   'fs-minipass': [ '2.1.0' ],
292 silly audit   'fs.realpath': [ '1.0.0' ],
292 silly audit   fsevents: [ '2.3.3' ],
292 silly audit   'function-bind': [ '1.1.2' ],
292 silly audit   fuzzy: [ '0.1.3' ],
292 silly audit   gauge: [ '3.0.2' ],
292 silly audit   'strip-ansi': [ '6.0.1', '4.0.0', '5.2.0', '7.1.0' ],
292 silly audit   'get-amd-module-type': [ '5.0.1' ],
292 silly audit   'get-caller-file': [ '2.0.5' ],
292 silly audit   'get-east-asian-width': [ '1.2.0' ],
292 silly audit   'get-intrinsic': [ '1.2.4' ],
292 silly audit   'get-package-name': [ '2.2.0' ],
292 silly audit   'get-port-please': [ '3.1.2' ],
292 silly audit   'gh-release-fetch': [ '4.0.3' ],
292 silly audit   'git-repo-info': [ '2.1.1' ],
292 silly audit   gitconfiglocal: [ '2.1.0' ],
292 silly audit   'github-from-package': [ '0.0.0' ],
292 silly audit   'glob-parent': [ '5.1.2' ],
292 silly audit   'global-cache-dir': [ '4.4.0' ],
292 silly audit   'global-directory': [ '4.0.1' ],
292 silly audit   'gonzales-pe': [ '4.3.0' ],
292 silly audit   gopd: [ '1.0.1' ],
292 silly audit   got: [ '12.6.1' ],
292 silly audit   h3: [ '1.10.1' ],
292 silly audit   has: [ '1.0.3' ],
292 silly audit   'has-flag': [ '4.0.0', '3.0.0' ],
292 silly audit   'has-own-prop': [ '2.0.0' ],
292 silly audit   'has-property-descriptors': [ '1.0.2' ],
292 silly audit   'has-proto': [ '1.0.3' ],
292 silly audit   'has-symbols': [ '1.0.3' ],
292 silly audit   'has-unicode': [ '2.0.1' ],
292 silly audit   hasbin: [ '1.2.3' ],
292 silly audit   hasha: [ '5.2.2' ],
292 silly audit   hasown: [ '2.0.2' ],
292 silly audit   'hosted-git-info': [ '4.1.0', '7.0.1' ],
292 silly audit   'hot-shots': [ '10.2.1' ],
292 silly audit   'http-cache-semantics': [ '4.1.1' ],
292 silly audit   statuses: [ '1.5.0', '2.0.1' ],
292 silly audit   'http-proxy': [ '1.18.1' ],
292 silly audit   'http-proxy-middleware': [ '2.0.7' ],
292 silly audit   'is-plain-obj': [ '3.0.0', '4.1.0', '2.1.0', '1.1.0' ],
292 silly audit   'http-shutdown': [ '1.2.2' ],
292 silly audit   'http2-wrapper': [ '2.2.1' ],
292 silly audit   'iconv-lite': [ '0.4.24' ],
292 silly audit   ieee754: [ '1.2.1' ],
292 silly audit   ignore: [ '5.2.4' ],
292 silly audit   'image-meta': [ '0.2.0' ],
292 silly audit   imurmurhash: [ '0.1.4' ],
292 silly audit   'index-to-position': [ '0.1.2' ],
292 silly audit   inflight: [ '1.0.6' ],
292 silly audit   inherits: [ '2.0.4' ],
292 silly audit   inquirer: [ '6.5.2' ],
292 silly audit   'inquirer-autocomplete-prompt': [ '1.4.0' ],
292 silly audit   'is-fullwidth-code-point': [ '2.0.0', '4.0.0', '5.0.0', '3.0.0' ],
292 silly audit   'inspect-with-kind': [ '1.0.5' ],
292 silly audit   ioredis: [ '5.3.2' ],
292 silly audit   'ipaddr.js': [ '1.9.1' ],
292 silly audit   ipx: [ '2.1.0' ],
292 silly audit   'lru-cache': [ '10.2.0', '6.0.0', '10.2.2' ],
292 silly audit   unstorage: [ '1.10.1' ],
292 silly audit   'iron-webcrypto': [ '1.0.0' ],
292 silly audit   'is-arrayish': [ '0.2.1', '0.3.2' ],
292 silly audit   'is-binary-path': [ '2.1.0' ],
292 silly audit   'is-builtin-module': [ '3.1.0' ],
292 silly audit   'is-core-module': [ '2.13.0' ],
292 silly audit   'is-docker': [ '3.0.0', '2.2.1' ],
292 silly audit   'is-extglob': [ '2.1.1' ],
292 silly audit   'is-glob': [ '4.0.3' ],
292 silly audit   'is-in-ci': [ '1.0.0' ],
292 silly audit   'is-inside-container': [ '1.0.0' ],
292 silly audit   'is-installed-globally': [ '1.0.0' ],
292 silly audit   'is-interactive': [ '2.0.0' ],
292 silly audit   'is-npm': [ '6.0.0' ],
292 silly audit   'is-number': [ '7.0.0' ],
292 silly audit   'is-obj': [ '2.0.0' ],
292 silly audit   'is-path-inside': [ '4.0.0' ],
292 silly audit   'is-typedarray': [ '1.0.0' ],
292 silly audit   'is-unicode-supported': [ '1.3.0', '2.1.0' ],
292 silly audit   'is-url': [ '1.2.4' ],
292 silly audit   'is-url-superb': [ '4.0.0' ],
292 silly audit   'is-wsl': [ '3.1.0', '2.2.0' ],
292 silly audit   is64bit: [ '2.0.0' ],
292 silly audit   isarray: [ '1.0.0' ],
292 silly audit   iserror: [ '0.0.2' ],
292 silly audit   isexe: [ '3.1.1', '2.0.0' ],
292 silly audit   'jest-get-type': [ '27.5.1' ],
292 silly audit   'jest-validate': [ '27.5.1' ],
292 silly audit   jiti: [ '1.21.0' ],
292 silly audit   'js-string-escape': [ '1.0.1' ],
292 silly audit   'js-tokens': [ '4.0.0' ],
292 silly audit   'js-yaml': [ '4.1.0' ],
292 silly audit   'json-buffer': [ '3.0.1' ],
292 silly audit   'json-parse-even-better-errors': [ '2.3.1' ],
292 silly audit   'json-schema-ref-resolver': [ '1.0.1' ],
292 silly audit   'jsonc-parser': [ '3.2.0' ],
292 silly audit   jsonpointer: [ '5.0.1' ],
292 silly audit   jsonwebtoken: [ '9.0.2' ],
292 silly audit   junk: [ '4.0.1' ],
292 silly audit   jwa: [ '1.4.1' ],
292 silly audit   jws: [ '3.2.2' ],
292 silly audit   'jwt-decode': [ '4.0.0' ],
292 silly audit   'keep-func-props': [ '4.0.1' ],
292 silly audit   keyv: [ '4.5.4' ],
292 silly audit   'kind-of': [ '6.0.3' ],
292 silly audit   kuler: [ '2.0.0' ],
292 silly audit   ky: [ '1.7.2' ],
292 silly audit   'lambda-local': [ '2.2.0' ],
292 silly audit   'latest-version': [ '9.0.0' ],
292 silly audit   lazystream: [ '1.0.1' ],
292 silly audit   leven: [ '3.1.0' ],
292 silly audit   'light-my-request': [ '5.14.0' ],
292 silly audit   'lines-and-columns': [ '1.2.4' ],
292 silly audit   listhen: [ '1.6.0' ],
292 silly audit   listr2: [ '8.2.5' ],
292 silly audit   'locate-path': [ '7.2.0' ],
292 silly audit   lodash: [ '4.17.21' ],
292 silly audit   'lodash-es': [ '4.17.21' ],
292 silly audit   'lodash.deburr': [ '4.1.0' ],
292 silly audit   'lodash.defaults': [ '4.2.0' ],
292 silly audit   'lodash.includes': [ '4.3.0' ],
292 silly audit   'lodash.isarguments': [ '3.1.0' ],
292 silly audit   'lodash.isboolean': [ '3.0.3' ],
292 silly audit   'lodash.isempty': [ '4.4.0' ],
292 silly audit   'lodash.isinteger': [ '4.0.4' ],
292 silly audit   'lodash.isnumber': [ '3.0.3' ],
292 silly audit   'lodash.isplainobject': [ '4.0.6' ],
292 silly audit   'lodash.isstring': [ '4.0.1' ],
292 silly audit   'lodash.once': [ '4.1.1' ],
292 silly audit   'lodash.transform': [ '4.6.0' ],
292 silly audit   'log-process-errors': [ '8.0.0' ],
292 silly audit   'log-symbols': [ '6.0.0' ],
292 silly audit   'log-update': [ '6.1.0' ],
292 silly audit   'restore-cursor': [ '5.1.0', '2.0.0' ],
292 silly audit   'slice-ansi': [ '7.1.0', '5.0.0' ],
292 silly audit   logform: [ '2.4.0' ],
292 silly audit   'lowercase-keys': [ '3.0.0' ],
292 silly audit   luxon: [ '3.2.1' ],
292 silly audit   'macos-release': [ '3.0.1' ],
292 silly audit   semver: [ '6.3.1', '7.6.3' ],
292 silly audit   'make-error': [ '1.3.6' ],
292 silly audit   maxstache: [ '1.0.7' ],
292 silly audit   'maxstache-stream': [ '1.0.4' ],
292 silly audit   pump: [ '1.0.3', '3.0.2' ],
292 silly audit   split2: [ '1.1.1', '4.2.0' ],
292 silly audit   through2: [ '2.0.5', '4.0.2' ],
292 silly audit   'md5-hex': [ '3.0.1' ],
292 silly audit   'media-typer': [ '0.3.0' ],
292 silly audit   'memoize-one': [ '6.0.0' ],
292 silly audit   'merge-descriptors': [ '1.0.3' ],
292 silly audit   'merge-options': [ '3.0.4' ],
292 silly audit   'merge-stream': [ '2.0.0' ],
292 silly audit   merge2: [ '1.4.1' ],
292 silly audit   methods: [ '1.1.2' ],
292 silly audit   'micro-api-client': [ '3.3.0' ],
292 silly audit   'micro-memoize': [ '4.0.11' ],
292 silly audit   micromatch: [ '4.0.8' ],
292 silly audit   'mime-db': [ '1.51.0' ],
292 silly audit   'mime-types': [ '2.1.34' ],
292 silly audit   'mimic-fn': [ '4.0.0', '2.1.0', '1.2.0' ],
292 silly audit   'mimic-function': [ '5.0.1' ],
292 silly audit   minimist: [ '1.2.8' ],
292 silly audit   minizlib: [ '2.1.2' ],
292 silly audit   mkdirp: [ '0.5.6', '1.0.4' ],
292 silly audit   'mkdirp-classic': [ '0.5.3' ],
292 silly audit   mlly: [ '1.5.0' ],
292 silly audit   'module-definition': [ '5.0.1' ],
292 silly audit   moize: [ '6.1.3' ],
292 silly audit   'move-file': [ '3.0.0' ],
292 silly audit   mri: [ '1.2.0' ],
292 silly audit   multiparty: [ '4.2.3' ],
292 silly audit   'mute-stream': [ '0.0.7' ],
292 silly audit   nan: [ '2.17.0' ],
292 silly audit   nanoid: [ '3.3.7' ],
292 silly audit   'napi-build-utils': [ '1.0.2' ],
292 silly audit   negotiator: [ '0.6.3' ],
292 silly audit   'nested-error-stacks': [ '2.1.1' ],
292 silly audit   netlify: [ '13.2.0' ],
292 silly audit   'netlify-redirector': [ '0.5.0' ],
292 silly audit   'node-abi': [ '3.51.0' ],
292 silly audit   'node-addon-api': [ '7.1.0', '6.1.0' ],
292 silly audit   'node-domexception': [ '1.0.0' ],
292 silly audit   'node-fetch-native': [ '1.6.2' ],
292 silly audit   'node-forge': [ '1.3.1' ],
292 silly audit   'node-gyp-build': [ '4.6.0' ],
292 silly audit   'node-source-walk': [ '6.0.2' ],
292 silly audit   'node-stream-zip': [ '1.15.0' ],
292 silly audit   'node-version-alias': [ '3.4.1' ],
292 silly audit   nopt: [ '5.0.0' ],
292 silly audit   'normalize-node-version': [ '12.4.0' ],
292 silly audit   'normalize-package-data': [ '3.0.3', '6.0.0' ],
292 silly audit   'normalize-path': [ '3.0.0', '2.1.1' ],
292 silly audit   'normalize-url': [ '8.0.1' ],
292 silly audit   npmlog: [ '5.0.1' ],
292 silly audit   'nth-check': [ '2.1.1' ],
292 silly audit   'object-assign': [ '4.1.1' ],
292 silly audit   'object-inspect': [ '1.13.2' ],
292 silly audit   ofetch: [ '1.3.3' ],
292 silly audit   ohash: [ '1.1.3' ],
292 silly audit   'omit.js': [ '2.0.2' ],
292 silly audit   'on-exit-leak-free': [ '2.1.2' ],
292 silly audit   'on-finished': [ '2.4.1' ],
292 silly audit   'on-headers': [ '1.0.2' ],
292 silly audit   once: [ '1.4.0' ],
292 silly audit   'one-time': [ '1.0.0' ],
292 silly audit   open: [ '8.4.2' ],
292 silly audit   ora: [ '8.1.1' ],
292 silly audit   'os-name': [ '5.0.1' ],
292 silly audit   'os-tmpdir': [ '1.0.2' ],
292 silly audit   'p-cancelable': [ '3.0.0' ],
292 silly audit   'p-every': [ '2.0.0' ],
292 silly audit   'p-finally': [ '1.0.0' ],
292 silly audit   'p-reduce': [ '3.0.0' ],
292 silly audit   'p-retry': [ '5.1.1' ],
292 silly audit   'package-json': [ '10.0.1' ],
292 silly audit   'parallel-transform': [ '1.2.0' ],
292 silly audit   'parse-github-url': [ '1.0.3' ],
292 silly audit   'parse-gitignore': [ '2.0.0' ],
292 silly audit   'parse-json': [ '5.2.0', '8.1.0' ],
292 silly audit   'parse-ms': [ '3.0.0' ],
292 silly audit   parseurl: [ '1.3.3' ],
292 silly audit   'path-is-absolute': [ '1.0.1' ],
292 silly audit   'path-parse': [ '1.0.7' ],
292 silly audit   'path-scurry': [ '1.11.1' ],
292 silly audit   pathe: [ '1.1.2' ],
292 silly audit   'peek-readable': [ '5.0.0' ],
292 silly audit   pend: [ '1.2.0' ],
292 silly audit   picocolors: [ '1.1.0' ],
292 silly audit   pino: [ '9.4.0' ],
292 silly audit   'pino-abstract-transport': [ '1.2.0' ],
292 silly audit   'pino-std-serializers': [ '7.0.0' ],
292 silly audit   'sonic-boom': [ '4.2.0' ],
292 silly audit   'pkg-types': [ '1.0.3' ],
292 silly audit   postcss: [ '8.4.47' ],
292 silly audit   'postcss-values-parser': [ '6.0.2' ],
292 silly audit   'prebuild-install': [ '7.1.1' ],
292 silly audit   'tar-fs': [ '2.1.1', '3.0.4' ],
292 silly audit   'tar-stream': [ '2.2.0', '3.1.7' ],
292 silly audit   precinct: [ '11.0.5' ],
292 silly audit   precond: [ '0.2.3' ],
292 silly audit   'pretty-format': [ '27.5.1' ],
292 silly audit   'pretty-ms': [ '8.0.0' ],
292 silly audit   prettyjson: [ '1.2.5' ],
292 silly audit   process: [ '0.11.10' ],
292 silly audit   'process-nextick-args': [ '2.0.1' ],
292 silly audit   'proto-list': [ '1.2.4' ],
292 silly audit   'proxy-addr': [ '2.0.7' ],
292 silly audit   'ps-list': [ '8.1.0' ],
292 silly audit   punycode: [ '2.3.0' ],
292 silly audit   pupa: [ '3.1.0' ],
292 silly audit   qs: [ '6.13.0' ],
292 silly audit   'queue-microtask': [ '1.2.3' ],
292 silly audit   'queue-tick': [ '1.0.1' ],
292 silly audit   'quick-format-unescaped': [ '4.0.4' ],
292 silly audit   'quick-lru': [ '5.1.1' ],
292 silly audit   'quote-unquote': [ '1.0.0' ],
292 silly audit   radix3: [ '1.1.0' ],
292 silly audit   'random-bytes': [ '1.0.0' ],
292 silly audit   'range-parser': [ '1.2.1' ],
292 silly audit   'raw-body': [ '2.5.2' ],
292 silly audit   rc: [ '1.2.8' ],
292 silly audit   'strip-json-comments': [ '2.0.1' ],
292 silly audit   'react-is': [ '17.0.2' ],
292 silly audit   'read-package-up': [ '11.0.0' ],
292 silly audit   'readable-web-to-node-stream': [ '3.0.2' ],
292 silly audit   'readdir-glob': [ '1.1.3' ],
292 silly audit   readdirp: [ '3.6.0' ],
292 silly audit   'real-require': [ '0.2.0' ],
292 silly audit   'redis-errors': [ '1.2.0' ],
292 silly audit   'redis-parser': [ '3.0.0' ],
292 silly audit   'registry-auth-token': [ '5.0.2' ],
292 silly audit   'registry-url': [ '6.0.1' ],
292 silly audit   'remove-trailing-separator': [ '1.1.0' ],
292 silly audit   'repeat-string': [ '1.6.1' ],
292 silly audit   'require-directory': [ '2.1.1' ],
292 silly audit   'require-from-string': [ '2.0.2' ],
292 silly audit   'require-package-name': [ '2.0.1' ],
292 silly audit   'requires-port': [ '1.0.0' ],
292 silly audit   resolve: [ '2.0.0-next.5' ],
292 silly audit   'resolve-alpn': [ '1.2.1' ],
292 silly audit   'resolve-from': [ '5.0.0' ],
292 silly audit   responselike: [ '3.0.0' ],
292 silly audit   retry: [ '0.13.1' ],
292 silly audit   reusify: [ '1.0.4' ],
292 silly audit   rfdc: [ '1.4.1' ],
292 silly audit   rimraf: [ '3.0.2' ],
292 silly audit   rollup: [ '4.22.4' ],
292 silly audit   'run-async': [ '2.4.1' ],
292 silly audit   'run-parallel': [ '1.2.0' ],
292 silly audit   rxjs: [ '6.6.7' ],
292 silly audit   'safe-json-stringify': [ '1.2.0' ],
292 silly audit   'safe-regex2': [ '3.1.0' ],
292 silly audit   ret: [ '0.4.3' ],
292 silly audit   'safe-stable-stringify': [ '2.3.1' ],
292 silly audit   'safer-buffer': [ '2.1.2' ],
292 silly audit   'secure-json-parse': [ '2.7.0' ],
292 silly audit   'seek-bzip': [ '1.0.6' ],
292 silly audit   send: [ '0.19.0' ],
292 silly audit   'serve-static': [ '1.16.2' ],
292 silly audit   'set-blocking': [ '2.0.0' ],
292 silly audit   'set-cookie-parser': [ '2.5.1' ],
292 silly audit   'set-function-length': [ '1.2.2' ],
292 silly audit   setprototypeof: [ '1.2.0' ],
292 silly audit   sharp: [ '0.32.6' ],
292 silly audit   'shebang-command': [ '2.0.0' ],
292 silly audit   'shebang-regex': [ '3.0.0' ],
292 silly audit   'side-channel': [ '1.0.6' ],
292 silly audit   'simple-concat': [ '1.0.1' ],
292 silly audit   'simple-get': [ '4.0.1' ],
292 silly audit   'simple-swizzle': [ '0.2.2' ],
292 silly audit   'sort-keys': [ '1.1.2' ],
292 silly audit   'sort-keys-length': [ '1.0.1' ],
292 silly audit   'source-map': [ '0.6.1' ],
292 silly audit   'source-map-js': [ '1.2.1' ],
292 silly audit   'source-map-support': [ '0.5.21' ],
292 silly audit   'spdx-correct': [ '3.1.1' ],
292 silly audit   'spdx-exceptions': [ '2.3.0' ],
292 silly audit   'spdx-expression-parse': [ '3.0.1' ],
292 silly audit   'spdx-license-ids': [ '3.0.11' ],
292 silly audit   'stack-generator': [ '2.0.10' ],
292 silly audit   'stack-trace': [ '0.0.10' ],
292 silly audit   stackframe: [ '1.3.4' ],
292 silly audit   'standard-as-callback': [ '2.1.0' ],
292 silly audit   'std-env': [ '3.7.0' ],
292 silly audit   'stdin-discarder': [ '0.2.2' ],
292 silly audit   streamx: [ '2.15.0' ],
292 silly audit   'strip-ansi-control-characters': [ '2.0.0' ],
292 silly audit   'strip-dirs': [ '3.0.0' ],
292 silly audit   strtok3: [ '7.0.0' ],
292 silly audit   'stubborn-fs': [ '1.2.5' ],
292 silly audit   'supports-hyperlinks': [ '2.2.0' ],
292 silly audit   'supports-preserve-symlinks-flag': [ '1.0.0' ],
292 silly audit   svgo: [ '3.2.0' ],
292 silly audit   'system-architecture': [ '0.1.0' ],
292 silly audit   tabtab: [ '3.0.2' ],
292 silly audit   tar: [ '6.2.1' ],
292 silly audit   'temp-dir': [ '3.0.0' ],
292 silly audit   tempy: [ '3.1.0' ],
292 silly audit   'terminal-link': [ '3.0.0' ],
292 silly audit   'text-hex': [ '1.0.0' ],
292 silly audit   'thread-stream': [ '3.1.0' ],
292 silly audit   through: [ '2.3.8' ],
292 silly audit   'through2-filter': [ '4.0.0' ],
292 silly audit   'through2-map': [ '4.0.0' ],
292 silly audit   'time-zone': [ '1.0.0' ],
292 silly audit   tmp: [ '0.0.33', '0.2.1' ],
292 silly audit   'tmp-promise': [ '3.0.3' ],
292 silly audit   'to-regex-range': [ '5.0.1' ],
292 silly audit   'toad-cache': [ '3.7.0' ],
292 silly audit   toidentifier: [ '1.0.1' ],
292 silly audit   'token-types': [ '5.0.1' ],
292 silly audit   toml: [ '3.0.0' ],
292 silly audit   'tomlify-j0.4': [ '3.0.0' ],
292 silly audit   tr46: [ '0.0.3' ],
292 silly audit   'triple-beam': [ '1.3.0' ],
292 silly audit   'ts-node': [ '10.9.1' ],
292 silly audit   diff: [ '4.0.2' ],
292 silly audit   tslib: [ '1.14.1' ],
292 silly audit   tsutils: [ '3.21.0' ],
292 silly audit   'tunnel-agent': [ '0.6.0' ],
292 silly audit   'type-is': [ '1.6.18' ],
292 silly audit   'typedarray-to-buffer': [ '3.1.5' ],
292 silly audit   ufo: [ '1.4.0' ],
292 silly audit   'uid-safe': [ '2.1.5' ],
292 silly audit   ulid: [ '2.3.0' ],
292 silly audit   'unbzip2-stream': [ '1.4.3' ],
292 silly audit   uncrypto: [ '0.1.3' ],
292 silly audit   'undici-types': [ '6.20.0' ],
292 silly audit   unenv: [ '1.9.0' ],
292 silly audit   'unicorn-magic': [ '0.1.0' ],
292 silly audit   'unique-string': [ '3.0.0' ],
292 silly audit   'universal-user-agent': [ '6.0.1' ],
292 silly audit   'unix-dgram': [ '2.0.6' ],
292 silly audit   unixify: [ '1.0.0' ],
292 silly audit   unpipe: [ '1.0.0' ],
292 silly audit   untildify: [ '3.0.3' ],
292 silly audit   untun: [ '0.1.3' ],
292 silly audit   'update-notifier': [ '7.3.1' ],
292 silly audit   'widest-line': [ '5.0.0', '4.0.1' ],
292 silly audit   uqr: [ '0.1.2' ],
292 silly audit   'uri-js': [ '4.4.1' ],
292 silly audit   'urlpattern-polyfill': [ '8.0.2' ],
292 silly audit   'util-deprecate': [ '1.0.2' ],
292 silly audit   'utils-merge': [ '1.0.1' ],
292 silly audit   uuid: [ '9.0.1' ],
292 silly audit   'v8-compile-cache-lib': [ '3.0.1' ],
292 silly audit   'validate-npm-package-license': [ '3.0.4' ],
292 silly audit   'validate-npm-package-name': [ '4.0.0' ],
292 silly audit   vary: [ '1.1.2' ],
292 silly audit   'wait-port': [ '1.1.0' ],
292 silly audit   'web-streams-polyfill': [ '3.2.0' ],
292 silly audit   'well-known-symbols': [ '2.0.0' ],
292 silly audit   'whatwg-url': [ '5.0.0' ],
292 silly audit   'webidl-conversions': [ '3.0.1' ],
292 silly audit   'when-exit': [ '2.1.3' ],
292 silly audit   which: [ '2.0.2' ],
292 silly audit   'wide-align': [ '1.1.5' ],
292 silly audit   'windows-release': [ '5.0.1' ],
292 silly audit   winston: [ '3.13.0' ],
292 silly audit   'winston-transport': [ '4.7.0' ],
292 silly audit   wrappy: [ '1.0.2' ],
292 silly audit   ws: [ '8.18.0' ],
292 silly audit   'xdg-basedir': [ '5.1.0' ],
292 silly audit   xss: [ '1.0.14' ],
292 silly audit   xtend: [ '4.0.2' ],
292 silly audit   y18n: [ '5.0.8' ],
292 silly audit   yallist: [ '4.0.0' ],
292 silly audit   yargs: [ '17.7.2' ],
292 silly audit   cliui: [ '8.0.1' ],
292 silly audit   'yargs-parser': [ '21.1.1' ],
292 silly audit   yauzl: [ '2.10.0' ],
292 silly audit   yn: [ '3.1.1' ],
292 silly audit   'zip-stream': [ '6.0.1' ],
292 silly audit   zod: [ '3.23.8' ],
292 silly audit   '@parcel/watcher-wasm': [ '2.4.0' ],
292 silly audit   'napi-wasm': [ '1.1.0' ]
292 silly audit }
293 verbose reify failed optional dependency D:\各类笔记\AiTools\Demo\codex\Sweet King v2\.npm-cache-netlify-cli\_npx\8838473bab3874f8\node_modules\netlify-cli\node_modules\fsevents
294 silly reify mark deleted [
294 silly reify   'D:\\各类笔记\\AiTools\\Demo\\codex\\Sweet King v2\\.npm-cache-netlify-cli\\_npx\\8838473bab3874f8\\node_modules\\netlify-cli\\node_modules\\fsevents'
294 silly reify ]
295 verbose reify failed optional dependency D:\各类笔记\AiTools\Demo\codex\Sweet King v2\.npm-cache-netlify-cli\_npx\8838473bab3874f8\node_modules\netlify-cli\node_modules\@rollup\rollup-win32-ia32-msvc
296 silly reify mark deleted [
296 silly reify   'D:\\各类笔记\\AiTools\\Demo\\codex\\Sweet King v2\\.npm-cache-netlify-cli\\_npx\\8838473bab3874f8\\node_modules\\netlify-cli\\node_modules\\@rollup\\rollup-win32-ia32-msvc'
296 silly reify ]
297 verbose reify failed optional dependency D:\各类笔记\AiTools\Demo\codex\Sweet King v2\.npm-cache-netlify-cli\_npx\8838473bab3874f8\node_modules\netlify-cli\node_modules\@rollup\rollup-win32-arm64-msvc
298 silly reify mark deleted [
298 silly reify   'D:\\各类笔记\\AiTools\\Demo\\codex\\Sweet King v2\\.npm-cache-netlify-cli\\_npx\\8838473bab3874f8\\node_modules\\netlify-cli\\node_modules\\@rollup\\rollup-win32-arm64-msvc'
298 silly reify ]
299 verbose reify failed optional dependency D:\各类笔记\AiTools\Demo\codex\Sweet King v2\.npm-cache-netlify-cli\_npx\8838473bab3874f8\node_modules\netlify-cli\node_modules\@rollup\rollup-linux-x64-musl
300 silly reify mark deleted [
300 silly reify   'D:\\各类笔记\\AiTools\\Demo\\codex\\Sweet King v2\\.npm-cache-netlify-cli\\_npx\\8838473bab3874f8\\node_modules\\netlify-cli\\node_modules\\@rollup\\rollup-linux-x64-musl'
300 silly reify ]
301 verbose reify failed optional dependency D:\各类笔记\AiTools\Demo\codex\Sweet King v2\.npm-cache-netlify-cli\_npx\8838473bab3874f8\node_modules\netlify-cli\node_modules\@rollup\rollup-linux-x64-gnu
302 silly reify mark deleted [
302 silly reify   'D:\\各类笔记\\AiTools\\Demo\\codex\\Sweet King v2\\.npm-cache-netlify-cli\\_npx\\8838473bab3874f8\\node_modules\\netlify-cli\\node_modules\\@rollup\\rollup-linux-x64-gnu'
302 silly reify ]
303 verbose reify failed optional dependency D:\各类笔记\AiTools\Demo\codex\Sweet King v2\.npm-cache-netlify-cli\_npx\8838473bab3874f8\node_modules\netlify-cli\node_modules\@rollup\rollup-linux-s390x-gnu
304 silly reify mark deleted [
304 silly reify   'D:\\各类笔记\\AiTools\\Demo\\codex\\Sweet King v2\\.npm-cache-netlify-cli\\_npx\\8838473bab3874f8\\node_modules\\netlify-cli\\node_modules\\@rollup\\rollup-linux-s390x-gnu'
304 silly reify ]
305 verbose reify failed optional dependency D:\各类笔记\AiTools\Demo\codex\Sweet King v2\.npm-cache-netlify-cli\_npx\8838473bab3874f8\node_modules\netlify-cli\node_modules\@rollup\rollup-linux-riscv64-gnu
306 silly reify mark deleted [
306 silly reify   'D:\\各类笔记\\AiTools\\Demo\\codex\\Sweet King v2\\.npm-cache-netlify-cli\\_npx\\8838473bab3874f8\\node_modules\\netlify-cli\\node_modules\\@rollup\\rollup-linux-riscv64-gnu'
306 silly reify ]
307 verbose reify failed optional dependency D:\各类笔记\AiTools\Demo\codex\Sweet King v2\.npm-cache-netlify-cli\_npx\8838473bab3874f8\node_modules\netlify-cli\node_modules\@rollup\rollup-linux-powerpc64le-gnu
308 silly reify mark deleted [
308 silly reify   'D:\\各类笔记\\AiTools\\Demo\\codex\\Sweet King v2\\.npm-cache-netlify-cli\\_npx\\8838473bab3874f8\\node_modules\\netlify-cli\\node_modules\\@rollup\\rollup-linux-powerpc64le-gnu'
308 silly reify ]
309 verbose reify failed optional dependency D:\各类笔记\AiTools\Demo\codex\Sweet King v2\.npm-cache-netlify-cli\_npx\8838473bab3874f8\node_modules\netlify-cli\node_modules\@rollup\rollup-linux-arm64-musl
310 silly reify mark deleted [
310 silly reify   'D:\\各类笔记\\AiTools\\Demo\\codex\\Sweet King v2\\.npm-cache-netlify-cli\\_npx\\8838473bab3874f8\\node_modules\\netlify-cli\\node_modules\\@rollup\\rollup-linux-arm64-musl'
310 silly reify ]
311 verbose reify failed optional dependency D:\各类笔记\AiTools\Demo\codex\Sweet King v2\.npm-cache-netlify-cli\_npx\8838473bab3874f8\node_modules\netlify-cli\node_modules\@rollup\rollup-linux-arm64-gnu
312 silly reify mark deleted [
312 silly reify   'D:\\各类笔记\\AiTools\\Demo\\codex\\Sweet King v2\\.npm-cache-netlify-cli\\_npx\\8838473bab3874f8\\node_modules\\netlify-cli\\node_modules\\@rollup\\rollup-linux-arm64-gnu'
312 silly reify ]
313 verbose reify failed optional dependency D:\各类笔记\AiTools\Demo\codex\Sweet King v2\.npm-cache-netlify-cli\_npx\8838473bab3874f8\node_modules\netlify-cli\node_modules\@rollup\rollup-linux-arm-musleabihf
314 silly reify mark deleted [
314 silly reify   'D:\\各类笔记\\AiTools\\Demo\\codex\\Sweet King v2\\.npm-cache-netlify-cli\\_npx\\8838473bab3874f8\\node_modules\\netlify-cli\\node_modules\\@rollup\\rollup-linux-arm-musleabihf'
314 silly reify ]
315 verbose reify failed optional dependency D:\各类笔记\AiTools\Demo\codex\Sweet King v2\.npm-cache-netlify-cli\_npx\8838473bab3874f8\node_modules\netlify-cli\node_modules\@rollup\rollup-linux-arm-gnueabihf
316 silly reify mark deleted [
316 silly reify   'D:\\各类笔记\\AiTools\\Demo\\codex\\Sweet King v2\\.npm-cache-netlify-cli\\_npx\\8838473bab3874f8\\node_modules\\netlify-cli\\node_modules\\@rollup\\rollup-linux-arm-gnueabihf'
316 silly reify ]
317 verbose reify failed optional dependency D:\各类笔记\AiTools\Demo\codex\Sweet King v2\.npm-cache-netlify-cli\_npx\8838473bab3874f8\node_modules\netlify-cli\node_modules\@rollup\rollup-darwin-x64
318 silly reify mark deleted [
318 silly reify   'D:\\各类笔记\\AiTools\\Demo\\codex\\Sweet King v2\\.npm-cache-netlify-cli\\_npx\\8838473bab3874f8\\node_modules\\netlify-cli\\node_modules\\@rollup\\rollup-darwin-x64'
318 silly reify ]
319 verbose reify failed optional dependency D:\各类笔记\AiTools\Demo\codex\Sweet King v2\.npm-cache-netlify-cli\_npx\8838473bab3874f8\node_modules\netlify-cli\node_modules\@rollup\rollup-darwin-arm64
320 silly reify mark deleted [
320 silly reify   'D:\\各类笔记\\AiTools\\Demo\\codex\\Sweet King v2\\.npm-cache-netlify-cli\\_npx\\8838473bab3874f8\\node_modules\\netlify-cli\\node_modules\\@rollup\\rollup-darwin-arm64'
320 silly reify ]
321 verbose reify failed optional dependency D:\各类笔记\AiTools\Demo\codex\Sweet King v2\.npm-cache-netlify-cli\_npx\8838473bab3874f8\node_modules\netlify-cli\node_modules\@rollup\rollup-android-arm64
322 silly reify mark deleted [
322 silly reify   'D:\\各类笔记\\AiTools\\Demo\\codex\\Sweet King v2\\.npm-cache-netlify-cli\\_npx\\8838473bab3874f8\\node_modules\\netlify-cli\\node_modules\\@rollup\\rollup-android-arm64'
322 silly reify ]
323 verbose reify failed optional dependency D:\各类笔记\AiTools\Demo\codex\Sweet King v2\.npm-cache-netlify-cli\_npx\8838473bab3874f8\node_modules\netlify-cli\node_modules\@rollup\rollup-android-arm-eabi
324 silly reify mark deleted [
324 silly reify   'D:\\各类笔记\\AiTools\\Demo\\codex\\Sweet King v2\\.npm-cache-netlify-cli\\_npx\\8838473bab3874f8\\node_modules\\netlify-cli\\node_modules\\@rollup\\rollup-android-arm-eabi'
324 silly reify ]
325 verbose reify failed optional dependency D:\各类笔记\AiTools\Demo\codex\Sweet King v2\.npm-cache-netlify-cli\_npx\8838473bab3874f8\node_modules\netlify-cli\node_modules\@parcel\watcher-win32-ia32
326 silly reify mark deleted [
326 silly reify   'D:\\各类笔记\\AiTools\\Demo\\codex\\Sweet King v2\\.npm-cache-netlify-cli\\_npx\\8838473bab3874f8\\node_modules\\netlify-cli\\node_modules\\@parcel\\watcher-win32-ia32'
326 silly reify ]
327 verbose reify failed optional dependency D:\各类笔记\AiTools\Demo\codex\Sweet King v2\.npm-cache-netlify-cli\_npx\8838473bab3874f8\node_modules\netlify-cli\node_modules\@parcel\watcher-win32-arm64
328 silly reify mark deleted [
328 silly reify   'D:\\各类笔记\\AiTools\\Demo\\codex\\Sweet King v2\\.npm-cache-netlify-cli\\_npx\\8838473bab3874f8\\node_modules\\netlify-cli\\node_modules\\@parcel\\watcher-win32-arm64'
328 silly reify ]
329 verbose reify failed optional dependency D:\各类笔记\AiTools\Demo\codex\Sweet King v2\.npm-cache-netlify-cli\_npx\8838473bab3874f8\node_modules\netlify-cli\node_modules\@parcel\watcher-linux-x64-musl
330 silly reify mark deleted [
330 silly reify   'D:\\各类笔记\\AiTools\\Demo\\codex\\Sweet King v2\\.npm-cache-netlify-cli\\_npx\\8838473bab3874f8\\node_modules\\netlify-cli\\node_modules\\@parcel\\watcher-linux-x64-musl'
330 silly reify ]
331 verbose reify failed optional dependency D:\各类笔记\AiTools\Demo\codex\Sweet King v2\.npm-cache-netlify-cli\_npx\8838473bab3874f8\node_modules\netlify-cli\node_modules\@parcel\watcher-linux-x64-glibc
332 silly reify mark deleted [
332 silly reify   'D:\\各类笔记\\AiTools\\Demo\\codex\\Sweet King v2\\.npm-cache-netlify-cli\\_npx\\8838473bab3874f8\\node_modules\\netlify-cli\\node_modules\\@parcel\\watcher-linux-x64-glibc'
332 silly reify ]
333 verbose reify failed optional dependency D:\各类笔记\AiTools\Demo\codex\Sweet King v2\.npm-cache-netlify-cli\_npx\8838473bab3874f8\node_modules\netlify-cli\node_modules\@parcel\watcher-linux-arm64-musl
334 silly reify mark deleted [
334 silly reify   'D:\\各类笔记\\AiTools\\Demo\\codex\\Sweet King v2\\.npm-cache-netlify-cli\\_npx\\8838473bab3874f8\\node_modules\\netlify-cli\\node_modules\\@parcel\\watcher-linux-arm64-musl'
334 silly reify ]
335 verbose reify failed optional dependency D:\各类笔记\AiTools\Demo\codex\Sweet King v2\.npm-cache-netlify-cli\_npx\8838473bab3874f8\node_modules\netlify-cli\node_modules\@parcel\watcher-linux-arm64-glibc
336 silly reify mark deleted [
336 silly reify   'D:\\各类笔记\\AiTools\\Demo\\codex\\Sweet King v2\\.npm-cache-netlify-cli\\_npx\\8838473bab3874f8\\node_modules\\netlify-cli\\node_modules\\@parcel\\watcher-linux-arm64-glibc'
336 silly reify ]
337 verbose reify failed optional dependency D:\各类笔记\AiTools\Demo\codex\Sweet King v2\.npm-cache-netlify-cli\_npx\8838473bab3874f8\node_modules\netlify-cli\node_modules\@parcel\watcher-linux-arm-glibc
338 silly reify mark deleted [
338 silly reify   'D:\\各类笔记\\AiTools\\Demo\\codex\\Sweet King v2\\.npm-cache-netlify-cli\\_npx\\8838473bab3874f8\\node_modules\\netlify-cli\\node_modules\\@parcel\\watcher-linux-arm-glibc'
338 silly reify ]
339 verbose reify failed optional dependency D:\各类笔记\AiTools\Demo\codex\Sweet King v2\.npm-cache-netlify-cli\_npx\8838473bab3874f8\node_modules\netlify-cli\node_modules\@parcel\watcher-freebsd-x64
340 silly reify mark deleted [
340 silly reify   'D:\\各类笔记\\AiTools\\Demo\\codex\\Sweet King v2\\.npm-cache-netlify-cli\\_npx\\8838473bab3874f8\\node_modules\\netlify-cli\\node_modules\\@parcel\\watcher-freebsd-x64'
340 silly reify ]
341 verbose reify failed optional dependency D:\各类笔记\AiTools\Demo\codex\Sweet King v2\.npm-cache-netlify-cli\_npx\8838473bab3874f8\node_modules\netlify-cli\node_modules\@parcel\watcher-darwin-x64
342 silly reify mark deleted [
342 silly reify   'D:\\各类笔记\\AiTools\\Demo\\codex\\Sweet King v2\\.npm-cache-netlify-cli\\_npx\\8838473bab3874f8\\node_modules\\netlify-cli\\node_modules\\@parcel\\watcher-darwin-x64'
342 silly reify ]
343 verbose reify failed optional dependency D:\各类笔记\AiTools\Demo\codex\Sweet King v2\.npm-cache-netlify-cli\_npx\8838473bab3874f8\node_modules\netlify-cli\node_modules\@parcel\watcher-darwin-arm64
344 silly reify mark deleted [
344 silly reify   'D:\\各类笔记\\AiTools\\Demo\\codex\\Sweet King v2\\.npm-cache-netlify-cli\\_npx\\8838473bab3874f8\\node_modules\\netlify-cli\\node_modules\\@parcel\\watcher-darwin-arm64'
344 silly reify ]
345 verbose reify failed optional dependency D:\各类笔记\AiTools\Demo\codex\Sweet King v2\.npm-cache-netlify-cli\_npx\8838473bab3874f8\node_modules\netlify-cli\node_modules\@parcel\watcher-android-arm64
346 silly reify mark deleted [
346 silly reify   'D:\\各类笔记\\AiTools\\Demo\\codex\\Sweet King v2\\.npm-cache-netlify-cli\\_npx\\8838473bab3874f8\\node_modules\\netlify-cli\\node_modules\\@parcel\\watcher-android-arm64'
346 silly reify ]
347 verbose reify failed optional dependency D:\各类笔记\AiTools\Demo\codex\Sweet King v2\.npm-cache-netlify-cli\_npx\8838473bab3874f8\node_modules\netlify-cli\node_modules\@netlify\local-functions-proxy-win32-ia32
348 silly reify mark deleted [
348 silly reify   'D:\\各类笔记\\AiTools\\Demo\\codex\\Sweet King v2\\.npm-cache-netlify-cli\\_npx\\8838473bab3874f8\\node_modules\\netlify-cli\\node_modules\\@netlify\\local-functions-proxy-win32-ia32',
348 silly reify   'D:\\各类笔记\\AiTools\\Demo\\codex\\Sweet King v2\\.npm-cache-netlify-cli\\_npx\\8838473bab3874f8\\node_modules\\netlify-cli\\node_modules\\.bin\\local-functions-proxy.exe',
348 silly reify   'D:\\各类笔记\\AiTools\\Demo\\codex\\Sweet King v2\\.npm-cache-netlify-cli\\_npx\\8838473bab3874f8\\node_modules\\netlify-cli\\node_modules\\.bin\\local-functions-proxy.exe.cmd',
348 silly reify   'D:\\各类笔记\\AiTools\\Demo\\codex\\Sweet King v2\\.npm-cache-netlify-cli\\_npx\\8838473bab3874f8\\node_modules\\netlify-cli\\node_modules\\.bin\\local-functions-proxy.exe.ps1'
348 silly reify ]
349 verbose reify failed optional dependency D:\各类笔记\AiTools\Demo\codex\Sweet King v2\.npm-cache-netlify-cli\_npx\8838473bab3874f8\node_modules\netlify-cli\node_modules\@netlify\local-functions-proxy-openbsd-x64
350 silly reify mark deleted [
350 silly reify   'D:\\各类笔记\\AiTools\\Demo\\codex\\Sweet King v2\\.npm-cache-netlify-cli\\_npx\\8838473bab3874f8\\node_modules\\netlify-cli\\node_modules\\@netlify\\local-functions-proxy-openbsd-x64',
350 silly reify   'D:\\各类笔记\\AiTools\\Demo\\codex\\Sweet King v2\\.npm-cache-netlify-cli\\_npx\\8838473bab3874f8\\node_modules\\netlify-cli\\node_modules\\.bin\\local-functions-proxy',
350 silly reify   'D:\\各类笔记\\AiTools\\Demo\\codex\\Sweet King v2\\.npm-cache-netlify-cli\\_npx\\8838473bab3874f8\\node_modules\\netlify-cli\\node_modules\\.bin\\local-functions-proxy.cmd',
350 silly reify   'D:\\各类笔记\\AiTools\\Demo\\codex\\Sweet King v2\\.npm-cache-netlify-cli\\_npx\\8838473bab3874f8\\node_modules\\netlify-cli\\node_modules\\.bin\\local-functions-proxy.ps1'
350 silly reify ]
351 verbose reify failed optional dependency D:\各类笔记\AiTools\Demo\codex\Sweet King v2\.npm-cache-netlify-cli\_npx\8838473bab3874f8\node_modules\netlify-cli\node_modules\@netlify\local-functions-proxy-linux-x64
352 silly reify mark deleted [
352 silly reify   'D:\\各类笔记\\AiTools\\Demo\\codex\\Sweet King v2\\.npm-cache-netlify-cli\\_npx\\8838473bab3874f8\\node_modules\\netlify-cli\\node_modules\\@netlify\\local-functions-proxy-linux-x64',
352 silly reify   'D:\\各类笔记\\AiTools\\Demo\\codex\\Sweet King v2\\.npm-cache-netlify-cli\\_npx\\8838473bab3874f8\\node_modules\\netlify-cli\\node_modules\\.bin\\local-functions-proxy',
352 silly reify   'D:\\各类笔记\\AiTools\\Demo\\codex\\Sweet King v2\\.npm-cache-netlify-cli\\_npx\\8838473bab3874f8\\node_modules\\netlify-cli\\node_modules\\.bin\\local-functions-proxy.cmd',
352 silly reify   'D:\\各类笔记\\AiTools\\Demo\\codex\\Sweet King v2\\.npm-cache-netlify-cli\\_npx\\8838473bab3874f8\\node_modules\\netlify-cli\\node_modules\\.bin\\local-functions-proxy.ps1'
352 silly reify ]
353 verbose reify failed optional dependency D:\各类笔记\AiTools\Demo\codex\Sweet King v2\.npm-cache-netlify-cli\_npx\8838473bab3874f8\node_modules\netlify-cli\node_modules\@netlify\local-functions-proxy-linux-ppc64
354 silly reify mark deleted [
354 silly reify   'D:\\各类笔记\\AiTools\\Demo\\codex\\Sweet King v2\\.npm-cache-netlify-cli\\_npx\\8838473bab3874f8\\node_modules\\netlify-cli\\node_modules\\@netlify\\local-functions-proxy-linux-ppc64',
354 silly reify   'D:\\各类笔记\\AiTools\\Demo\\codex\\Sweet King v2\\.npm-cache-netlify-cli\\_npx\\8838473bab3874f8\\node_modules\\netlify-cli\\node_modules\\.bin\\local-functions-proxy',
354 silly reify   'D:\\各类笔记\\AiTools\\Demo\\codex\\Sweet King v2\\.npm-cache-netlify-cli\\_npx\\8838473bab3874f8\\node_modules\\netlify-cli\\node_modules\\.bin\\local-functions-proxy.cmd',
354 silly reify   'D:\\各类笔记\\AiTools\\Demo\\codex\\Sweet King v2\\.npm-cache-netlify-cli\\_npx\\8838473bab3874f8\\node_modules\\netlify-cli\\node_modules\\.bin\\local-functions-proxy.ps1'
354 silly reify ]
355 verbose reify failed optional dependency D:\各类笔记\AiTools\Demo\codex\Sweet King v2\.npm-cache-netlify-cli\_npx\8838473bab3874f8\node_modules\netlify-cli\node_modules\@netlify\local-functions-proxy-linux-ia32
356 silly reify mark deleted [
356 silly reify   'D:\\各类笔记\\AiTools\\Demo\\codex\\Sweet King v2\\.npm-cache-netlify-cli\\_npx\\8838473bab3874f8\\node_modules\\netlify-cli\\node_modules\\@netlify\\local-functions-proxy-linux-ia32',
356 silly reify   'D:\\各类笔记\\AiTools\\Demo\\codex\\Sweet King v2\\.npm-cache-netlify-cli\\_npx\\8838473bab3874f8\\node_modules\\netlify-cli\\node_modules\\.bin\\local-functions-proxy',
356 silly reify   'D:\\各类笔记\\AiTools\\Demo\\codex\\Sweet King v2\\.npm-cache-netlify-cli\\_npx\\8838473bab3874f8\\node_modules\\netlify-cli\\node_modules\\.bin\\local-functions-proxy.cmd',
356 silly reify   'D:\\各类笔记\\AiTools\\Demo\\codex\\Sweet King v2\\.npm-cache-netlify-cli\\_npx\\8838473bab3874f8\\node_modules\\netlify-cli\\node_modules\\.bin\\local-functions-proxy.ps1'
356 silly reify ]
357 verbose reify failed optional dependency D:\各类笔记\AiTools\Demo\codex\Sweet King v2\.npm-cache-netlify-cli\_npx\8838473bab3874f8\node_modules\netlify-cli\node_modules\@netlify\local-functions-proxy-linux-arm64
358 silly reify mark deleted [
358 silly reify   'D:\\各类笔记\\AiTools\\Demo\\codex\\Sweet King v2\\.npm-cache-netlify-cli\\_npx\\8838473bab3874f8\\node_modules\\netlify-cli\\node_modules\\@netlify\\local-functions-proxy-linux-arm64',
358 silly reify   'D:\\各类笔记\\AiTools\\Demo\\codex\\Sweet King v2\\.npm-cache-netlify-cli\\_npx\\8838473bab3874f8\\node_modules\\netlify-cli\\node_modules\\.bin\\local-functions-proxy',
358 silly reify   'D:\\各类笔记\\AiTools\\Demo\\codex\\Sweet King v2\\.npm-cache-netlify-cli\\_npx\\8838473bab3874f8\\node_modules\\netlify-cli\\node_modules\\.bin\\local-functions-proxy.cmd',
358 silly reify   'D:\\各类笔记\\AiTools\\Demo\\codex\\Sweet King v2\\.npm-cache-netlify-cli\\_npx\\8838473bab3874f8\\node_modules\\netlify-cli\\node_modules\\.bin\\local-functions-proxy.ps1'
358 silly reify ]
359 verbose reify failed optional dependency D:\各类笔记\AiTools\Demo\codex\Sweet King v2\.npm-cache-netlify-cli\_npx\8838473bab3874f8\node_modules\netlify-cli\node_modules\@netlify\local-functions-proxy-linux-arm
360 silly reify mark deleted [
360 silly reify   'D:\\各类笔记\\AiTools\\Demo\\codex\\Sweet King v2\\.npm-cache-netlify-cli\\_npx\\8838473bab3874f8\\node_modules\\netlify-cli\\node_modules\\@netlify\\local-functions-proxy-linux-arm',
360 silly reify   'D:\\各类笔记\\AiTools\\Demo\\codex\\Sweet King v2\\.npm-cache-netlify-cli\\_npx\\8838473bab3874f8\\node_modules\\netlify-cli\\node_modules\\.bin\\local-functions-proxy',
360 silly reify   'D:\\各类笔记\\AiTools\\Demo\\codex\\Sweet King v2\\.npm-cache-netlify-cli\\_npx\\8838473bab3874f8\\node_modules\\netlify-cli\\node_modules\\.bin\\local-functions-proxy.cmd',
360 silly reify   'D:\\各类笔记\\AiTools\\Demo\\codex\\Sweet King v2\\.npm-cache-netlify-cli\\_npx\\8838473bab3874f8\\node_modules\\netlify-cli\\node_modules\\.bin\\local-functions-proxy.ps1'
360 silly reify ]
361 verbose reify failed optional dependency D:\各类笔记\AiTools\Demo\codex\Sweet King v2\.npm-cache-netlify-cli\_npx\8838473bab3874f8\node_modules\netlify-cli\node_modules\@netlify\local-functions-proxy-freebsd-x64
362 silly reify mark deleted [
362 silly reify   'D:\\各类笔记\\AiTools\\Demo\\codex\\Sweet King v2\\.npm-cache-netlify-cli\\_npx\\8838473bab3874f8\\node_modules\\netlify-cli\\node_modules\\@netlify\\local-functions-proxy-freebsd-x64',
362 silly reify   'D:\\各类笔记\\AiTools\\Demo\\codex\\Sweet King v2\\.npm-cache-netlify-cli\\_npx\\8838473bab3874f8\\node_modules\\netlify-cli\\node_modules\\.bin\\local-functions-proxy',
362 silly reify   'D:\\各类笔记\\AiTools\\Demo\\codex\\Sweet King v2\\.npm-cache-netlify-cli\\_npx\\8838473bab3874f8\\node_modules\\netlify-cli\\node_modules\\.bin\\local-functions-proxy.cmd',
362 silly reify   'D:\\各类笔记\\AiTools\\Demo\\codex\\Sweet King v2\\.npm-cache-netlify-cli\\_npx\\8838473bab3874f8\\node_modules\\netlify-cli\\node_modules\\.bin\\local-functions-proxy.ps1'
362 silly reify ]
363 verbose reify failed optional dependency D:\各类笔记\AiTools\Demo\codex\Sweet King v2\.npm-cache-netlify-cli\_npx\8838473bab3874f8\node_modules\netlify-cli\node_modules\@netlify\local-functions-proxy-freebsd-arm64
364 silly reify mark deleted [
364 silly reify   'D:\\各类笔记\\AiTools\\Demo\\codex\\Sweet King v2\\.npm-cache-netlify-cli\\_npx\\8838473bab3874f8\\node_modules\\netlify-cli\\node_modules\\@netlify\\local-functions-proxy-freebsd-arm64',
364 silly reify   'D:\\各类笔记\\AiTools\\Demo\\codex\\Sweet King v2\\.npm-cache-netlify-cli\\_npx\\8838473bab3874f8\\node_modules\\netlify-cli\\node_modules\\.bin\\local-functions-proxy',
364 silly reify   'D:\\各类笔记\\AiTools\\Demo\\codex\\Sweet King v2\\.npm-cache-netlify-cli\\_npx\\8838473bab3874f8\\node_modules\\netlify-cli\\node_modules\\.bin\\local-functions-proxy.cmd',
364 silly reify   'D:\\各类笔记\\AiTools\\Demo\\codex\\Sweet King v2\\.npm-cache-netlify-cli\\_npx\\8838473bab3874f8\\node_modules\\netlify-cli\\node_modules\\.bin\\local-functions-proxy.ps1'
364 silly reify ]
365 verbose reify failed optional dependency D:\各类笔记\AiTools\Demo\codex\Sweet King v2\.npm-cache-netlify-cli\_npx\8838473bab3874f8\node_modules\netlify-cli\node_modules\@netlify\local-functions-proxy-darwin-x64
366 silly reify mark deleted [
366 silly reify   'D:\\各类笔记\\AiTools\\Demo\\codex\\Sweet King v2\\.npm-cache-netlify-cli\\_npx\\8838473bab3874f8\\node_modules\\netlify-cli\\node_modules\\@netlify\\local-functions-proxy-darwin-x64',
366 silly reify   'D:\\各类笔记\\AiTools\\Demo\\codex\\Sweet King v2\\.npm-cache-netlify-cli\\_npx\\8838473bab3874f8\\node_modules\\netlify-cli\\node_modules\\.bin\\local-functions-proxy',
366 silly reify   'D:\\各类笔记\\AiTools\\Demo\\codex\\Sweet King v2\\.npm-cache-netlify-cli\\_npx\\8838473bab3874f8\\node_modules\\netlify-cli\\node_modules\\.bin\\local-functions-proxy.cmd',
366 silly reify   'D:\\各类笔记\\AiTools\\Demo\\codex\\Sweet King v2\\.npm-cache-netlify-cli\\_npx\\8838473bab3874f8\\node_modules\\netlify-cli\\node_modules\\.bin\\local-functions-proxy.ps1'
366 silly reify ]
367 verbose reify failed optional dependency D:\各类笔记\AiTools\Demo\codex\Sweet King v2\.npm-cache-netlify-cli\_npx\8838473bab3874f8\node_modules\netlify-cli\node_modules\@netlify\local-functions-proxy-darwin-arm64
368 silly reify mark deleted [
368 silly reify   'D:\\各类笔记\\AiTools\\Demo\\codex\\Sweet King v2\\.npm-cache-netlify-cli\\_npx\\8838473bab3874f8\\node_modules\\netlify-cli\\node_modules\\@netlify\\local-functions-proxy-darwin-arm64',
368 silly reify   'D:\\各类笔记\\AiTools\\Demo\\codex\\Sweet King v2\\.npm-cache-netlify-cli\\_npx\\8838473bab3874f8\\node_modules\\netlify-cli\\node_modules\\.bin\\local-functions-proxy',
368 silly reify   'D:\\各类笔记\\AiTools\\Demo\\codex\\Sweet King v2\\.npm-cache-netlify-cli\\_npx\\8838473bab3874f8\\node_modules\\netlify-cli\\node_modules\\.bin\\local-functions-proxy.cmd',
368 silly reify   'D:\\各类笔记\\AiTools\\Demo\\codex\\Sweet King v2\\.npm-cache-netlify-cli\\_npx\\8838473bab3874f8\\node_modules\\netlify-cli\\node_modules\\.bin\\local-functions-proxy.ps1'
368 silly reify ]
369 verbose reify failed optional dependency D:\各类笔记\AiTools\Demo\codex\Sweet King v2\.npm-cache-netlify-cli\_npx\8838473bab3874f8\node_modules\netlify-cli\node_modules\@netlify\edge-bundler\node_modules\@esbuild\win32-ia32
370 silly reify mark deleted [
370 silly reify   'D:\\各类笔记\\AiTools\\Demo\\codex\\Sweet King v2\\.npm-cache-netlify-cli\\_npx\\8838473bab3874f8\\node_modules\\netlify-cli\\node_modules\\@netlify\\edge-bundler\\node_modules\\@esbuild\\win32-ia32'
370 silly reify ]
371 verbose reify failed optional dependency D:\各类笔记\AiTools\Demo\codex\Sweet King v2\.npm-cache-netlify-cli\_npx\8838473bab3874f8\node_modules\netlify-cli\node_modules\@netlify\edge-bundler\node_modules\@esbuild\win32-arm64
372 silly reify mark deleted [
372 silly reify   'D:\\各类笔记\\AiTools\\Demo\\codex\\Sweet King v2\\.npm-cache-netlify-cli\\_npx\\8838473bab3874f8\\node_modules\\netlify-cli\\node_modules\\@netlify\\edge-bundler\\node_modules\\@esbuild\\win32-arm64'
372 silly reify ]
373 verbose reify failed optional dependency D:\各类笔记\AiTools\Demo\codex\Sweet King v2\.npm-cache-netlify-cli\_npx\8838473bab3874f8\node_modules\netlify-cli\node_modules\@netlify\edge-bundler\node_modules\@esbuild\sunos-x64
374 silly reify mark deleted [
374 silly reify   'D:\\各类笔记\\AiTools\\Demo\\codex\\Sweet King v2\\.npm-cache-netlify-cli\\_npx\\8838473bab3874f8\\node_modules\\netlify-cli\\node_modules\\@netlify\\edge-bundler\\node_modules\\@esbuild\\sunos-x64'
374 silly reify ]
375 verbose reify failed optional dependency D:\各类笔记\AiTools\Demo\codex\Sweet King v2\.npm-cache-netlify-cli\_npx\8838473bab3874f8\node_modules\netlify-cli\node_modules\@netlify\edge-bundler\node_modules\@esbuild\openbsd-x64
376 silly reify mark deleted [
376 silly reify   'D:\\各类笔记\\AiTools\\Demo\\codex\\Sweet King v2\\.npm-cache-netlify-cli\\_npx\\8838473bab3874f8\\node_modules\\netlify-cli\\node_modules\\@netlify\\edge-bundler\\node_modules\\@esbuild\\openbsd-x64'
376 silly reify ]
377 verbose reify failed optional dependency D:\各类笔记\AiTools\Demo\codex\Sweet King v2\.npm-cache-netlify-cli\_npx\8838473bab3874f8\node_modules\netlify-cli\node_modules\@netlify\edge-bundler\node_modules\@esbuild\netbsd-x64
378 silly reify mark deleted [
378 silly reify   'D:\\各类笔记\\AiTools\\Demo\\codex\\Sweet King v2\\.npm-cache-netlify-cli\\_npx\\8838473bab3874f8\\node_modules\\netlify-cli\\node_modules\\@netlify\\edge-bundler\\node_modules\\@esbuild\\netbsd-x64'
378 silly reify ]
379 verbose reify failed optional dependency D:\各类笔记\AiTools\Demo\codex\Sweet King v2\.npm-cache-netlify-cli\_npx\8838473bab3874f8\node_modules\netlify-cli\node_modules\@netlify\edge-bundler\node_modules\@esbuild\linux-x64
380 silly reify mark deleted [
380 silly reify   'D:\\各类笔记\\AiTools\\Demo\\codex\\Sweet King v2\\.npm-cache-netlify-cli\\_npx\\8838473bab3874f8\\node_modules\\netlify-cli\\node_modules\\@netlify\\edge-bundler\\node_modules\\@esbuild\\linux-x64'
380 silly reify ]
381 verbose reify failed optional dependency D:\各类笔记\AiTools\Demo\codex\Sweet King v2\.npm-cache-netlify-cli\_npx\8838473bab3874f8\node_modules\netlify-cli\node_modules\@netlify\edge-bundler\node_modules\@esbuild\linux-s390x
382 silly reify mark deleted [
382 silly reify   'D:\\各类笔记\\AiTools\\Demo\\codex\\Sweet King v2\\.npm-cache-netlify-cli\\_npx\\8838473bab3874f8\\node_modules\\netlify-cli\\node_modules\\@netlify\\edge-bundler\\node_modules\\@esbuild\\linux-s390x'
382 silly reify ]
383 verbose reify failed optional dependency D:\各类笔记\AiTools\Demo\codex\Sweet King v2\.npm-cache-netlify-cli\_npx\8838473bab3874f8\node_modules\netlify-cli\node_modules\@netlify\edge-bundler\node_modules\@esbuild\linux-riscv64
384 silly reify mark deleted [
384 silly reify   'D:\\各类笔记\\AiTools\\Demo\\codex\\Sweet King v2\\.npm-cache-netlify-cli\\_npx\\8838473bab3874f8\\node_modules\\netlify-cli\\node_modules\\@netlify\\edge-bundler\\node_modules\\@esbuild\\linux-riscv64'
384 silly reify ]
385 verbose reify failed optional dependency D:\各类笔记\AiTools\Demo\codex\Sweet King v2\.npm-cache-netlify-cli\_npx\8838473bab3874f8\node_modules\netlify-cli\node_modules\@netlify\edge-bundler\node_modules\@esbuild\linux-ppc64
386 silly reify mark deleted [
386 silly reify   'D:\\各类笔记\\AiTools\\Demo\\codex\\Sweet King v2\\.npm-cache-netlify-cli\\_npx\\8838473bab3874f8\\node_modules\\netlify-cli\\node_modules\\@netlify\\edge-bundler\\node_modules\\@esbuild\\linux-ppc64'
386 silly reify ]
387 verbose reify failed optional dependency D:\各类笔记\AiTools\Demo\codex\Sweet King v2\.npm-cache-netlify-cli\_npx\8838473bab3874f8\node_modules\netlify-cli\node_modules\@netlify\edge-bundler\node_modules\@esbuild\linux-mips64el
388 silly reify mark deleted [
388 silly reify   'D:\\各类笔记\\AiTools\\Demo\\codex\\Sweet King v2\\.npm-cache-netlify-cli\\_npx\\8838473bab3874f8\\node_modules\\netlify-cli\\node_modules\\@netlify\\edge-bundler\\node_modules\\@esbuild\\linux-mips64el'
388 silly reify ]
389 verbose reify failed optional dependency D:\各类笔记\AiTools\Demo\codex\Sweet King v2\.npm-cache-netlify-cli\_npx\8838473bab3874f8\node_modules\netlify-cli\node_modules\@netlify\edge-bundler\node_modules\@esbuild\linux-loong64
390 silly reify mark deleted [
390 silly reify   'D:\\各类笔记\\AiTools\\Demo\\codex\\Sweet King v2\\.npm-cache-netlify-cli\\_npx\\8838473bab3874f8\\node_modules\\netlify-cli\\node_modules\\@netlify\\edge-bundler\\node_modules\\@esbuild\\linux-loong64'
390 silly reify ]
391 verbose reify failed optional dependency D:\各类笔记\AiTools\Demo\codex\Sweet King v2\.npm-cache-netlify-cli\_npx\8838473bab3874f8\node_modules\netlify-cli\node_modules\@netlify\edge-bundler\node_modules\@esbuild\linux-ia32
392 silly reify mark deleted [
392 silly reify   'D:\\各类笔记\\AiTools\\Demo\\codex\\Sweet King v2\\.npm-cache-netlify-cli\\_npx\\8838473bab3874f8\\node_modules\\netlify-cli\\node_modules\\@netlify\\edge-bundler\\node_modules\\@esbuild\\linux-ia32'
392 silly reify ]
393 verbose reify failed optional dependency D:\各类笔记\AiTools\Demo\codex\Sweet King v2\.npm-cache-netlify-cli\_npx\8838473bab3874f8\node_modules\netlify-cli\node_modules\@netlify\edge-bundler\node_modules\@esbuild\linux-arm64
394 silly reify mark deleted [
394 silly reify   'D:\\各类笔记\\AiTools\\Demo\\codex\\Sweet King v2\\.npm-cache-netlify-cli\\_npx\\8838473bab3874f8\\node_modules\\netlify-cli\\node_modules\\@netlify\\edge-bundler\\node_modules\\@esbuild\\linux-arm64'
394 silly reify ]
395 verbose reify failed optional dependency D:\各类笔记\AiTools\Demo\codex\Sweet King v2\.npm-cache-netlify-cli\_npx\8838473bab3874f8\node_modules\netlify-cli\node_modules\@netlify\edge-bundler\node_modules\@esbuild\linux-arm
396 silly reify mark deleted [
396 silly reify   'D:\\各类笔记\\AiTools\\Demo\\codex\\Sweet King v2\\.npm-cache-netlify-cli\\_npx\\8838473bab3874f8\\node_modules\\netlify-cli\\node_modules\\@netlify\\edge-bundler\\node_modules\\@esbuild\\linux-arm'
396 silly reify ]
397 verbose reify failed optional dependency D:\各类笔记\AiTools\Demo\codex\Sweet King v2\.npm-cache-netlify-cli\_npx\8838473bab3874f8\node_modules\netlify-cli\node_modules\@netlify\edge-bundler\node_modules\@esbuild\freebsd-x64
398 silly reify mark deleted [
398 silly reify   'D:\\各类笔记\\AiTools\\Demo\\codex\\Sweet King v2\\.npm-cache-netlify-cli\\_npx\\8838473bab3874f8\\node_modules\\netlify-cli\\node_modules\\@netlify\\edge-bundler\\node_modules\\@esbuild\\freebsd-x64'
398 silly reify ]
399 verbose reify failed optional dependency D:\各类笔记\AiTools\Demo\codex\Sweet King v2\.npm-cache-netlify-cli\_npx\8838473bab3874f8\node_modules\netlify-cli\node_modules\@netlify\edge-bundler\node_modules\@esbuild\freebsd-arm64
400 silly reify mark deleted [
400 silly reify   'D:\\各类笔记\\AiTools\\Demo\\codex\\Sweet King v2\\.npm-cache-netlify-cli\\_npx\\8838473bab3874f8\\node_modules\\netlify-cli\\node_modules\\@netlify\\edge-bundler\\node_modules\\@esbuild\\freebsd-arm64'
400 silly reify ]
401 verbose reify failed optional dependency D:\各类笔记\AiTools\Demo\codex\Sweet King v2\.npm-cache-netlify-cli\_npx\8838473bab3874f8\node_modules\netlify-cli\node_modules\@netlify\edge-bundler\node_modules\@esbuild\darwin-x64
402 silly reify mark deleted [
402 silly reify   'D:\\各类笔记\\AiTools\\Demo\\codex\\Sweet King v2\\.npm-cache-netlify-cli\\_npx\\8838473bab3874f8\\node_modules\\netlify-cli\\node_modules\\@netlify\\edge-bundler\\node_modules\\@esbuild\\darwin-x64'
402 silly reify ]
403 verbose reify failed optional dependency D:\各类笔记\AiTools\Demo\codex\Sweet King v2\.npm-cache-netlify-cli\_npx\8838473bab3874f8\node_modules\netlify-cli\node_modules\@netlify\edge-bundler\node_modules\@esbuild\darwin-arm64
404 silly reify mark deleted [
404 silly reify   'D:\\各类笔记\\AiTools\\Demo\\codex\\Sweet King v2\\.npm-cache-netlify-cli\\_npx\\8838473bab3874f8\\node_modules\\netlify-cli\\node_modules\\@netlify\\edge-bundler\\node_modules\\@esbuild\\darwin-arm64'
404 silly reify ]
405 verbose reify failed optional dependency D:\各类笔记\AiTools\Demo\codex\Sweet King v2\.npm-cache-netlify-cli\_npx\8838473bab3874f8\node_modules\netlify-cli\node_modules\@netlify\edge-bundler\node_modules\@esbuild\android-x64
406 silly reify mark deleted [
406 silly reify   'D:\\各类笔记\\AiTools\\Demo\\codex\\Sweet King v2\\.npm-cache-netlify-cli\\_npx\\8838473bab3874f8\\node_modules\\netlify-cli\\node_modules\\@netlify\\edge-bundler\\node_modules\\@esbuild\\android-x64'
406 silly reify ]
407 verbose reify failed optional dependency D:\各类笔记\AiTools\Demo\codex\Sweet King v2\.npm-cache-netlify-cli\_npx\8838473bab3874f8\node_modules\netlify-cli\node_modules\@netlify\edge-bundler\node_modules\@esbuild\android-arm64
408 silly reify mark deleted [
408 silly reify   'D:\\各类笔记\\AiTools\\Demo\\codex\\Sweet King v2\\.npm-cache-netlify-cli\\_npx\\8838473bab3874f8\\node_modules\\netlify-cli\\node_modules\\@netlify\\edge-bundler\\node_modules\\@esbuild\\android-arm64'
408 silly reify ]
409 verbose reify failed optional dependency D:\各类笔记\AiTools\Demo\codex\Sweet King v2\.npm-cache-netlify-cli\_npx\8838473bab3874f8\node_modules\netlify-cli\node_modules\@netlify\edge-bundler\node_modules\@esbuild\android-arm
410 silly reify mark deleted [
410 silly reify   'D:\\各类笔记\\AiTools\\Demo\\codex\\Sweet King v2\\.npm-cache-netlify-cli\\_npx\\8838473bab3874f8\\node_modules\\netlify-cli\\node_modules\\@netlify\\edge-bundler\\node_modules\\@esbuild\\android-arm'
410 silly reify ]
411 verbose reify failed optional dependency D:\各类笔记\AiTools\Demo\codex\Sweet King v2\.npm-cache-netlify-cli\_npx\8838473bab3874f8\node_modules\netlify-cli\node_modules\@netlify\edge-bundler\node_modules\@esbuild\aix-ppc64
412 silly reify mark deleted [
412 silly reify   'D:\\各类笔记\\AiTools\\Demo\\codex\\Sweet King v2\\.npm-cache-netlify-cli\\_npx\\8838473bab3874f8\\node_modules\\netlify-cli\\node_modules\\@netlify\\edge-bundler\\node_modules\\@esbuild\\aix-ppc64'
412 silly reify ]
413 verbose reify failed optional dependency D:\各类笔记\AiTools\Demo\codex\Sweet King v2\.npm-cache-netlify-cli\_npx\8838473bab3874f8\node_modules\netlify-cli\node_modules\@esbuild\win32-ia32
414 silly reify mark deleted [
414 silly reify   'D:\\各类笔记\\AiTools\\Demo\\codex\\Sweet King v2\\.npm-cache-netlify-cli\\_npx\\8838473bab3874f8\\node_modules\\netlify-cli\\node_modules\\@esbuild\\win32-ia32'
414 silly reify ]
415 verbose reify failed optional dependency D:\各类笔记\AiTools\Demo\codex\Sweet King v2\.npm-cache-netlify-cli\_npx\8838473bab3874f8\node_modules\netlify-cli\node_modules\@esbuild\win32-arm64
416 silly reify mark deleted [
416 silly reify   'D:\\各类笔记\\AiTools\\Demo\\codex\\Sweet King v2\\.npm-cache-netlify-cli\\_npx\\8838473bab3874f8\\node_modules\\netlify-cli\\node_modules\\@esbuild\\win32-arm64'
416 silly reify ]
417 verbose reify failed optional dependency D:\各类笔记\AiTools\Demo\codex\Sweet King v2\.npm-cache-netlify-cli\_npx\8838473bab3874f8\node_modules\netlify-cli\node_modules\@esbuild\sunos-x64
418 silly reify mark deleted [
418 silly reify   'D:\\各类笔记\\AiTools\\Demo\\codex\\Sweet King v2\\.npm-cache-netlify-cli\\_npx\\8838473bab3874f8\\node_modules\\netlify-cli\\node_modules\\@esbuild\\sunos-x64'
418 silly reify ]
419 verbose reify failed optional dependency D:\各类笔记\AiTools\Demo\codex\Sweet King v2\.npm-cache-netlify-cli\_npx\8838473bab3874f8\node_modules\netlify-cli\node_modules\@esbuild\openbsd-x64
420 silly reify mark deleted [
420 silly reify   'D:\\各类笔记\\AiTools\\Demo\\codex\\Sweet King v2\\.npm-cache-netlify-cli\\_npx\\8838473bab3874f8\\node_modules\\netlify-cli\\node_modules\\@esbuild\\openbsd-x64'
420 silly reify ]
421 verbose reify failed optional dependency D:\各类笔记\AiTools\Demo\codex\Sweet King v2\.npm-cache-netlify-cli\_npx\8838473bab3874f8\node_modules\netlify-cli\node_modules\@esbuild\netbsd-x64
422 silly reify mark deleted [
422 silly reify   'D:\\各类笔记\\AiTools\\Demo\\codex\\Sweet King v2\\.npm-cache-netlify-cli\\_npx\\8838473bab3874f8\\node_modules\\netlify-cli\\node_modules\\@esbuild\\netbsd-x64'
422 silly reify ]
423 verbose reify failed optional dependency D:\各类笔记\AiTools\Demo\codex\Sweet King v2\.npm-cache-netlify-cli\_npx\8838473bab3874f8\node_modules\netlify-cli\node_modules\@esbuild\linux-x64
424 silly reify mark deleted [
424 silly reify   'D:\\各类笔记\\AiTools\\Demo\\codex\\Sweet King v2\\.npm-cache-netlify-cli\\_npx\\8838473bab3874f8\\node_modules\\netlify-cli\\node_modules\\@esbuild\\linux-x64'
424 silly reify ]
425 verbose reify failed optional dependency D:\各类笔记\AiTools\Demo\codex\Sweet King v2\.npm-cache-netlify-cli\_npx\8838473bab3874f8\node_modules\netlify-cli\node_modules\@esbuild\linux-s390x
426 silly reify mark deleted [
426 silly reify   'D:\\各类笔记\\AiTools\\Demo\\codex\\Sweet King v2\\.npm-cache-netlify-cli\\_npx\\8838473bab3874f8\\node_modules\\netlify-cli\\node_modules\\@esbuild\\linux-s390x'
426 silly reify ]
427 verbose reify failed optional dependency D:\各类笔记\AiTools\Demo\codex\Sweet King v2\.npm-cache-netlify-cli\_npx\8838473bab3874f8\node_modules\netlify-cli\node_modules\@esbuild\linux-riscv64
428 silly reify mark deleted [
428 silly reify   'D:\\各类笔记\\AiTools\\Demo\\codex\\Sweet King v2\\.npm-cache-netlify-cli\\_npx\\8838473bab3874f8\\node_modules\\netlify-cli\\node_modules\\@esbuild\\linux-riscv64'
428 silly reify ]
429 verbose reify failed optional dependency D:\各类笔记\AiTools\Demo\codex\Sweet King v2\.npm-cache-netlify-cli\_npx\8838473bab3874f8\node_modules\netlify-cli\node_modules\@esbuild\linux-ppc64
430 silly reify mark deleted [
430 silly reify   'D:\\各类笔记\\AiTools\\Demo\\codex\\Sweet King v2\\.npm-cache-netlify-cli\\_npx\\8838473bab3874f8\\node_modules\\netlify-cli\\node_modules\\@esbuild\\linux-ppc64'
430 silly reify ]
431 verbose reify failed optional dependency D:\各类笔记\AiTools\Demo\codex\Sweet King v2\.npm-cache-netlify-cli\_npx\8838473bab3874f8\node_modules\netlify-cli\node_modules\@esbuild\linux-mips64el
432 silly reify mark deleted [
432 silly reify   'D:\\各类笔记\\AiTools\\Demo\\codex\\Sweet King v2\\.npm-cache-netlify-cli\\_npx\\8838473bab3874f8\\node_modules\\netlify-cli\\node_modules\\@esbuild\\linux-mips64el'
432 silly reify ]
433 verbose reify failed optional dependency D:\各类笔记\AiTools\Demo\codex\Sweet King v2\.npm-cache-netlify-cli\_npx\8838473bab3874f8\node_modules\netlify-cli\node_modules\@esbuild\linux-loong64
434 silly reify mark deleted [
434 silly reify   'D:\\各类笔记\\AiTools\\Demo\\codex\\Sweet King v2\\.npm-cache-netlify-cli\\_npx\\8838473bab3874f8\\node_modules\\netlify-cli\\node_modules\\@esbuild\\linux-loong64'
434 silly reify ]
435 verbose reify failed optional dependency D:\各类笔记\AiTools\Demo\codex\Sweet King v2\.npm-cache-netlify-cli\_npx\8838473bab3874f8\node_modules\netlify-cli\node_modules\@esbuild\linux-ia32
436 silly reify mark deleted [
436 silly reify   'D:\\各类笔记\\AiTools\\Demo\\codex\\Sweet King v2\\.npm-cache-netlify-cli\\_npx\\8838473bab3874f8\\node_modules\\netlify-cli\\node_modules\\@esbuild\\linux-ia32'
436 silly reify ]
437 verbose reify failed optional dependency D:\各类笔记\AiTools\Demo\codex\Sweet King v2\.npm-cache-netlify-cli\_npx\8838473bab3874f8\node_modules\netlify-cli\node_modules\@esbuild\linux-arm64
438 silly reify mark deleted [
438 silly reify   'D:\\各类笔记\\AiTools\\Demo\\codex\\Sweet King v2\\.npm-cache-netlify-cli\\_npx\\8838473bab3874f8\\node_modules\\netlify-cli\\node_modules\\@esbuild\\linux-arm64'
438 silly reify ]
439 verbose reify failed optional dependency D:\各类笔记\AiTools\Demo\codex\Sweet King v2\.npm-cache-netlify-cli\_npx\8838473bab3874f8\node_modules\netlify-cli\node_modules\@esbuild\linux-arm
440 silly reify mark deleted [
440 silly reify   'D:\\各类笔记\\AiTools\\Demo\\codex\\Sweet King v2\\.npm-cache-netlify-cli\\_npx\\8838473bab3874f8\\node_modules\\netlify-cli\\node_modules\\@esbuild\\linux-arm'
440 silly reify ]
441 verbose reify failed optional dependency D:\各类笔记\AiTools\Demo\codex\Sweet King v2\.npm-cache-netlify-cli\_npx\8838473bab3874f8\node_modules\netlify-cli\node_modules\@esbuild\freebsd-x64
442 silly reify mark deleted [
442 silly reify   'D:\\各类笔记\\AiTools\\Demo\\codex\\Sweet King v2\\.npm-cache-netlify-cli\\_npx\\8838473bab3874f8\\node_modules\\netlify-cli\\node_modules\\@esbuild\\freebsd-x64'
442 silly reify ]
443 verbose reify failed optional dependency D:\各类笔记\AiTools\Demo\codex\Sweet King v2\.npm-cache-netlify-cli\_npx\8838473bab3874f8\node_modules\netlify-cli\node_modules\@esbuild\freebsd-arm64
444 silly reify mark deleted [
444 silly reify   'D:\\各类笔记\\AiTools\\Demo\\codex\\Sweet King v2\\.npm-cache-netlify-cli\\_npx\\8838473bab3874f8\\node_modules\\netlify-cli\\node_modules\\@esbuild\\freebsd-arm64'
444 silly reify ]
445 verbose reify failed optional dependency D:\各类笔记\AiTools\Demo\codex\Sweet King v2\.npm-cache-netlify-cli\_npx\8838473bab3874f8\node_modules\netlify-cli\node_modules\@esbuild\darwin-x64
446 silly reify mark deleted [
446 silly reify   'D:\\各类笔记\\AiTools\\Demo\\codex\\Sweet King v2\\.npm-cache-netlify-cli\\_npx\\8838473bab3874f8\\node_modules\\netlify-cli\\node_modules\\@esbuild\\darwin-x64'
446 silly reify ]
447 verbose reify failed optional dependency D:\各类笔记\AiTools\Demo\codex\Sweet King v2\.npm-cache-netlify-cli\_npx\8838473bab3874f8\node_modules\netlify-cli\node_modules\@esbuild\darwin-arm64
448 silly reify mark deleted [
448 silly reify   'D:\\各类笔记\\AiTools\\Demo\\codex\\Sweet King v2\\.npm-cache-netlify-cli\\_npx\\8838473bab3874f8\\node_modules\\netlify-cli\\node_modules\\@esbuild\\darwin-arm64'
448 silly reify ]
449 verbose reify failed optional dependency D:\各类笔记\AiTools\Demo\codex\Sweet King v2\.npm-cache-netlify-cli\_npx\8838473bab3874f8\node_modules\netlify-cli\node_modules\@esbuild\android-x64
450 silly reify mark deleted [
450 silly reify   'D:\\各类笔记\\AiTools\\Demo\\codex\\Sweet King v2\\.npm-cache-netlify-cli\\_npx\\8838473bab3874f8\\node_modules\\netlify-cli\\node_modules\\@esbuild\\android-x64'
450 silly reify ]
451 verbose reify failed optional dependency D:\各类笔记\AiTools\Demo\codex\Sweet King v2\.npm-cache-netlify-cli\_npx\8838473bab3874f8\node_modules\netlify-cli\node_modules\@esbuild\android-arm64
452 silly reify mark deleted [
452 silly reify   'D:\\各类笔记\\AiTools\\Demo\\codex\\Sweet King v2\\.npm-cache-netlify-cli\\_npx\\8838473bab3874f8\\node_modules\\netlify-cli\\node_modules\\@esbuild\\android-arm64'
452 silly reify ]
453 verbose reify failed optional dependency D:\各类笔记\AiTools\Demo\codex\Sweet King v2\.npm-cache-netlify-cli\_npx\8838473bab3874f8\node_modules\netlify-cli\node_modules\@esbuild\android-arm
454 silly reify mark deleted [
454 silly reify   'D:\\各类笔记\\AiTools\\Demo\\codex\\Sweet King v2\\.npm-cache-netlify-cli\\_npx\\8838473bab3874f8\\node_modules\\netlify-cli\\node_modules\\@esbuild\\android-arm'
454 silly reify ]
455 verbose reify failed optional dependency D:\各类笔记\AiTools\Demo\codex\Sweet King v2\.npm-cache-netlify-cli\_npx\8838473bab3874f8\node_modules\netlify-cli\node_modules\@esbuild\aix-ppc64
456 silly reify mark deleted [
456 silly reify   'D:\\各类笔记\\AiTools\\Demo\\codex\\Sweet King v2\\.npm-cache-netlify-cli\\_npx\\8838473bab3874f8\\node_modules\\netlify-cli\\node_modules\\@esbuild\\aix-ppc64'
456 silly reify ]
457 timing reifyNode:node_modules/netlify-cli/node_modules/fsevents Completed in 113ms
458 timing reifyNode:node_modules/netlify-cli/node_modules/@rollup/rollup-win32-ia32-msvc Completed in 86ms
459 timing reifyNode:node_modules/netlify-cli/node_modules/@rollup/rollup-win32-arm64-msvc Completed in 86ms
460 timing reifyNode:node_modules/netlify-cli/node_modules/@rollup/rollup-linux-x64-musl Completed in 86ms
461 timing reifyNode:node_modules/netlify-cli/node_modules/@rollup/rollup-linux-x64-gnu Completed in 86ms
462 timing reifyNode:node_modules/netlify-cli/node_modules/@rollup/rollup-linux-s390x-gnu Completed in 86ms
463 timing reifyNode:node_modules/netlify-cli/node_modules/@rollup/rollup-linux-riscv64-gnu Completed in 85ms
464 timing reifyNode:node_modules/netlify-cli/node_modules/@rollup/rollup-linux-powerpc64le-gnu Completed in 85ms
465 timing reifyNode:node_modules/netlify-cli/node_modules/@rollup/rollup-linux-arm64-musl Completed in 85ms
466 timing reifyNode:node_modules/netlify-cli/node_modules/@rollup/rollup-linux-arm64-gnu Completed in 85ms
467 timing reifyNode:node_modules/netlify-cli/node_modules/@rollup/rollup-linux-arm-musleabihf Completed in 85ms
468 timing reifyNode:node_modules/netlify-cli/node_modules/@rollup/rollup-linux-arm-gnueabihf Completed in 85ms
469 timing reifyNode:node_modules/netlify-cli/node_modules/@rollup/rollup-darwin-x64 Completed in 86ms
470 timing reifyNode:node_modules/netlify-cli/node_modules/@rollup/rollup-darwin-arm64 Completed in 86ms
471 timing reifyNode:node_modules/netlify-cli/node_modules/@rollup/rollup-android-arm64 Completed in 86ms
472 timing reifyNode:node_modules/netlify-cli/node_modules/@rollup/rollup-android-arm-eabi Completed in 86ms
473 timing reifyNode:node_modules/netlify-cli/node_modules/@parcel/watcher-win32-ia32 Completed in 86ms
474 timing reifyNode:node_modules/netlify-cli/node_modules/@parcel/watcher-win32-arm64 Completed in 86ms
475 timing reifyNode:node_modules/netlify-cli/node_modules/@parcel/watcher-linux-x64-musl Completed in 86ms
476 timing reifyNode:node_modules/netlify-cli/node_modules/@parcel/watcher-linux-x64-glibc Completed in 85ms
477 timing reifyNode:node_modules/netlify-cli/node_modules/@parcel/watcher-linux-arm64-musl Completed in 85ms
478 timing reifyNode:node_modules/netlify-cli/node_modules/@parcel/watcher-linux-arm64-glibc Completed in 85ms
479 timing reifyNode:node_modules/netlify-cli/node_modules/@parcel/watcher-linux-arm-glibc Completed in 85ms
480 timing reifyNode:node_modules/netlify-cli/node_modules/@parcel/watcher-freebsd-x64 Completed in 85ms
481 timing reifyNode:node_modules/netlify-cli/node_modules/@parcel/watcher-darwin-x64 Completed in 85ms
482 timing reifyNode:node_modules/netlify-cli/node_modules/@parcel/watcher-darwin-arm64 Completed in 86ms
483 timing reifyNode:node_modules/netlify-cli/node_modules/@parcel/watcher-android-arm64 Completed in 86ms
484 timing reifyNode:node_modules/netlify-cli/node_modules/@netlify/local-functions-proxy-win32-ia32 Completed in 84ms
485 timing reifyNode:node_modules/netlify-cli/node_modules/@netlify/local-functions-proxy-openbsd-x64 Completed in 84ms
486 timing reifyNode:node_modules/netlify-cli/node_modules/@netlify/local-functions-proxy-linux-x64 Completed in 84ms
487 timing reifyNode:node_modules/netlify-cli/node_modules/@netlify/local-functions-proxy-linux-ppc64 Completed in 84ms
488 timing reifyNode:node_modules/netlify-cli/node_modules/@netlify/local-functions-proxy-linux-ia32 Completed in 84ms
489 timing reifyNode:node_modules/netlify-cli/node_modules/@netlify/local-functions-proxy-linux-arm64 Completed in 84ms
490 timing reifyNode:node_modules/netlify-cli/node_modules/@netlify/local-functions-proxy-linux-arm Completed in 84ms
491 timing reifyNode:node_modules/netlify-cli/node_modules/@netlify/local-functions-proxy-freebsd-x64 Completed in 84ms
492 timing reifyNode:node_modules/netlify-cli/node_modules/@netlify/local-functions-proxy-freebsd-arm64 Completed in 83ms
493 timing reifyNode:node_modules/netlify-cli/node_modules/@netlify/local-functions-proxy-darwin-x64 Completed in 83ms
494 timing reifyNode:node_modules/netlify-cli/node_modules/@netlify/local-functions-proxy-darwin-arm64 Completed in 83ms
495 timing reifyNode:node_modules/netlify-cli/node_modules/@netlify/edge-bundler/node_modules/@esbuild/win32-ia32 Completed in 81ms
496 timing reifyNode:node_modules/netlify-cli/node_modules/@netlify/edge-bundler/node_modules/@esbuild/win32-arm64 Completed in 81ms
497 timing reifyNode:node_modules/netlify-cli/node_modules/@netlify/edge-bundler/node_modules/@esbuild/sunos-x64 Completed in 81ms
498 timing reifyNode:node_modules/netlify-cli/node_modules/@netlify/edge-bundler/node_modules/@esbuild/openbsd-x64 Completed in 81ms
499 timing reifyNode:node_modules/netlify-cli/node_modules/@netlify/edge-bundler/node_modules/@esbuild/netbsd-x64 Completed in 82ms
500 timing reifyNode:node_modules/netlify-cli/node_modules/@netlify/edge-bundler/node_modules/@esbuild/linux-x64 Completed in 82ms
501 timing reifyNode:node_modules/netlify-cli/node_modules/@netlify/edge-bundler/node_modules/@esbuild/linux-s390x Completed in 82ms
502 timing reifyNode:node_modules/netlify-cli/node_modules/@netlify/edge-bundler/node_modules/@esbuild/linux-riscv64 Completed in 82ms
503 timing reifyNode:node_modules/netlify-cli/node_modules/@netlify/edge-bundler/node_modules/@esbuild/linux-ppc64 Completed in 82ms
504 timing reifyNode:node_modules/netlify-cli/node_modules/@netlify/edge-bundler/node_modules/@esbuild/linux-mips64el Completed in 82ms
505 timing reifyNode:node_modules/netlify-cli/node_modules/@netlify/edge-bundler/node_modules/@esbuild/linux-loong64 Completed in 82ms
506 timing reifyNode:node_modules/netlify-cli/node_modules/@netlify/edge-bundler/node_modules/@esbuild/linux-ia32 Completed in 82ms
507 timing reifyNode:node_modules/netlify-cli/node_modules/@netlify/edge-bundler/node_modules/@esbuild/linux-arm64 Completed in 82ms
508 timing reifyNode:node_modules/netlify-cli/node_modules/@netlify/edge-bundler/node_modules/@esbuild/linux-arm Completed in 82ms
509 timing reifyNode:node_modules/netlify-cli/node_modules/@netlify/edge-bundler/node_modules/@esbuild/freebsd-x64 Completed in 82ms
510 timing reifyNode:node_modules/netlify-cli/node_modules/@netlify/edge-bundler/node_modules/@esbuild/freebsd-arm64 Completed in 81ms
511 timing reifyNode:node_modules/netlify-cli/node_modules/@netlify/edge-bundler/node_modules/@esbuild/darwin-x64 Completed in 81ms
512 timing reifyNode:node_modules/netlify-cli/node_modules/@netlify/edge-bundler/node_modules/@esbuild/darwin-arm64 Completed in 81ms
513 timing reifyNode:node_modules/netlify-cli/node_modules/@netlify/edge-bundler/node_modules/@esbuild/android-x64 Completed in 81ms
514 timing reifyNode:node_modules/netlify-cli/node_modules/@netlify/edge-bundler/node_modules/@esbuild/android-arm64 Completed in 81ms
515 timing reifyNode:node_modules/netlify-cli/node_modules/@netlify/edge-bundler/node_modules/@esbuild/android-arm Completed in 81ms
516 timing reifyNode:node_modules/netlify-cli/node_modules/@netlify/edge-bundler/node_modules/@esbuild/aix-ppc64 Completed in 81ms
517 timing reifyNode:node_modules/netlify-cli/node_modules/@esbuild/win32-ia32 Completed in 73ms
518 timing reifyNode:node_modules/netlify-cli/node_modules/@esbuild/win32-arm64 Completed in 73ms
519 timing reifyNode:node_modules/netlify-cli/node_modules/@esbuild/sunos-x64 Completed in 72ms
520 timing reifyNode:node_modules/netlify-cli/node_modules/@esbuild/openbsd-x64 Completed in 72ms
521 timing reifyNode:node_modules/netlify-cli/node_modules/@esbuild/netbsd-x64 Completed in 72ms
522 timing reifyNode:node_modules/netlify-cli/node_modules/@esbuild/linux-x64 Completed in 72ms
523 timing reifyNode:node_modules/netlify-cli/node_modules/@esbuild/linux-s390x Completed in 72ms
524 timing reifyNode:node_modules/netlify-cli/node_modules/@esbuild/linux-riscv64 Completed in 72ms
525 timing reifyNode:node_modules/netlify-cli/node_modules/@esbuild/linux-ppc64 Completed in 72ms
526 timing reifyNode:node_modules/netlify-cli/node_modules/@esbuild/linux-mips64el Completed in 72ms
527 timing reifyNode:node_modules/netlify-cli/node_modules/@esbuild/linux-loong64 Completed in 72ms
528 timing reifyNode:node_modules/netlify-cli/node_modules/@esbuild/linux-ia32 Completed in 72ms
529 timing reifyNode:node_modules/netlify-cli/node_modules/@esbuild/linux-arm64 Completed in 72ms
530 timing reifyNode:node_modules/netlify-cli/node_modules/@esbuild/linux-arm Completed in 72ms
531 timing reifyNode:node_modules/netlify-cli/node_modules/@esbuild/freebsd-x64 Completed in 72ms
532 timing reifyNode:node_modules/netlify-cli/node_modules/@esbuild/freebsd-arm64 Completed in 72ms
533 timing reifyNode:node_modules/netlify-cli/node_modules/@esbuild/darwin-x64 Completed in 72ms
534 timing reifyNode:node_modules/netlify-cli/node_modules/@esbuild/darwin-arm64 Completed in 71ms
535 timing reifyNode:node_modules/netlify-cli/node_modules/@esbuild/android-x64 Completed in 72ms
536 timing reifyNode:node_modules/netlify-cli/node_modules/@esbuild/android-arm64 Completed in 72ms
537 timing reifyNode:node_modules/netlify-cli/node_modules/@esbuild/android-arm Completed in 72ms
538 timing reifyNode:node_modules/netlify-cli/node_modules/@esbuild/aix-ppc64 Completed in 72ms
539 silly tarball no local data for yauzl@https://registry.npmmirror.com/yauzl/-/yauzl-2.10.0.tgz. Extracting by manifest.
540 silly tarball no local data for zod@https://registry.npmmirror.com/zod/-/zod-3.23.8.tgz. Extracting by manifest.
541 silly tarball no local data for zip-stream@https://registry.npmmirror.com/zip-stream/-/zip-stream-6.0.1.tgz. Extracting by manifest.
542 silly tarball no local data for yn@https://registry.npmmirror.com/yn/-/yn-3.1.1.tgz. Extracting by manifest.
543 silly tarball no local data for yallist@https://registry.npmmirror.com/yallist/-/yallist-4.0.0.tgz. Extracting by manifest.
544 silly tarball no local data for yargs@https://registry.npmmirror.com/yargs/-/yargs-17.7.2.tgz. Extracting by manifest.
545 silly tarball no local data for y18n@https://registry.npmmirror.com/y18n/-/y18n-5.0.8.tgz. Extracting by manifest.
546 silly tarball no local data for xtend@https://registry.npmmirror.com/xtend/-/xtend-4.0.2.tgz. Extracting by manifest.
547 silly tarball no local data for ws@https://registry.npmmirror.com/ws/-/ws-8.18.0.tgz. Extracting by manifest.
548 silly tarball no local data for xdg-basedir@https://registry.npmmirror.com/xdg-basedir/-/xdg-basedir-5.1.0.tgz. Extracting by manifest.
549 silly tarball no local data for wrappy@https://registry.npmmirror.com/wrappy/-/wrappy-1.0.2.tgz. Extracting by manifest.
550 silly tarball no local data for wrap-ansi-cjs@https://registry.npmmirror.com/wrap-ansi/-/wrap-ansi-7.0.0.tgz. Extracting by manifest.
551 silly tarball no local data for write-file-atomic@https://registry.npmmirror.com/write-file-atomic/-/write-file-atomic-5.0.1.tgz. Extracting by manifest.
552 silly tarball no local data for winston-transport@https://registry.npmmirror.com/winston-transport/-/winston-transport-4.7.0.tgz. Extracting by manifest.
553 silly tarball no local data for wrap-ansi@https://registry.npmmirror.com/wrap-ansi/-/wrap-ansi-7.0.0.tgz. Extracting by manifest.
554 silly tarball no local data for xss@https://registry.npmmirror.com/xss/-/xss-1.0.14.tgz. Extracting by manifest.
555 silly tarball no local data for windows-release@https://registry.npmmirror.com/windows-release/-/windows-release-5.0.1.tgz. Extracting by manifest.
556 silly tarball no local data for winston@https://registry.npmmirror.com/winston/-/winston-3.13.0.tgz. Extracting by manifest.
557 silly tarball no local data for wide-align@https://registry.npmmirror.com/wide-align/-/wide-align-1.1.5.tgz. Extracting by manifest.
558 silly tarball no local data for which@https://registry.npmmirror.com/which/-/which-2.0.2.tgz. Extracting by manifest.
559 silly tarball no local data for web-streams-polyfill@https://registry.npmmirror.com/web-streams-polyfill/-/web-streams-polyfill-3.2.0.tgz. Extracting by manifest.
560 silly tarball no local data for when-exit@https://registry.npmmirror.com/when-exit/-/when-exit-2.1.3.tgz. Extracting by manifest.
561 silly tarball no local data for well-known-symbols@https://registry.npmmirror.com/well-known-symbols/-/well-known-symbols-2.0.0.tgz. Extracting by manifest.
562 silly tarball no local data for vary@https://registry.npmmirror.com/vary/-/vary-1.1.2.tgz. Extracting by manifest.
563 silly tarball no local data for whatwg-url@https://registry.npmmirror.com/whatwg-url/-/whatwg-url-5.0.0.tgz. Extracting by manifest.
564 silly tarball no local data for widest-line@https://registry.npmmirror.com/widest-line/-/widest-line-4.0.1.tgz. Extracting by manifest.
565 silly tarball no local data for validate-npm-package-license@https://registry.npmmirror.com/validate-npm-package-license/-/validate-npm-package-license-3.0.4.tgz. Extracting by manifest.
566 silly tarball no local data for validate-npm-package-name@https://registry.npmmirror.com/validate-npm-package-name/-/validate-npm-package-name-4.0.0.tgz. Extracting by manifest.
567 silly tarball no local data for utils-merge@https://registry.npmmirror.com/utils-merge/-/utils-merge-1.0.1.tgz. Extracting by manifest.
568 silly tarball no local data for util-deprecate@https://registry.npmmirror.com/util-deprecate/-/util-deprecate-1.0.2.tgz. Extracting by manifest.
569 silly tarball no local data for v8-compile-cache-lib@https://registry.npmmirror.com/v8-compile-cache-lib/-/v8-compile-cache-lib-3.0.1.tgz. Extracting by manifest.
570 silly tarball no local data for wait-port@https://registry.npmmirror.com/wait-port/-/wait-port-1.1.0.tgz. Extracting by manifest.
571 silly tarball no local data for uuid@https://registry.npmmirror.com/uuid/-/uuid-9.0.1.tgz. Extracting by manifest.
572 silly tarball no local data for urlpattern-polyfill@https://registry.npmmirror.com/urlpattern-polyfill/-/urlpattern-polyfill-8.0.2.tgz. Extracting by manifest.
573 silly tarball no local data for unpipe@https://registry.npmmirror.com/unpipe/-/unpipe-1.0.0.tgz. Extracting by manifest.
574 silly tarball no local data for untun@https://registry.npmmirror.com/untun/-/untun-0.1.3.tgz. Extracting by manifest.
575 silly tarball no local data for uqr@https://registry.npmmirror.com/uqr/-/uqr-0.1.2.tgz. Extracting by manifest.
576 silly tarball no local data for update-notifier@https://registry.npmmirror.com/update-notifier/-/update-notifier-7.3.1.tgz. Extracting by manifest.
577 silly tarball no local data for uri-js@https://registry.npmmirror.com/uri-js/-/uri-js-4.4.1.tgz. Extracting by manifest.
578 silly tarball no local data for untildify@https://registry.npmmirror.com/untildify/-/untildify-3.0.3.tgz. Extracting by manifest.
579 silly tarball no local data for unique-string@https://registry.npmmirror.com/unique-string/-/unique-string-3.0.0.tgz. Extracting by manifest.
580 silly tarball no local data for unixify@https://registry.npmmirror.com/unixify/-/unixify-1.0.0.tgz. Extracting by manifest.
581 silly tarball no local data for universal-user-agent@https://registry.npmmirror.com/universal-user-agent/-/universal-user-agent-6.0.1.tgz. Extracting by manifest.
582 silly tarball no local data for unix-dgram@https://registry.npmmirror.com/unix-dgram/-/unix-dgram-2.0.6.tgz. Extracting by manifest.
583 silly tarball no local data for unicorn-magic@https://registry.npmmirror.com/unicorn-magic/-/unicorn-magic-0.1.0.tgz. Extracting by manifest.
584 silly tarball no local data for unenv@https://registry.npmmirror.com/unenv/-/unenv-1.9.0.tgz. Extracting by manifest.
585 silly tarball no local data for typescript@https://registry.npmmirror.com/typescript/-/typescript-5.1.6.tgz. Extracting by manifest.
586 silly tarball no local data for uncrypto@https://registry.npmmirror.com/uncrypto/-/uncrypto-0.1.3.tgz. Extracting by manifest.
587 silly tarball no local data for unbzip2-stream@https://registry.npmmirror.com/unbzip2-stream/-/unbzip2-stream-1.4.3.tgz. Extracting by manifest.
588 silly tarball no local data for undici-types@https://registry.npmmirror.com/undici-types/-/undici-types-6.20.0.tgz. Extracting by manifest.
589 silly tarball no local data for uid-safe@https://registry.npmmirror.com/uid-safe/-/uid-safe-2.1.5.tgz. Extracting by manifest.
590 silly tarball no local data for ulid@https://registry.npmmirror.com/ulid/-/ulid-2.3.0.tgz. Extracting by manifest.
591 silly tarball no local data for typedarray-to-buffer@https://registry.npmmirror.com/typedarray-to-buffer/-/typedarray-to-buffer-3.1.5.tgz. Extracting by manifest.
592 silly tarball no local data for type-fest@https://registry.npmmirror.com/type-fest/-/type-fest-2.19.0.tgz. Extracting by manifest.
593 silly tarball no local data for tunnel-agent@https://registry.npmmirror.com/tunnel-agent/-/tunnel-agent-0.6.0.tgz. Extracting by manifest.
594 silly tarball no local data for ufo@https://registry.npmmirror.com/ufo/-/ufo-1.4.0.tgz. Extracting by manifest.
595 silly tarball no local data for tslib@https://registry.npmmirror.com/tslib/-/tslib-1.14.1.tgz. Extracting by manifest.
596 silly tarball no local data for tsutils@https://registry.npmmirror.com/tsutils/-/tsutils-3.21.0.tgz. Extracting by manifest.
597 silly tarball no local data for tr46@https://registry.npmmirror.com/tr46/-/tr46-0.0.3.tgz. Extracting by manifest.
598 silly tarball no local data for type-is@https://registry.npmmirror.com/type-is/-/type-is-1.6.18.tgz. Extracting by manifest.
599 silly tarball no local data for triple-beam@https://registry.npmmirror.com/triple-beam/-/triple-beam-1.3.0.tgz. Extracting by manifest.
600 silly tarball no local data for ts-node@https://registry.npmmirror.com/ts-node/-/ts-node-10.9.1.tgz. Extracting by manifest.
601 silly tarball no local data for token-types@https://registry.npmmirror.com/token-types/-/token-types-5.0.1.tgz. Extracting by manifest.
602 silly tarball no local data for toml@https://registry.npmmirror.com/toml/-/toml-3.0.0.tgz. Extracting by manifest.
603 silly tarball no local data for toad-cache@https://registry.npmmirror.com/toad-cache/-/toad-cache-3.7.0.tgz. Extracting by manifest.
604 silly tarball no local data for to-regex-range@https://registry.npmmirror.com/to-regex-range/-/to-regex-range-5.0.1.tgz. Extracting by manifest.
605 silly tarball no local data for tmp@https://registry.npmmirror.com/tmp/-/tmp-0.0.33.tgz. Extracting by manifest.
606 silly tarball no local data for toidentifier@https://registry.npmmirror.com/toidentifier/-/toidentifier-1.0.1.tgz. Extracting by manifest.
607 silly tarball no local data for tomlify-j0.4@https://registry.npmmirror.com/tomlify-j0.4/-/tomlify-j0.4-3.0.0.tgz. Extracting by manifest.
608 silly tarball no local data for time-zone@https://registry.npmmirror.com/time-zone/-/time-zone-1.0.0.tgz. Extracting by manifest.
609 silly tarball no local data for tmp-promise@https://registry.npmmirror.com/tmp-promise/-/tmp-promise-3.0.3.tgz. Extracting by manifest.
610 silly tarball no local data for through@https://registry.npmmirror.com/through/-/through-2.3.8.tgz. Extracting by manifest.
611 silly tarball no local data for through2-map@https://registry.npmmirror.com/through2-map/-/through2-map-4.0.0.tgz. Extracting by manifest.
612 silly tarball no local data for through2-filter@https://registry.npmmirror.com/through2-filter/-/through2-filter-4.0.0.tgz. Extracting by manifest.
613 silly tarball no local data for thread-stream@https://registry.npmmirror.com/thread-stream/-/thread-stream-3.1.0.tgz. Extracting by manifest.
614 silly tarball no local data for temp-dir@https://registry.npmmirror.com/temp-dir/-/temp-dir-3.0.0.tgz. Extracting by manifest.
615 silly tarball no local data for text-hex@https://registry.npmmirror.com/text-hex/-/text-hex-1.0.0.tgz. Extracting by manifest.
616 silly tarball no local data for tar-stream@https://registry.npmmirror.com/tar-stream/-/tar-stream-3.1.7.tgz. Extracting by manifest.
617 silly tarball no local data for through2@https://registry.npmmirror.com/through2/-/through2-4.0.2.tgz. Extracting by manifest.
618 silly tarball no local data for tempy@https://registry.npmmirror.com/tempy/-/tempy-3.1.0.tgz. Extracting by manifest.
619 silly tarball no local data for tabtab@https://registry.npmmirror.com/tabtab/-/tabtab-3.0.2.tgz. Extracting by manifest.
620 silly tarball no local data for tar-fs@https://registry.npmmirror.com/tar-fs/-/tar-fs-3.0.4.tgz. Extracting by manifest.
621 silly tarball no local data for system-architecture@https://registry.npmmirror.com/system-architecture/-/system-architecture-0.1.0.tgz. Extracting by manifest.
622 silly tarball no local data for terminal-link@https://registry.npmmirror.com/terminal-link/-/terminal-link-3.0.0.tgz. Extracting by manifest.
623 silly tarball no local data for tar@https://registry.npmmirror.com/tar/-/tar-6.2.1.tgz. Extracting by manifest.
624 silly tarball no local data for supports-hyperlinks@https://registry.npmmirror.com/supports-hyperlinks/-/supports-hyperlinks-2.2.0.tgz. Extracting by manifest.
625 silly tarball no local data for supports-color@https://registry.npmmirror.com/supports-color/-/supports-color-9.4.0.tgz. Extracting by manifest.
626 silly tarball no local data for supports-preserve-symlinks-flag@https://registry.npmmirror.com/supports-preserve-symlinks-flag/-/supports-preserve-symlinks-flag-1.0.0.tgz. Extracting by manifest.
627 silly tarball no local data for strtok3@https://registry.npmmirror.com/strtok3/-/strtok3-7.0.0.tgz. Extracting by manifest.
628 silly tarball no local data for svgo@https://registry.npmmirror.com/svgo/-/svgo-3.2.0.tgz. Extracting by manifest.
629 silly tarball no local data for stubborn-fs@https://registry.npmmirror.com/stubborn-fs/-/stubborn-fs-1.2.5.tgz. Extracting by manifest.
630 silly tarball no local data for strip-ansi-control-characters@https://registry.npmmirror.com/strip-ansi-control-characters/-/strip-ansi-control-characters-2.0.0.tgz. Extracting by manifest.
631 silly tarball no local data for strip-final-newline@https://registry.npmmirror.com/strip-final-newline/-/strip-final-newline-2.0.0.tgz. Extracting by manifest.
632 silly tarball no local data for strip-ansi-cjs@https://registry.npmmirror.com/strip-ansi/-/strip-ansi-6.0.1.tgz. Extracting by manifest.
633 silly tarball no local data for strip-ansi@https://registry.npmmirror.com/strip-ansi/-/strip-ansi-7.1.0.tgz. Extracting by manifest.
634 silly tarball no local data for strip-dirs@https://registry.npmmirror.com/strip-dirs/-/strip-dirs-3.0.0.tgz. Extracting by manifest.
635 silly tarball no local data for string-width-cjs@https://registry.npmmirror.com/string-width/-/string-width-4.2.3.tgz. Extracting by manifest.
636 silly tarball no local data for streamx@https://registry.npmmirror.com/streamx/-/streamx-2.15.0.tgz. Extracting by manifest.
637 silly tarball no local data for string_decoder@https://registry.npmmirror.com/string_decoder/-/string_decoder-1.1.1.tgz. Extracting by manifest.
638 silly tarball no local data for stdin-discarder@https://registry.npmmirror.com/stdin-discarder/-/stdin-discarder-0.2.2.tgz. Extracting by manifest.
639 silly tarball no local data for string-width@https://registry.npmmirror.com/string-width/-/string-width-4.2.3.tgz. Extracting by manifest.
640 silly tarball no local data for standard-as-callback@https://registry.npmmirror.com/standard-as-callback/-/standard-as-callback-2.1.0.tgz. Extracting by manifest.
641 silly tarball no local data for statuses@https://registry.npmmirror.com/statuses/-/statuses-2.0.1.tgz. Extracting by manifest.
642 silly tarball no local data for stack-generator@https://registry.npmmirror.com/stack-generator/-/stack-generator-2.0.10.tgz. Extracting by manifest.
643 silly tarball no local data for std-env@https://registry.npmmirror.com/std-env/-/std-env-3.7.0.tgz. Extracting by manifest.
644 silly tarball no local data for stack-trace@https://registry.npmmirror.com/stack-trace/-/stack-trace-0.0.10.tgz. Extracting by manifest.
645 silly tarball no local data for spdx-license-ids@https://registry.npmmirror.com/spdx-license-ids/-/spdx-license-ids-3.0.11.tgz. Extracting by manifest.
646 silly tarball no local data for spdx-expression-parse@https://registry.npmmirror.com/spdx-expression-parse/-/spdx-expression-parse-3.0.1.tgz. Extracting by manifest.
647 silly tarball no local data for stackframe@https://registry.npmmirror.com/stackframe/-/stackframe-1.3.4.tgz. Extracting by manifest.
648 silly tarball no local data for source-map-support@https://registry.npmmirror.com/source-map-support/-/source-map-support-0.5.21.tgz. Extracting by manifest.
649 silly tarball no local data for spdx-exceptions@https://registry.npmmirror.com/spdx-exceptions/-/spdx-exceptions-2.3.0.tgz. Extracting by manifest.
650 silly tarball no local data for spdx-correct@https://registry.npmmirror.com/spdx-correct/-/spdx-correct-3.1.1.tgz. Extracting by manifest.
651 silly tarball no local data for slice-ansi@https://registry.npmmirror.com/slice-ansi/-/slice-ansi-5.0.0.tgz. Extracting by manifest.
652 silly tarball no local data for sort-keys-length@https://registry.npmmirror.com/sort-keys-length/-/sort-keys-length-1.0.1.tgz. Extracting by manifest.
653 silly tarball no local data for source-map-js@https://registry.npmmirror.com/source-map-js/-/source-map-js-1.2.1.tgz. Extracting by manifest.
654 silly tarball no local data for source-map@https://registry.npmmirror.com/source-map/-/source-map-0.6.1.tgz. Extracting by manifest.
655 silly tarball no local data for slash@https://registry.npmmirror.com/slash/-/slash-3.0.0.tgz. Extracting by manifest.
656 silly tarball no local data for simple-swizzle@https://registry.npmmirror.com/simple-swizzle/-/simple-swizzle-0.2.2.tgz. Extracting by manifest.
657 silly tarball no local data for simple-concat@https://registry.npmmirror.com/simple-concat/-/simple-concat-1.0.1.tgz. Extracting by manifest.
658 silly tarball no local data for sort-keys@https://registry.npmmirror.com/sort-keys/-/sort-keys-1.1.2.tgz. Extracting by manifest.
659 silly tarball no local data for simple-get@https://registry.npmmirror.com/simple-get/-/simple-get-4.0.1.tgz. Extracting by manifest.
660 silly tarball no local data for shebang-command@https://registry.npmmirror.com/shebang-command/-/shebang-command-2.0.0.tgz. Extracting by manifest.
661 silly tarball no local data for side-channel@https://registry.npmmirror.com/side-channel/-/side-channel-1.0.6.tgz. Extracting by manifest.
662 silly tarball no local data for signal-exit@https://registry.npmmirror.com/signal-exit/-/signal-exit-3.0.7.tgz. Extracting by manifest.
663 silly tarball no local data for set-blocking@https://registry.npmmirror.com/set-blocking/-/set-blocking-2.0.0.tgz. Extracting by manifest.
664 silly tarball no local data for shebang-regex@https://registry.npmmirror.com/shebang-regex/-/shebang-regex-3.0.0.tgz. Extracting by manifest.
665 silly tarball no local data for setprototypeof@https://registry.npmmirror.com/setprototypeof/-/setprototypeof-1.2.0.tgz. Extracting by manifest.
666 silly tarball no local data for set-function-length@https://registry.npmmirror.com/set-function-length/-/set-function-length-1.2.2.tgz. Extracting by manifest.
667 silly tarball no local data for sharp@https://registry.npmmirror.com/sharp/-/sharp-0.32.6.tgz. Extracting by manifest.
668 silly tarball no local data for set-cookie-parser@https://registry.npmmirror.com/set-cookie-parser/-/set-cookie-parser-2.5.1.tgz. Extracting by manifest.
669 silly tarball no local data for serve-static@https://registry.npmmirror.com/serve-static/-/serve-static-1.16.2.tgz. Extracting by manifest.
670 silly tarball no local data for secure-json-parse@https://registry.npmmirror.com/secure-json-parse/-/secure-json-parse-2.7.0.tgz. Extracting by manifest.
671 silly tarball no local data for send@https://registry.npmmirror.com/send/-/send-0.19.0.tgz. Extracting by manifest.
672 silly tarball no local data for semver@https://registry.npmmirror.com/semver/-/semver-7.6.3.tgz. Extracting by manifest.
673 silly tarball no local data for seek-bzip@https://registry.npmmirror.com/seek-bzip/-/seek-bzip-1.0.6.tgz. Extracting by manifest.
674 silly tarball no local data for safer-buffer@https://registry.npmmirror.com/safer-buffer/-/safer-buffer-2.1.2.tgz. Extracting by manifest.
675 silly tarball no local data for safe-json-stringify@https://registry.npmmirror.com/safe-json-stringify/-/safe-json-stringify-1.2.0.tgz. Extracting by manifest.
676 silly tarball no local data for safe-stable-stringify@https://registry.npmmirror.com/safe-stable-stringify/-/safe-stable-stringify-2.3.1.tgz. Extracting by manifest.
677 silly tarball no local data for safe-buffer@https://registry.npmmirror.com/safe-buffer/-/safe-buffer-5.1.2.tgz. Extracting by manifest.
678 silly tarball no local data for rxjs@https://registry.npmmirror.com/rxjs/-/rxjs-6.6.7.tgz. Extracting by manifest.
679 silly tarball no local data for safe-regex2@https://registry.npmmirror.com/safe-regex2/-/safe-regex2-3.1.0.tgz. Extracting by manifest.
680 silly tarball no local data for run-parallel@https://registry.npmmirror.com/run-parallel/-/run-parallel-1.2.0.tgz. Extracting by manifest.
681 silly tarball no local data for rollup@https://registry.npmmirror.com/rollup/-/rollup-4.22.4.tgz. Extracting by manifest.
682 silly tarball no local data for reusify@https://registry.npmmirror.com/reusify/-/reusify-1.0.4.tgz. Extracting by manifest.
683 silly tarball no local data for rfdc@https://registry.npmmirror.com/rfdc/-/rfdc-1.4.1.tgz. Extracting by manifest.
684 silly tarball no local data for run-async@https://registry.npmmirror.com/run-async/-/run-async-2.4.1.tgz. Extracting by manifest.
685 silly tarball no local data for retry@https://registry.npmmirror.com/retry/-/retry-0.13.1.tgz. Extracting by manifest.
686 silly tarball no local data for rimraf@https://registry.npmmirror.com/rimraf/-/rimraf-3.0.2.tgz. Extracting by manifest.
687 silly tarball no local data for resolve-alpn@https://registry.npmmirror.com/resolve-alpn/-/resolve-alpn-1.2.1.tgz. Extracting by manifest.
688 silly tarball no local data for restore-cursor@https://registry.npmmirror.com/restore-cursor/-/restore-cursor-2.0.0.tgz. Extracting by manifest.
689 silly tarball no local data for responselike@https://registry.npmmirror.com/responselike/-/responselike-3.0.0.tgz. Extracting by manifest.
690 silly tarball no local data for resolve@https://registry.npmmirror.com/resolve/-/resolve-2.0.0-next.5.tgz. Extracting by manifest.
691 silly tarball no local data for resolve-from@https://registry.npmmirror.com/resolve-from/-/resolve-from-5.0.0.tgz. Extracting by manifest.
692 silly tarball no local data for requires-port@https://registry.npmmirror.com/requires-port/-/requires-port-1.0.0.tgz. Extracting by manifest.
693 silly tarball no local data for require-directory@https://registry.npmmirror.com/require-directory/-/require-directory-2.1.1.tgz. Extracting by manifest.
694 silly tarball no local data for require-from-string@https://registry.npmmirror.com/require-from-string/-/require-from-string-2.0.2.tgz. Extracting by manifest.
695 silly tarball no local data for repeat-string@https://registry.npmmirror.com/repeat-string/-/repeat-string-1.6.1.tgz. Extracting by manifest.
696 silly tarball no local data for require-package-name@https://registry.npmmirror.com/require-package-name/-/require-package-name-2.0.1.tgz. Extracting by manifest.
697 silly tarball no local data for registry-auth-token@https://registry.npmmirror.com/registry-auth-token/-/registry-auth-token-5.0.2.tgz. Extracting by manifest.
698 silly tarball no local data for remove-trailing-separator@https://registry.npmmirror.com/remove-trailing-separator/-/remove-trailing-separator-1.1.0.tgz. Extracting by manifest.
699 silly tarball no local data for readdirp@https://registry.npmmirror.com/readdirp/-/readdirp-3.6.0.tgz. Extracting by manifest.
700 silly tarball no local data for registry-url@https://registry.npmmirror.com/registry-url/-/registry-url-6.0.1.tgz. Extracting by manifest.
701 silly tarball no local data for redis-parser@https://registry.npmmirror.com/redis-parser/-/redis-parser-3.0.0.tgz. Extracting by manifest.
702 silly tarball no local data for readdir-glob@https://registry.npmmirror.com/readdir-glob/-/readdir-glob-1.1.3.tgz. Extracting by manifest.
703 silly tarball no local data for real-require@https://registry.npmmirror.com/real-require/-/real-require-0.2.0.tgz. Extracting by manifest.
704 silly tarball no local data for redis-errors@https://registry.npmmirror.com/redis-errors/-/redis-errors-1.2.0.tgz. Extracting by manifest.
705 silly tarball no local data for readable-stream@https://registry.npmmirror.com/readable-stream/-/readable-stream-3.6.2.tgz. Extracting by manifest.
706 silly tarball no local data for read-package-up@https://registry.npmmirror.com/read-package-up/-/read-package-up-11.0.0.tgz. Extracting by manifest.
707 silly tarball no local data for react-is@https://registry.npmmirror.com/react-is/-/react-is-17.0.2.tgz. Extracting by manifest.
708 silly tarball no local data for readable-web-to-node-stream@https://registry.npmmirror.com/readable-web-to-node-stream/-/readable-web-to-node-stream-3.0.2.tgz. Extracting by manifest.
709 silly tarball no local data for raw-body@https://registry.npmmirror.com/raw-body/-/raw-body-2.5.2.tgz. Extracting by manifest.
710 silly tarball no local data for rc@https://registry.npmmirror.com/rc/-/rc-1.2.8.tgz. Extracting by manifest.
711 silly tarball no local data for random-bytes@https://registry.npmmirror.com/random-bytes/-/random-bytes-1.0.0.tgz. Extracting by manifest.
712 silly tarball no local data for quote-unquote@https://registry.npmmirror.com/quote-unquote/-/quote-unquote-1.0.0.tgz. Extracting by manifest.
713 silly tarball no local data for quick-lru@https://registry.npmmirror.com/quick-lru/-/quick-lru-5.1.1.tgz. Extracting by manifest.
714 silly tarball no local data for quick-format-unescaped@https://registry.npmmirror.com/quick-format-unescaped/-/quick-format-unescaped-4.0.4.tgz. Extracting by manifest.
715 silly tarball no local data for radix3@https://registry.npmmirror.com/radix3/-/radix3-1.1.0.tgz. Extracting by manifest.
716 silly tarball no local data for queue-microtask@https://registry.npmmirror.com/queue-microtask/-/queue-microtask-1.2.3.tgz. Extracting by manifest.
717 silly tarball no local data for queue-tick@https://registry.npmmirror.com/queue-tick/-/queue-tick-1.0.1.tgz. Extracting by manifest.
718 silly tarball no local data for qs@https://registry.npmmirror.com/qs/-/qs-6.13.0.tgz. Extracting by manifest.
719 silly tarball no local data for pupa@https://registry.npmmirror.com/pupa/-/pupa-3.1.0.tgz. Extracting by manifest.
720 silly tarball no local data for punycode@https://registry.npmmirror.com/punycode/-/punycode-2.3.0.tgz. Extracting by manifest.
721 silly tarball no local data for range-parser@https://registry.npmmirror.com/range-parser/-/range-parser-1.2.1.tgz. Extracting by manifest.
722 silly tarball no local data for ps-list@https://registry.npmmirror.com/ps-list/-/ps-list-8.1.0.tgz. Extracting by manifest.
723 silly tarball no local data for pump@https://registry.npmmirror.com/pump/-/pump-3.0.2.tgz. Extracting by manifest.
724 silly tarball no local data for proxy-addr@https://registry.npmmirror.com/proxy-addr/-/proxy-addr-2.0.7.tgz. Extracting by manifest.
725 silly tarball no local data for proto-list@https://registry.npmmirror.com/proto-list/-/proto-list-1.2.4.tgz. Extracting by manifest.
726 silly tarball no local data for process-nextick-args@https://registry.npmmirror.com/process-nextick-args/-/process-nextick-args-2.0.1.tgz. Extracting by manifest.
727 silly tarball no local data for pretty-ms@https://registry.npmmirror.com/pretty-ms/-/pretty-ms-8.0.0.tgz. Extracting by manifest.
728 silly tarball no local data for prettyjson@https://registry.npmmirror.com/prettyjson/-/prettyjson-1.2.5.tgz. Extracting by manifest.
729 silly tarball no local data for precond@https://registry.npmmirror.com/precond/-/precond-0.2.3.tgz. Extracting by manifest.
730 silly tarball no local data for process@https://registry.npmmirror.com/process/-/process-0.11.10.tgz. Extracting by manifest.
731 silly tarball no local data for precinct@https://registry.npmmirror.com/precinct/-/precinct-11.0.5.tgz. Extracting by manifest.
732 silly tarball no local data for postcss@https://registry.npmmirror.com/postcss/-/postcss-8.4.47.tgz. Extracting by manifest.
733 silly tarball no local data for prebuild-install@https://registry.npmmirror.com/prebuild-install/-/prebuild-install-7.1.1.tgz. Extracting by manifest.
734 silly tarball no local data for pretty-format@https://registry.npmmirror.com/pretty-format/-/pretty-format-27.5.1.tgz. Extracting by manifest.
735 silly tarball no local data for pkg-types@https://registry.npmmirror.com/pkg-types/-/pkg-types-1.0.3.tgz. Extracting by manifest.
736 silly tarball no local data for postcss-values-parser@https://registry.npmmirror.com/postcss-values-parser/-/postcss-values-parser-6.0.2.tgz. Extracting by manifest.
737 silly tarball no local data for pino-abstract-transport@https://registry.npmmirror.com/pino-abstract-transport/-/pino-abstract-transport-1.2.0.tgz. Extracting by manifest.
738 silly tarball no local data for pino-std-serializers@https://registry.npmmirror.com/pino-std-serializers/-/pino-std-serializers-7.0.0.tgz. Extracting by manifest.
739 silly tarball no local data for pino@https://registry.npmmirror.com/pino/-/pino-9.4.0.tgz. Extracting by manifest.
740 silly tarball no local data for picomatch@https://registry.npmmirror.com/picomatch/-/picomatch-2.3.1.tgz. Extracting by manifest.
741 silly tarball no local data for pend@https://registry.npmmirror.com/pend/-/pend-1.2.0.tgz. Extracting by manifest.
742 silly tarball no local data for peek-readable@https://registry.npmmirror.com/peek-readable/-/peek-readable-5.0.0.tgz. Extracting by manifest.
743 silly tarball no local data for pathe@https://registry.npmmirror.com/pathe/-/pathe-1.1.2.tgz. Extracting by manifest.
744 silly tarball no local data for path-is-absolute@https://registry.npmmirror.com/path-is-absolute/-/path-is-absolute-1.0.1.tgz. Extracting by manifest.
745 silly tarball no local data for path-type@https://registry.npmmirror.com/path-type/-/path-type-4.0.0.tgz. Extracting by manifest.
746 silly tarball no local data for path-scurry@https://registry.npmmirror.com/path-scurry/-/path-scurry-1.11.1.tgz. Extracting by manifest.
747 silly tarball no local data for parseurl@https://registry.npmmirror.com/parseurl/-/parseurl-1.3.3.tgz. Extracting by manifest.
748 silly tarball no local data for picocolors@https://registry.npmmirror.com/picocolors/-/picocolors-1.1.0.tgz. Extracting by manifest.
749 silly tarball no local data for parse-ms@https://registry.npmmirror.com/parse-ms/-/parse-ms-3.0.0.tgz. Extracting by manifest.
750 silly tarball no local data for path-parse@https://registry.npmmirror.com/path-parse/-/path-parse-1.0.7.tgz. Extracting by manifest.
751 silly tarball no local data for parse-gitignore@https://registry.npmmirror.com/parse-gitignore/-/parse-gitignore-2.0.0.tgz. Extracting by manifest.
752 silly tarball no local data for parse-github-url@https://registry.npmmirror.com/parse-github-url/-/parse-github-url-1.0.3.tgz. Extracting by manifest.
753 silly tarball no local data for path-key@https://registry.npmmirror.com/path-key/-/path-key-4.0.0.tgz. Extracting by manifest.
754 silly tarball no local data for parse-json@https://registry.npmmirror.com/parse-json/-/parse-json-5.2.0.tgz. Extracting by manifest.
755 silly tarball no local data for package-json@https://registry.npmmirror.com/package-json/-/package-json-10.0.1.tgz. Extracting by manifest.
756 silly tarball no local data for p-timeout@https://registry.npmmirror.com/p-timeout/-/p-timeout-6.1.3.tgz. Extracting by manifest.
757 silly tarball no local data for p-wait-for@https://registry.npmmirror.com/p-wait-for/-/p-wait-for-5.0.2.tgz. Extracting by manifest.
758 silly tarball no local data for parallel-transform@https://registry.npmmirror.com/parallel-transform/-/parallel-transform-1.2.0.tgz. Extracting by manifest.
759 silly tarball no local data for p-retry@https://registry.npmmirror.com/p-retry/-/p-retry-5.1.1.tgz. Extracting by manifest.
760 silly tarball no local data for p-finally@https://registry.npmmirror.com/p-finally/-/p-finally-1.0.0.tgz. Extracting by manifest.
761 silly tarball no local data for p-every@https://registry.npmmirror.com/p-every/-/p-every-2.0.0.tgz. Extracting by manifest.
762 silly tarball no local data for p-filter@https://registry.npmmirror.com/p-filter/-/p-filter-4.1.0.tgz. Extracting by manifest.
763 silly tarball no local data for p-map@https://registry.npmmirror.com/p-map/-/p-map-7.0.2.tgz. Extracting by manifest.
764 silly tarball no local data for p-event@https://registry.npmmirror.com/p-event/-/p-event-5.0.1.tgz. Extracting by manifest.
765 silly tarball no local data for os-tmpdir@https://registry.npmmirror.com/os-tmpdir/-/os-tmpdir-1.0.2.tgz. Extracting by manifest.
766 silly tarball no local data for os-name@https://registry.npmmirror.com/os-name/-/os-name-5.0.1.tgz. Extracting by manifest.
767 silly tarball no local data for p-reduce@https://registry.npmmirror.com/p-reduce/-/p-reduce-3.0.0.tgz. Extracting by manifest.
768 silly tarball no local data for open@https://registry.npmmirror.com/open/-/open-8.4.2.tgz. Extracting by manifest.
769 silly tarball no local data for ora@https://registry.npmmirror.com/ora/-/ora-8.1.1.tgz. Extracting by manifest.
770 silly tarball no local data for on-headers@https://registry.npmmirror.com/on-headers/-/on-headers-1.0.2.tgz. Extracting by manifest.
771 silly tarball no local data for p-cancelable@https://registry.npmmirror.com/p-cancelable/-/p-cancelable-3.0.0.tgz. Extracting by manifest.
772 silly tarball no local data for onetime@https://registry.npmmirror.com/onetime/-/onetime-5.1.2.tgz. Extracting by manifest.
773 silly tarball no local data for on-finished@https://registry.npmmirror.com/on-finished/-/on-finished-2.4.1.tgz. Extracting by manifest.
774 silly tarball no local data for one-time@https://registry.npmmirror.com/one-time/-/one-time-1.0.0.tgz. Extracting by manifest.
775 silly tarball no local data for on-exit-leak-free@https://registry.npmmirror.com/on-exit-leak-free/-/on-exit-leak-free-2.1.2.tgz. Extracting by manifest.
776 silly tarball no local data for once@https://registry.npmmirror.com/once/-/once-1.4.0.tgz. Extracting by manifest.
777 silly tarball no local data for object-assign@https://registry.npmmirror.com/object-assign/-/object-assign-4.1.1.tgz. Extracting by manifest.
778 silly tarball no local data for omit.js@https://registry.npmmirror.com/omit.js/-/omit.js-2.0.2.tgz. Extracting by manifest.
779 silly tarball no local data for ofetch@https://registry.npmmirror.com/ofetch/-/ofetch-1.3.3.tgz. Extracting by manifest.
780 silly tarball no local data for ohash@https://registry.npmmirror.com/ohash/-/ohash-1.1.3.tgz. Extracting by manifest.
781 silly tarball no local data for nth-check@https://registry.npmmirror.com/nth-check/-/nth-check-2.1.1.tgz. Extracting by manifest.
782 silly tarball no local data for npmlog@https://registry.npmmirror.com/npmlog/-/npmlog-5.0.1.tgz. Extracting by manifest.
783 silly tarball no local data for normalize-path@https://registry.npmmirror.com/normalize-path/-/normalize-path-3.0.0.tgz. Extracting by manifest.
784 silly tarball no local data for npm-run-path@https://registry.npmmirror.com/npm-run-path/-/npm-run-path-4.0.1.tgz. Extracting by manifest.
785 silly tarball no local data for object-inspect@https://registry.npmmirror.com/object-inspect/-/object-inspect-1.13.2.tgz. Extracting by manifest.
786 silly tarball no local data for normalize-package-data@https://registry.npmmirror.com/normalize-package-data/-/normalize-package-data-3.0.3.tgz. Extracting by manifest.
787 silly tarball no local data for normalize-url@https://registry.npmmirror.com/normalize-url/-/normalize-url-8.0.1.tgz. Extracting by manifest.
788 silly tarball no local data for nopt@https://registry.npmmirror.com/nopt/-/nopt-5.0.0.tgz. Extracting by manifest.
789 silly tarball no local data for node-stream-zip@https://registry.npmmirror.com/node-stream-zip/-/node-stream-zip-1.15.0.tgz. Extracting by manifest.
790 silly tarball no local data for node-version-alias@https://registry.npmmirror.com/node-version-alias/-/node-version-alias-3.4.1.tgz. Extracting by manifest.
791 silly tarball no local data for node-source-walk@https://registry.npmmirror.com/node-source-walk/-/node-source-walk-6.0.2.tgz. Extracting by manifest.
792 silly tarball no local data for normalize-node-version@https://registry.npmmirror.com/normalize-node-version/-/normalize-node-version-12.4.0.tgz. Extracting by manifest.
793 silly tarball no local data for node-fetch@https://registry.npmmirror.com/node-fetch/-/node-fetch-3.3.2.tgz. Extracting by manifest.
794 silly tarball no local data for node-forge@https://registry.npmmirror.com/node-forge/-/node-forge-1.3.1.tgz. Extracting by manifest.
795 silly tarball no local data for node-fetch-native@https://registry.npmmirror.com/node-fetch-native/-/node-fetch-native-1.6.2.tgz. Extracting by manifest.
796 silly tarball no local data for node-gyp-build@https://registry.npmmirror.com/node-gyp-build/-/node-gyp-build-4.6.0.tgz. Extracting by manifest.
797 silly tarball no local data for node-domexception@https://registry.npmmirror.com/node-domexception/-/node-domexception-1.0.0.tgz. Extracting by manifest.
798 silly tarball no local data for nested-error-stacks@https://registry.npmmirror.com/nested-error-stacks/-/nested-error-stacks-2.1.1.tgz. Extracting by manifest.
799 silly tarball no local data for node-addon-api@https://registry.npmmirror.com/node-addon-api/-/node-addon-api-7.1.0.tgz. Extracting by manifest.
800 silly tarball no local data for netlify@https://registry.npmmirror.com/netlify/-/netlify-13.2.0.tgz. Extracting by manifest.
801 silly tarball no local data for node-abi@https://registry.npmmirror.com/node-abi/-/node-abi-3.51.0.tgz. Extracting by manifest.
802 silly tarball no local data for netlify-redirector@https://registry.npmmirror.com/netlify-redirector/-/netlify-redirector-0.5.0.tgz. Extracting by manifest.
803 silly tarball no local data for nanoid@https://registry.npmmirror.com/nanoid/-/nanoid-3.3.7.tgz. Extracting by manifest.
804 silly tarball no local data for napi-build-utils@https://registry.npmmirror.com/napi-build-utils/-/napi-build-utils-1.0.2.tgz. Extracting by manifest.
805 silly tarball no local data for nan@https://registry.npmmirror.com/nan/-/nan-2.17.0.tgz. Extracting by manifest.
806 silly tarball no local data for mute-stream@https://registry.npmmirror.com/mute-stream/-/mute-stream-0.0.7.tgz. Extracting by manifest.
807 silly tarball no local data for ms@https://registry.npmmirror.com/ms/-/ms-2.1.3.tgz. Extracting by manifest.
808 silly tarball no local data for multiparty@https://registry.npmmirror.com/multiparty/-/multiparty-4.2.3.tgz. Extracting by manifest.
809 silly tarball no local data for negotiator@https://registry.npmmirror.com/negotiator/-/negotiator-0.6.3.tgz. Extracting by manifest.
810 silly tarball no local data for mlly@https://registry.npmmirror.com/mlly/-/mlly-1.5.0.tgz. Extracting by manifest.
811 silly tarball no local data for move-file@https://registry.npmmirror.com/move-file/-/move-file-3.0.0.tgz. Extracting by manifest.
812 silly tarball no local data for mri@https://registry.npmmirror.com/mri/-/mri-1.2.0.tgz. Extracting by manifest.
813 silly tarball no local data for moize@https://registry.npmmirror.com/moize/-/moize-6.1.3.tgz. Extracting by manifest.
814 silly tarball no local data for module-definition@https://registry.npmmirror.com/module-definition/-/module-definition-5.0.1.tgz. Extracting by manifest.
815 silly tarball no local data for mkdirp-classic@https://registry.npmmirror.com/mkdirp-classic/-/mkdirp-classic-0.5.3.tgz. Extracting by manifest.
816 silly tarball no local data for minipass@https://registry.npmmirror.com/minipass/-/minipass-5.0.0.tgz. Extracting by manifest.
817 silly tarball no local data for minizlib@https://registry.npmmirror.com/minizlib/-/minizlib-2.1.2.tgz. Extracting by manifest.
818 silly tarball no local data for minimist@https://registry.npmmirror.com/minimist/-/minimist-1.2.8.tgz. Extracting by manifest.
819 silly tarball no local data for mkdirp@https://registry.npmmirror.com/mkdirp/-/mkdirp-0.5.6.tgz. Extracting by manifest.
820 silly tarball no local data for minimatch@https://registry.npmmirror.com/minimatch/-/minimatch-3.1.2.tgz. Extracting by manifest.
821 silly tarball no local data for mimic-response@https://registry.npmmirror.com/mimic-response/-/mimic-response-4.0.0.tgz. Extracting by manifest.
822 silly tarball no local data for mimic-function@https://registry.npmmirror.com/mimic-function/-/mimic-function-5.0.1.tgz. Extracting by manifest.
823 silly tarball no local data for mime-types@https://registry.npmmirror.com/mime-types/-/mime-types-2.1.34.tgz. Extracting by manifest.
824 silly tarball no local data for mime-db@https://registry.npmmirror.com/mime-db/-/mime-db-1.51.0.tgz. Extracting by manifest.
825 silly tarball no local data for mimic-fn@https://registry.npmmirror.com/mimic-fn/-/mimic-fn-4.0.0.tgz. Extracting by manifest.
826 silly tarball no local data for micro-api-client@https://registry.npmmirror.com/micro-api-client/-/micro-api-client-3.3.0.tgz. Extracting by manifest.
827 silly tarball no local data for mime@https://registry.npmmirror.com/mime/-/mime-1.6.0.tgz. Extracting by manifest.
828 silly tarball no local data for micromatch@https://registry.npmmirror.com/micromatch/-/micromatch-4.0.8.tgz. Extracting by manifest.
829 silly tarball no local data for micro-memoize@https://registry.npmmirror.com/micro-memoize/-/micro-memoize-4.0.11.tgz. Extracting by manifest.
830 silly tarball no local data for methods@https://registry.npmmirror.com/methods/-/methods-1.1.2.tgz. Extracting by manifest.
831 silly tarball no local data for merge2@https://registry.npmmirror.com/merge2/-/merge2-1.4.1.tgz. Extracting by manifest.
832 silly tarball no local data for merge-descriptors@https://registry.npmmirror.com/merge-descriptors/-/merge-descriptors-1.0.3.tgz. Extracting by manifest.
833 silly tarball no local data for merge-stream@https://registry.npmmirror.com/merge-stream/-/merge-stream-2.0.0.tgz. Extracting by manifest.
834 silly tarball no local data for merge-options@https://registry.npmmirror.com/merge-options/-/merge-options-3.0.4.tgz. Extracting by manifest.
835 silly tarball no local data for memoize-one@https://registry.npmmirror.com/memoize-one/-/memoize-one-6.0.0.tgz. Extracting by manifest.
836 silly tarball no local data for maxstache-stream@https://registry.npmmirror.com/maxstache-stream/-/maxstache-stream-1.0.4.tgz. Extracting by manifest.
837 silly tarball no local data for maxstache@https://registry.npmmirror.com/maxstache/-/maxstache-1.0.7.tgz. Extracting by manifest.
838 silly tarball no local data for media-typer@https://registry.npmmirror.com/media-typer/-/media-typer-0.3.0.tgz. Extracting by manifest.
839 silly tarball no local data for md5-hex@https://registry.npmmirror.com/md5-hex/-/md5-hex-3.0.1.tgz. Extracting by manifest.
840 silly tarball no local data for mdn-data@https://registry.npmmirror.com/mdn-data/-/mdn-data-2.0.30.tgz. Extracting by manifest.
841 silly tarball no local data for make-error@https://registry.npmmirror.com/make-error/-/make-error-1.3.6.tgz. Extracting by manifest.
842 silly tarball no local data for lru-cache@https://registry.npmmirror.com/lru-cache/-/lru-cache-6.0.0.tgz. Extracting by manifest.
843 silly tarball no local data for lowercase-keys@https://registry.npmmirror.com/lowercase-keys/-/lowercase-keys-3.0.0.tgz. Extracting by manifest.
844 silly tarball no local data for macos-release@https://registry.npmmirror.com/macos-release/-/macos-release-3.0.1.tgz. Extracting by manifest.
845 silly tarball no local data for luxon@https://registry.npmmirror.com/luxon/-/luxon-3.2.1.tgz. Extracting by manifest.
846 silly tarball no local data for logform@https://registry.npmmirror.com/logform/-/logform-2.4.0.tgz. Extracting by manifest.
847 silly tarball no local data for log-update@https://registry.npmmirror.com/log-update/-/log-update-6.1.0.tgz. Extracting by manifest.
848 silly tarball no local data for make-dir@https://registry.npmmirror.com/make-dir/-/make-dir-3.1.0.tgz. Extracting by manifest.
849 silly tarball no local data for lodash.transform@https://registry.npmmirror.com/lodash.transform/-/lodash.transform-4.6.0.tgz. Extracting by manifest.
850 silly tarball no local data for log-process-errors@https://registry.npmmirror.com/log-process-errors/-/log-process-errors-8.0.0.tgz. Extracting by manifest.
851 silly tarball no local data for log-symbols@https://registry.npmmirror.com/log-symbols/-/log-symbols-6.0.0.tgz. Extracting by manifest.
852 silly tarball no local data for lodash.isnumber@https://registry.npmmirror.com/lodash.isnumber/-/lodash.isnumber-3.0.3.tgz. Extracting by manifest.
853 silly tarball no local data for lodash.isinteger@https://registry.npmmirror.com/lodash.isinteger/-/lodash.isinteger-4.0.4.tgz. Extracting by manifest.
854 silly tarball no local data for lodash.isplainobject@https://registry.npmmirror.com/lodash.isplainobject/-/lodash.isplainobject-4.0.6.tgz. Extracting by manifest.
855 silly tarball no local data for lodash.isstring@https://registry.npmmirror.com/lodash.isstring/-/lodash.isstring-4.0.1.tgz. Extracting by manifest.
856 silly tarball no local data for lodash.isboolean@https://registry.npmmirror.com/lodash.isboolean/-/lodash.isboolean-3.0.3.tgz. Extracting by manifest.
857 silly tarball no local data for lodash.isempty@https://registry.npmmirror.com/lodash.isempty/-/lodash.isempty-4.4.0.tgz. Extracting by manifest.
858 silly tarball no local data for lodash.defaults@https://registry.npmmirror.com/lodash.defaults/-/lodash.defaults-4.2.0.tgz. Extracting by manifest.
859 silly tarball no local data for lodash.deburr@https://registry.npmmirror.com/lodash.deburr/-/lodash.deburr-4.1.0.tgz. Extracting by manifest.
860 silly tarball no local data for lodash.isarguments@https://registry.npmmirror.com/lodash.isarguments/-/lodash.isarguments-3.1.0.tgz. Extracting by manifest.
861 silly tarball no local data for lodash.includes@https://registry.npmmirror.com/lodash.includes/-/lodash.includes-4.3.0.tgz. Extracting by manifest.
862 silly tarball no local data for lodash-es@https://registry.npmmirror.com/lodash-es/-/lodash-es-4.17.21.tgz. Extracting by manifest.
863 silly tarball no local data for lodash@https://registry.npmmirror.com/lodash/-/lodash-4.17.21.tgz. Extracting by manifest.
864 silly tarball no local data for listr2@https://registry.npmmirror.com/listr2/-/listr2-8.2.5.tgz. Extracting by manifest.
865 silly tarball no local data for lodash.once@https://registry.npmmirror.com/lodash.once/-/lodash.once-4.1.1.tgz. Extracting by manifest.
866 silly tarball no local data for lines-and-columns@https://registry.npmmirror.com/lines-and-columns/-/lines-and-columns-1.2.4.tgz. Extracting by manifest.
867 silly tarball no local data for listhen@https://registry.npmmirror.com/listhen/-/listhen-1.6.0.tgz. Extracting by manifest.
868 silly tarball no local data for locate-path@https://registry.npmmirror.com/locate-path/-/locate-path-7.2.0.tgz. Extracting by manifest.
869 silly tarball no local data for latest-version@https://registry.npmmirror.com/latest-version/-/latest-version-9.0.0.tgz. Extracting by manifest.
870 silly tarball no local data for leven@https://registry.npmmirror.com/leven/-/leven-3.1.0.tgz. Extracting by manifest.
871 silly tarball no local data for lambda-local@https://registry.npmmirror.com/lambda-local/-/lambda-local-2.2.0.tgz. Extracting by manifest.
872 silly tarball no local data for light-my-request@https://registry.npmmirror.com/light-my-request/-/light-my-request-5.14.0.tgz. Extracting by manifest.
873 silly tarball no local data for kuler@https://registry.npmmirror.com/kuler/-/kuler-2.0.0.tgz. Extracting by manifest.
874 silly tarball no local data for lazystream@https://registry.npmmirror.com/lazystream/-/lazystream-1.0.1.tgz. Extracting by manifest.
875 silly tarball no local data for keyv@https://registry.npmmirror.com/keyv/-/keyv-4.5.4.tgz. Extracting by manifest.
876 silly tarball no local data for ky@https://registry.npmmirror.com/ky/-/ky-1.7.2.tgz. Extracting by manifest.
877 silly tarball no local data for kind-of@https://registry.npmmirror.com/kind-of/-/kind-of-6.0.3.tgz. Extracting by manifest.
878 silly tarball no local data for jwt-decode@https://registry.npmmirror.com/jwt-decode/-/jwt-decode-4.0.0.tgz. Extracting by manifest.
879 silly tarball no local data for jws@https://registry.npmmirror.com/jws/-/jws-3.2.2.tgz. Extracting by manifest.
880 silly tarball no local data for keep-func-props@https://registry.npmmirror.com/keep-func-props/-/keep-func-props-4.0.1.tgz. Extracting by manifest.
881 silly tarball no local data for jwa@https://registry.npmmirror.com/jwa/-/jwa-1.4.1.tgz. Extracting by manifest.
882 silly tarball no local data for junk@https://registry.npmmirror.com/junk/-/junk-4.0.1.tgz. Extracting by manifest.
883 silly tarball no local data for jsonwebtoken@https://registry.npmmirror.com/jsonwebtoken/-/jsonwebtoken-9.0.2.tgz. Extracting by manifest.
884 silly tarball no local data for jsonc-parser@https://registry.npmmirror.com/jsonc-parser/-/jsonc-parser-3.2.0.tgz. Extracting by manifest.
885 silly tarball no local data for json-parse-even-better-errors@https://registry.npmmirror.com/json-parse-even-better-errors/-/json-parse-even-better-errors-2.3.1.tgz. Extracting by manifest.
886 silly tarball no local data for json-schema-traverse@https://registry.npmmirror.com/json-schema-traverse/-/json-schema-traverse-0.4.1.tgz. Extracting by manifest.
887 silly tarball no local data for jsonpointer@https://registry.npmmirror.com/jsonpointer/-/jsonpointer-5.0.1.tgz. Extracting by manifest.
888 silly tarball no local data for json-schema-ref-resolver@https://registry.npmmirror.com/json-schema-ref-resolver/-/json-schema-ref-resolver-1.0.1.tgz. Extracting by manifest.
889 silly tarball no local data for js-tokens@https://registry.npmmirror.com/js-tokens/-/js-tokens-4.0.0.tgz. Extracting by manifest.
890 silly tarball no local data for js-string-escape@https://registry.npmmirror.com/js-string-escape/-/js-string-escape-1.0.1.tgz. Extracting by manifest.
891 silly tarball no local data for js-yaml@https://registry.npmmirror.com/js-yaml/-/js-yaml-4.1.0.tgz. Extracting by manifest.
892 silly tarball no local data for jiti@https://registry.npmmirror.com/jiti/-/jiti-1.21.0.tgz. Extracting by manifest.
893 silly tarball no local data for json-buffer@https://registry.npmmirror.com/json-buffer/-/json-buffer-3.0.1.tgz. Extracting by manifest.
894 silly tarball no local data for jest-validate@https://registry.npmmirror.com/jest-validate/-/jest-validate-27.5.1.tgz. Extracting by manifest.
895 silly tarball no local data for jackspeak@https://registry.npmmirror.com/jackspeak/-/jackspeak-2.3.6.tgz. Extracting by manifest.
896 silly tarball no local data for jest-get-type@https://registry.npmmirror.com/jest-get-type/-/jest-get-type-27.5.1.tgz. Extracting by manifest.
897 silly tarball no local data for isexe@https://registry.npmmirror.com/isexe/-/isexe-3.1.1.tgz. Extracting by manifest.
898 silly tarball no local data for iserror@https://registry.npmmirror.com/iserror/-/iserror-0.0.2.tgz. Extracting by manifest.
899 silly tarball no local data for is-wsl@https://registry.npmmirror.com/is-wsl/-/is-wsl-3.1.0.tgz. Extracting by manifest.
900 silly tarball no local data for is-url-superb@https://registry.npmmirror.com/is-url-superb/-/is-url-superb-4.0.0.tgz. Extracting by manifest.
901 silly tarball no local data for is-url@https://registry.npmmirror.com/is-url/-/is-url-1.2.4.tgz. Extracting by manifest.
902 silly tarball no local data for is64bit@https://registry.npmmirror.com/is64bit/-/is64bit-2.0.0.tgz. Extracting by manifest.
903 silly tarball no local data for isarray@https://registry.npmmirror.com/isarray/-/isarray-1.0.0.tgz. Extracting by manifest.
904 silly tarball no local data for is-stream@https://registry.npmmirror.com/is-stream/-/is-stream-4.0.1.tgz. Extracting by manifest.
905 silly tarball no local data for is-typedarray@https://registry.npmmirror.com/is-typedarray/-/is-typedarray-1.0.0.tgz. Extracting by manifest.
906 silly tarball no local data for is-unicode-supported@https://registry.npmmirror.com/is-unicode-supported/-/is-unicode-supported-1.3.0.tgz. Extracting by manifest.
907 silly tarball no local data for is-number@https://registry.npmmirror.com/is-number/-/is-number-7.0.0.tgz. Extracting by manifest.
908 silly tarball no local data for is-path-inside@https://registry.npmmirror.com/is-path-inside/-/is-path-inside-4.0.0.tgz. Extracting by manifest.
909 silly tarball no local data for is-plain-obj@https://registry.npmmirror.com/is-plain-obj/-/is-plain-obj-4.1.0.tgz. Extracting by manifest.
910 silly tarball no local data for is-interactive@https://registry.npmmirror.com/is-interactive/-/is-interactive-2.0.0.tgz. Extracting by manifest.
911 silly tarball no local data for is-obj@https://registry.npmmirror.com/is-obj/-/is-obj-2.0.0.tgz. Extracting by manifest.
912 silly tarball no local data for is-in-ci@https://registry.npmmirror.com/is-in-ci/-/is-in-ci-1.0.0.tgz. Extracting by manifest.
913 silly tarball no local data for is-installed-globally@https://registry.npmmirror.com/is-installed-globally/-/is-installed-globally-1.0.0.tgz. Extracting by manifest.
914 silly tarball no local data for is-extglob@https://registry.npmmirror.com/is-extglob/-/is-extglob-2.1.1.tgz. Extracting by manifest.
915 silly tarball no local data for is-inside-container@https://registry.npmmirror.com/is-inside-container/-/is-inside-container-1.0.0.tgz. Extracting by manifest.
916 silly tarball no local data for is-fullwidth-code-point@https://registry.npmmirror.com/is-fullwidth-code-point/-/is-fullwidth-code-point-4.0.0.tgz. Extracting by manifest.
917 silly tarball no local data for is-glob@https://registry.npmmirror.com/is-glob/-/is-glob-4.0.3.tgz. Extracting by manifest.
918 silly tarball no local data for is-docker@https://registry.npmmirror.com/is-docker/-/is-docker-3.0.0.tgz. Extracting by manifest.
919 silly tarball no local data for is-binary-path@https://registry.npmmirror.com/is-binary-path/-/is-binary-path-2.1.0.tgz. Extracting by manifest.
920 silly tarball no local data for is-core-module@https://registry.npmmirror.com/is-core-module/-/is-core-module-2.13.0.tgz. Extracting by manifest.
921 silly tarball no local data for is-arrayish@https://registry.npmmirror.com/is-arrayish/-/is-arrayish-0.2.1.tgz. Extracting by manifest.
922 silly tarball no local data for is-builtin-module@https://registry.npmmirror.com/is-builtin-module/-/is-builtin-module-3.1.0.tgz. Extracting by manifest.
923 silly tarball no local data for iron-webcrypto@https://registry.npmmirror.com/iron-webcrypto/-/iron-webcrypto-1.0.0.tgz. Extracting by manifest.
924 silly tarball no local data for ipx@https://registry.npmmirror.com/ipx/-/ipx-2.1.0.tgz. Extracting by manifest.
925 silly tarball no local data for is-npm@https://registry.npmmirror.com/is-npm/-/is-npm-6.0.0.tgz. Extracting by manifest.
926 silly tarball no local data for ioredis@https://registry.npmmirror.com/ioredis/-/ioredis-5.3.2.tgz. Extracting by manifest.
927 silly tarball no local data for ipaddr.js@https://registry.npmmirror.com/ipaddr.js/-/ipaddr.js-1.9.1.tgz. Extracting by manifest.
928 silly tarball no local data for inspect-with-kind@https://registry.npmmirror.com/inspect-with-kind/-/inspect-with-kind-1.0.5.tgz. Extracting by manifest.
929 silly tarball no local data for inquirer-autocomplete-prompt@https://registry.npmmirror.com/inquirer-autocomplete-prompt/-/inquirer-autocomplete-prompt-1.4.0.tgz. Extracting by manifest.
930 silly tarball no local data for inquirer@https://registry.npmmirror.com/inquirer/-/inquirer-6.5.2.tgz. Extracting by manifest.
931 silly tarball no local data for image-meta@https://registry.npmmirror.com/image-meta/-/image-meta-0.2.0.tgz. Extracting by manifest.
932 silly tarball no local data for inherits@https://registry.npmmirror.com/inherits/-/inherits-2.0.4.tgz. Extracting by manifest.
933 silly tarball no local data for imurmurhash@https://registry.npmmirror.com/imurmurhash/-/imurmurhash-0.1.4.tgz. Extracting by manifest.
934 silly tarball no local data for index-to-position@https://registry.npmmirror.com/index-to-position/-/index-to-position-0.1.2.tgz. Extracting by manifest.
935 silly tarball no local data for inflight@https://registry.npmmirror.com/inflight/-/inflight-1.0.6.tgz. Extracting by manifest.
936 silly tarball no local data for ignore@https://registry.npmmirror.com/ignore/-/ignore-5.2.4.tgz. Extracting by manifest.
937 silly tarball no local data for human-signals@https://registry.npmmirror.com/human-signals/-/human-signals-2.1.0.tgz. Extracting by manifest.
938 silly tarball no local data for ieee754@https://registry.npmmirror.com/ieee754/-/ieee754-1.2.1.tgz. Extracting by manifest.
939 silly tarball no local data for http2-wrapper@https://registry.npmmirror.com/http2-wrapper/-/http2-wrapper-2.2.1.tgz. Extracting by manifest.
940 silly tarball no local data for iconv-lite@https://registry.npmmirror.com/iconv-lite/-/iconv-lite-0.4.24.tgz. Extracting by manifest.
941 silly tarball no local data for http-shutdown@https://registry.npmmirror.com/http-shutdown/-/http-shutdown-1.2.2.tgz. Extracting by manifest.
942 silly tarball no local data for http-proxy@https://registry.npmmirror.com/http-proxy/-/http-proxy-1.18.1.tgz. Extracting by manifest.
943 silly tarball no local data for https-proxy-agent@https://registry.npmmirror.com/https-proxy-agent/-/https-proxy-agent-7.0.5.tgz. Extracting by manifest.
944 silly tarball no local data for http-proxy-middleware@https://registry.npmmirror.com/http-proxy-middleware/-/http-proxy-middleware-2.0.7.tgz. Extracting by manifest.
945 silly tarball no local data for http-cache-semantics@https://registry.npmmirror.com/http-cache-semantics/-/http-cache-semantics-4.1.1.tgz. Extracting by manifest.
946 silly tarball no local data for http-errors@https://registry.npmmirror.com/http-errors/-/http-errors-1.8.1.tgz. Extracting by manifest.
947 silly tarball no local data for hosted-git-info@https://registry.npmmirror.com/hosted-git-info/-/hosted-git-info-4.1.0.tgz. Extracting by manifest.
948 silly tarball no local data for has-unicode@https://registry.npmmirror.com/has-unicode/-/has-unicode-2.0.1.tgz. Extracting by manifest.
949 silly tarball no local data for hasown@https://registry.npmmirror.com/hasown/-/hasown-2.0.2.tgz. Extracting by manifest.
950 silly tarball no local data for hasha@https://registry.npmmirror.com/hasha/-/hasha-5.2.2.tgz. Extracting by manifest.
951 silly tarball no local data for has-symbols@https://registry.npmmirror.com/has-symbols/-/has-symbols-1.0.3.tgz. Extracting by manifest.
952 silly tarball no local data for hot-shots@https://registry.npmmirror.com/hot-shots/-/hot-shots-10.2.1.tgz. Extracting by manifest.
953 silly tarball no local data for has-proto@https://registry.npmmirror.com/has-proto/-/has-proto-1.0.3.tgz. Extracting by manifest.
954 silly tarball no local data for has-property-descriptors@https://registry.npmmirror.com/has-property-descriptors/-/has-property-descriptors-1.0.2.tgz. Extracting by manifest.
955 silly tarball no local data for hasbin@https://registry.npmmirror.com/hasbin/-/hasbin-1.2.3.tgz. Extracting by manifest.
956 silly tarball no local data for has-own-prop@https://registry.npmmirror.com/has-own-prop/-/has-own-prop-2.0.0.tgz. Extracting by manifest.
957 silly tarball no local data for has-flag@https://registry.npmmirror.com/has-flag/-/has-flag-4.0.0.tgz. Extracting by manifest.
958 silly tarball no local data for graceful-fs@https://registry.npmmirror.com/graceful-fs/-/graceful-fs-4.2.10.tgz. Extracting by manifest.
959 silly tarball no local data for got@https://registry.npmmirror.com/got/-/got-12.6.1.tgz. Extracting by manifest.
960 silly tarball no local data for h3@https://registry.npmmirror.com/h3/-/h3-1.10.1.tgz. Extracting by manifest.
961 silly tarball no local data for gopd@https://registry.npmmirror.com/gopd/-/gopd-1.0.1.tgz. Extracting by manifest.
962 silly tarball no local data for has@https://registry.npmmirror.com/has/-/has-1.0.3.tgz. Extracting by manifest.
963 silly tarball no local data for global-directory@https://registry.npmmirror.com/global-directory/-/global-directory-4.0.1.tgz. Extracting by manifest.
964 silly tarball no local data for glob@https://registry.npmmirror.com/glob/-/glob-7.2.3.tgz. Extracting by manifest.
965 silly tarball no local data for globby@https://registry.npmmirror.com/globby/-/globby-11.1.0.tgz. Extracting by manifest.
966 silly tarball no local data for glob-parent@https://registry.npmmirror.com/glob-parent/-/glob-parent-5.1.2.tgz. Extracting by manifest.
967 silly tarball no local data for global-cache-dir@https://registry.npmmirror.com/global-cache-dir/-/global-cache-dir-4.4.0.tgz. Extracting by manifest.
968 silly tarball no local data for git-repo-info@https://registry.npmmirror.com/git-repo-info/-/git-repo-info-2.1.1.tgz. Extracting by manifest.
969 silly tarball no local data for gh-release-fetch@https://registry.npmmirror.com/gh-release-fetch/-/gh-release-fetch-4.0.3.tgz. Extracting by manifest.
970 silly tarball no local data for github-from-package@https://registry.npmmirror.com/github-from-package/-/github-from-package-0.0.0.tgz. Extracting by manifest.
971 silly tarball no local data for gitconfiglocal@https://registry.npmmirror.com/gitconfiglocal/-/gitconfiglocal-2.1.0.tgz. Extracting by manifest.
972 silly tarball no local data for get-stream@https://registry.npmmirror.com/get-stream/-/get-stream-6.0.1.tgz. Extracting by manifest.
973 silly tarball no local data for gonzales-pe@https://registry.npmmirror.com/gonzales-pe/-/gonzales-pe-4.3.0.tgz. Extracting by manifest.
974 silly tarball no local data for get-package-name@https://registry.npmmirror.com/get-package-name/-/get-package-name-2.2.0.tgz. Extracting by manifest.
975 silly tarball no local data for get-port-please@https://registry.npmmirror.com/get-port-please/-/get-port-please-3.1.2.tgz. Extracting by manifest.
976 silly tarball no local data for get-port@https://registry.npmmirror.com/get-port/-/get-port-5.1.1.tgz. Extracting by manifest.
977 silly tarball no local data for get-east-asian-width@https://registry.npmmirror.com/get-east-asian-width/-/get-east-asian-width-1.2.0.tgz. Extracting by manifest.
978 silly tarball no local data for get-caller-file@https://registry.npmmirror.com/get-caller-file/-/get-caller-file-2.0.5.tgz. Extracting by manifest.
979 silly tarball no local data for get-amd-module-type@https://registry.npmmirror.com/get-amd-module-type/-/get-amd-module-type-5.0.1.tgz. Extracting by manifest.
980 silly tarball no local data for function-bind@https://registry.npmmirror.com/function-bind/-/function-bind-1.1.2.tgz. Extracting by manifest.
981 silly tarball no local data for fuzzy@https://registry.npmmirror.com/fuzzy/-/fuzzy-0.1.3.tgz. Extracting by manifest.
982 silly tarball no local data for get-intrinsic@https://registry.npmmirror.com/get-intrinsic/-/get-intrinsic-1.2.4.tgz. Extracting by manifest.
983 silly tarball no local data for fs.realpath@https://registry.npmmirror.com/fs.realpath/-/fs.realpath-1.0.0.tgz. Extracting by manifest.
984 silly tarball no local data for fs-constants@https://registry.npmmirror.com/fs-constants/-/fs-constants-1.0.0.tgz. Extracting by manifest.
985 silly tarball no local data for gauge@https://registry.npmmirror.com/gauge/-/gauge-3.0.2.tgz. Extracting by manifest.
986 silly tarball no local data for from2@https://registry.npmmirror.com/from2/-/from2-2.3.0.tgz. Extracting by manifest.
987 silly tarball no local data for from2-array@https://registry.npmmirror.com/from2-array/-/from2-array-0.0.4.tgz. Extracting by manifest.
988 silly tarball no local data for formdata-polyfill@https://registry.npmmirror.com/formdata-polyfill/-/formdata-polyfill-4.0.10.tgz. Extracting by manifest.
989 silly tarball no local data for fs-minipass@https://registry.npmmirror.com/fs-minipass/-/fs-minipass-2.1.0.tgz. Extracting by manifest.
990 silly tarball no local data for fresh@https://registry.npmmirror.com/fresh/-/fresh-0.5.2.tgz. Extracting by manifest.
991 silly tarball no local data for form-data-encoder@https://registry.npmmirror.com/form-data-encoder/-/form-data-encoder-2.1.3.tgz. Extracting by manifest.
992 silly tarball no local data for forwarded@https://registry.npmmirror.com/forwarded/-/forwarded-0.2.0.tgz. Extracting by manifest.
993 silly tarball no local data for follow-redirects@https://registry.npmmirror.com/follow-redirects/-/follow-redirects-1.15.6.tgz. Extracting by manifest.
994 silly tarball no local data for folder-walker@https://registry.npmmirror.com/folder-walker/-/folder-walker-3.2.0.tgz. Extracting by manifest.
995 silly tarball no local data for flush-write-stream@https://registry.npmmirror.com/flush-write-stream/-/flush-write-stream-2.0.0.tgz. Extracting by manifest.
996 silly tarball no local data for foreground-child@https://registry.npmmirror.com/foreground-child/-/foreground-child-3.1.1.tgz. Extracting by manifest.
997 silly tarball no local data for find-up-simple@https://registry.npmmirror.com/find-up-simple/-/find-up-simple-1.0.0.tgz. Extracting by manifest.
998 silly tarball no local data for fn.name@https://registry.npmmirror.com/fn.name/-/fn.name-1.1.0.tgz. Extracting by manifest.
999 silly tarball no local data for filter-obj@https://registry.npmmirror.com/filter-obj/-/filter-obj-5.1.0.tgz. Extracting by manifest.
1000 silly tarball no local data for find-my-way@https://registry.npmmirror.com/find-my-way/-/find-my-way-8.2.2.tgz. Extracting by manifest.
1001 silly tarball no local data for finalhandler@https://registry.npmmirror.com/finalhandler/-/finalhandler-1.3.1.tgz. Extracting by manifest.
1002 silly tarball no local data for find-up@https://registry.npmmirror.com/find-up/-/find-up-7.0.0.tgz. Extracting by manifest.
1003 silly tarball no local data for file-type@https://registry.npmmirror.com/file-type/-/file-type-18.5.0.tgz. Extracting by manifest.
1004 silly tarball no local data for fill-range@https://registry.npmmirror.com/fill-range/-/fill-range-7.1.1.tgz. Extracting by manifest.
1005 silly tarball no local data for fecha@https://registry.npmmirror.com/fecha/-/fecha-4.2.1.tgz. Extracting by manifest.
1006 silly tarball no local data for fetch-node-website@https://registry.npmmirror.com/fetch-node-website/-/fetch-node-website-7.3.0.tgz. Extracting by manifest.
1007 silly tarball no local data for file-uri-to-path@https://registry.npmmirror.com/file-uri-to-path/-/file-uri-to-path-1.0.0.tgz. Extracting by manifest.
1008 silly tarball no local data for fetch-blob@https://registry.npmmirror.com/fetch-blob/-/fetch-blob-3.1.4.tgz. Extracting by manifest.
1009 silly tarball no local data for figures@https://registry.npmmirror.com/figures/-/figures-3.2.0.tgz. Extracting by manifest.
1010 silly tarball no local data for fd-slicer@https://registry.npmmirror.com/fd-slicer/-/fd-slicer-1.1.0.tgz. Extracting by manifest.
1011 silly tarball no local data for fastest-levenshtein@https://registry.npmmirror.com/fastest-levenshtein/-/fastest-levenshtein-1.0.16.tgz. Extracting by manifest.
1012 silly tarball no local data for fast-uri@https://registry.npmmirror.com/fast-uri/-/fast-uri-2.2.0.tgz. Extracting by manifest.
1013 silly tarball no local data for fastq@https://registry.npmmirror.com/fastq/-/fastq-1.17.1.tgz. Extracting by manifest.
1014 silly tarball no local data for fdir@https://registry.npmmirror.com/fdir/-/fdir-6.0.1.tgz. Extracting by manifest.
1015 silly tarball no local data for fastify-plugin@https://registry.npmmirror.com/fastify-plugin/-/fastify-plugin-4.4.0.tgz. Extracting by manifest.
1016 silly tarball no local data for fastify@https://registry.npmmirror.com/fastify/-/fastify-4.28.1.tgz. Extracting by manifest.
1017 silly tarball no local data for fast-json-stringify@https://registry.npmmirror.com/fast-json-stringify/-/fast-json-stringify-5.15.1.tgz. Extracting by manifest.
1018 silly tarball no local data for fast-safe-stringify@https://registry.npmmirror.com/fast-safe-stringify/-/fast-safe-stringify-2.1.1.tgz. Extracting by manifest.
1019 silly tarball no local data for fast-json-stable-stringify@https://registry.npmmirror.com/fast-json-stable-stringify/-/fast-json-stable-stringify-2.1.0.tgz. Extracting by manifest.
1020 silly tarball no local data for fast-redact@https://registry.npmmirror.com/fast-redact/-/fast-redact-3.1.2.tgz. Extracting by manifest.
1021 silly tarball no local data for fast-querystring@https://registry.npmmirror.com/fast-querystring/-/fast-querystring-1.0.0.tgz. Extracting by manifest.
1022 silly tarball no local data for fast-glob@https://registry.npmmirror.com/fast-glob/-/fast-glob-3.3.2.tgz. Extracting by manifest.
1023 silly tarball no local data for fast-fifo@https://registry.npmmirror.com/fast-fifo/-/fast-fifo-1.3.0.tgz. Extracting by manifest.
1024 silly tarball no local data for fast-deep-equal@https://registry.npmmirror.com/fast-deep-equal/-/fast-deep-equal-3.1.3.tgz. Extracting by manifest.
1025 silly tarball no local data for fast-equals@https://registry.npmmirror.com/fast-equals/-/fast-equals-3.0.3.tgz. Extracting by manifest.
1026 silly tarball no local data for fast-content-type-parse@https://registry.npmmirror.com/fast-content-type-parse/-/fast-content-type-parse-1.1.0.tgz. Extracting by manifest.
1027 silly tarball no local data for fast-diff@https://registry.npmmirror.com/fast-diff/-/fast-diff-1.2.0.tgz. Extracting by manifest.
1028 silly tarball no local data for fast-decode-uri-component@https://registry.npmmirror.com/fast-decode-uri-component/-/fast-decode-uri-component-1.0.1.tgz. Extracting by manifest.
1029 silly tarball no local data for ext-name@https://registry.npmmirror.com/ext-name/-/ext-name-5.0.0.tgz. Extracting by manifest.
1030 silly tarball no local data for extract-zip@https://registry.npmmirror.com/extract-zip/-/extract-zip-2.0.1.tgz. Extracting by manifest.
1031 silly tarball no local data for external-editor@https://registry.npmmirror.com/external-editor/-/external-editor-3.1.0.tgz. Extracting by manifest.
1032 silly tarball no local data for express-logging@https://registry.npmmirror.com/express-logging/-/express-logging-1.1.1.tgz. Extracting by manifest.
1033 silly tarball no local data for express@https://registry.npmmirror.com/express/-/express-4.21.2.tgz. Extracting by manifest.
1034 silly tarball no local data for expand-template@https://registry.npmmirror.com/expand-template/-/expand-template-2.0.3.tgz. Extracting by manifest.
1035 silly tarball no local data for events@https://registry.npmmirror.com/events/-/events-3.3.0.tgz. Extracting by manifest.
1036 silly tarball no local data for execa@https://registry.npmmirror.com/execa/-/execa-5.1.1.tgz. Extracting by manifest.
1037 silly tarball no local data for ext-list@https://registry.npmmirror.com/ext-list/-/ext-list-2.2.2.tgz. Extracting by manifest.
1038 silly tarball no local data for event-target-shim@https://registry.npmmirror.com/event-target-shim/-/event-target-shim-5.0.1.tgz. Extracting by manifest.
1039 silly tarball no local data for etag@https://registry.npmmirror.com/etag/-/etag-1.8.1.tgz. Extracting by manifest.
1040 silly tarball no local data for eventemitter3@https://registry.npmmirror.com/eventemitter3/-/eventemitter3-4.0.7.tgz. Extracting by manifest.
1041 silly tarball no local data for esprima@https://registry.npmmirror.com/esprima/-/esprima-4.0.1.tgz. Extracting by manifest.
1042 silly tarball no local data for esutils@https://registry.npmmirror.com/esutils/-/esutils-2.0.3.tgz. Extracting by manifest.
1043 silly tarball no local data for estraverse@https://registry.npmmirror.com/estraverse/-/estraverse-5.3.0.tgz. Extracting by manifest.
1044 silly tarball no local data for estree-walker@https://registry.npmmirror.com/estree-walker/-/estree-walker-2.0.2.tgz. Extracting by manifest.
1045 silly tarball no local data for escape-html@https://registry.npmmirror.com/escape-html/-/escape-html-1.0.3.tgz. Extracting by manifest.
1046 silly tarball no local data for escodegen@https://registry.npmmirror.com/escodegen/-/escodegen-2.1.0.tgz. Extracting by manifest.
1047 silly tarball no local data for es6-promisify@https://registry.npmmirror.com/es6-promisify/-/es6-promisify-6.1.1.tgz. Extracting by manifest.
1048 silly tarball no local data for esbuild@https://registry.npmmirror.com/esbuild/-/esbuild-0.19.11.tgz. Extracting by manifest.
1049 silly tarball no local data for escape-goat@https://registry.npmmirror.com/escape-goat/-/escape-goat-4.0.0.tgz. Extracting by manifest.
1050 silly tarball no local data for escalade@https://registry.npmmirror.com/escalade/-/escalade-3.1.1.tgz. Extracting by manifest.
1051 silly tarball no local data for es-module-lexer@https://registry.npmmirror.com/es-module-lexer/-/es-module-lexer-1.5.3.tgz. Extracting by manifest.
1052 silly tarball no local data for es-define-property@https://registry.npmmirror.com/es-define-property/-/es-define-property-1.0.0.tgz. Extracting by manifest.
1053 silly tarball no local data for error-stack-parser@https://registry.npmmirror.com/error-stack-parser/-/error-stack-parser-2.1.4.tgz. Extracting by manifest.
1054 silly tarball no local data for envinfo@https://registry.npmmirror.com/envinfo/-/envinfo-7.14.0.tgz. Extracting by manifest.
1055 silly tarball no local data for environment@https://registry.npmmirror.com/environment/-/environment-1.1.0.tgz. Extracting by manifest.
1056 silly tarball no local data for es-errors@https://registry.npmmirror.com/es-errors/-/es-errors-1.3.0.tgz. Extracting by manifest.
1057 silly tarball no local data for env-paths@https://registry.npmmirror.com/env-paths/-/env-paths-3.0.0.tgz. Extracting by manifest.
1058 silly tarball no local data for entities@https://registry.npmmirror.com/entities/-/entities-4.5.0.tgz. Extracting by manifest.
1059 silly tarball no local data for end-of-stream@https://registry.npmmirror.com/end-of-stream/-/end-of-stream-1.4.4.tgz. Extracting by manifest.
1060 silly tarball no local data for enabled@https://registry.npmmirror.com/enabled/-/enabled-2.0.0.tgz. Extracting by manifest.
1061 silly tarball no local data for emoji-regex@https://registry.npmmirror.com/emoji-regex/-/emoji-regex-8.0.0.tgz. Extracting by manifest.
1062 silly tarball no local data for error-ex@https://registry.npmmirror.com/error-ex/-/error-ex-1.3.2.tgz. Extracting by manifest.
1063 silly tarball no local data for eastasianwidth@https://registry.npmmirror.com/eastasianwidth/-/eastasianwidth-0.2.0.tgz. Extracting by manifest.
1064 silly tarball no local data for ecdsa-sig-formatter@https://registry.npmmirror.com/ecdsa-sig-formatter/-/ecdsa-sig-formatter-1.0.11.tgz. Extracting by manifest.
1065 silly tarball no local data for ee-first@https://registry.npmmirror.com/ee-first/-/ee-first-1.1.1.tgz. Extracting by manifest.
1066 silly tarball no local data for domutils@https://registry.npmmirror.com/domutils/-/domutils-3.1.0.tgz. Extracting by manifest.
1067 silly tarball no local data for domhandler@https://registry.npmmirror.com/domhandler/-/domhandler-5.0.3.tgz. Extracting by manifest.
1068 silly tarball no local data for dotenv@https://registry.npmmirror.com/dotenv/-/dotenv-16.4.7.tgz. Extracting by manifest.
1069 silly tarball no local data for domelementtype@https://registry.npmmirror.com/domelementtype/-/domelementtype-2.3.0.tgz. Extracting by manifest.
1070 silly tarball no local data for dom-serializer@https://registry.npmmirror.com/dom-serializer/-/dom-serializer-2.0.0.tgz. Extracting by manifest.
1071 silly tarball no local data for dot-prop@https://registry.npmmirror.com/dot-prop/-/dot-prop-9.0.0.tgz. Extracting by manifest.
1072 silly tarball no local data for detective-typescript@https://registry.npmmirror.com/detective-typescript/-/detective-typescript-11.2.0.tgz. Extracting by manifest.
1073 silly tarball no local data for dir-glob@https://registry.npmmirror.com/dir-glob/-/dir-glob-3.0.1.tgz. Extracting by manifest.
1074 silly tarball no local data for detective-stylus@https://registry.npmmirror.com/detective-stylus/-/detective-stylus-4.0.0.tgz. Extracting by manifest.
1075 silly tarball no local data for detective-sass@https://registry.npmmirror.com/detective-sass/-/detective-sass-5.0.3.tgz. Extracting by manifest.
1076 silly tarball no local data for detective-postcss@https://registry.npmmirror.com/detective-postcss/-/detective-postcss-6.1.3.tgz. Extracting by manifest.
1077 silly tarball no local data for detective-scss@https://registry.npmmirror.com/detective-scss/-/detective-scss-4.0.3.tgz. Extracting by manifest.
1078 silly tarball no local data for detective-es6@https://registry.npmmirror.com/detective-es6/-/detective-es6-4.0.1.tgz. Extracting by manifest.
1079 silly tarball no local data for detect-libc@https://registry.npmmirror.com/detect-libc/-/detect-libc-2.0.2.tgz. Extracting by manifest.
1080 silly tarball no local data for detective-amd@https://registry.npmmirror.com/detective-amd/-/detective-amd-5.0.2.tgz. Extracting by manifest.
1081 silly tarball no local data for encodeurl@https://registry.npmmirror.com/encodeurl/-/encodeurl-2.0.0.tgz. Extracting by manifest.
1082 silly tarball no local data for detective-cjs@https://registry.npmmirror.com/detective-cjs/-/detective-cjs-5.0.1.tgz. Extracting by manifest.
1083 silly tarball no local data for deprecation@https://registry.npmmirror.com/deprecation/-/deprecation-2.3.1.tgz. Extracting by manifest.
1084 silly tarball no local data for destroy@https://registry.npmmirror.com/destroy/-/destroy-1.2.0.tgz. Extracting by manifest.
1085 silly tarball no local data for destr@https://registry.npmmirror.com/destr/-/destr-2.0.2.tgz. Extracting by manifest.
1086 silly tarball no local data for denque@https://registry.npmmirror.com/denque/-/denque-2.1.0.tgz. Extracting by manifest.
1087 silly tarball no local data for delegates@https://registry.npmmirror.com/delegates/-/delegates-1.0.0.tgz. Extracting by manifest.
1088 silly tarball no local data for defu@https://registry.npmmirror.com/defu/-/defu-6.1.4.tgz. Extracting by manifest.
1089 silly tarball no local data for depd@https://registry.npmmirror.com/depd/-/depd-1.1.2.tgz. Extracting by manifest.
1090 silly tarball no local data for defer-to-connect@https://registry.npmmirror.com/defer-to-connect/-/defer-to-connect-2.0.1.tgz. Extracting by manifest.
1091 silly tarball no local data for deepmerge@https://registry.npmmirror.com/deepmerge/-/deepmerge-4.3.1.tgz. Extracting by manifest.
1092 silly tarball no local data for deep-extend@https://registry.npmmirror.com/deep-extend/-/deep-extend-0.6.0.tgz. Extracting by manifest.
1093 silly tarball no local data for define-lazy-prop@https://registry.npmmirror.com/define-lazy-prop/-/define-lazy-prop-2.0.0.tgz. Extracting by manifest.
1094 silly tarball no local data for debug@https://registry.npmmirror.com/debug/-/debug-4.3.7.tgz. Extracting by manifest.
1095 silly tarball no local data for decache@https://registry.npmmirror.com/decache/-/decache-4.6.2.tgz. Extracting by manifest.
1096 silly tarball no local data for decompress-response@https://registry.npmmirror.com/decompress-response/-/decompress-response-6.0.0.tgz. Extracting by manifest.
1097 silly tarball no local data for define-data-property@https://registry.npmmirror.com/define-data-property/-/define-data-property-1.1.4.tgz. Extracting by manifest.
1098 silly tarball no local data for date-time@https://registry.npmmirror.com/date-time/-/date-time-3.1.0.tgz. Extracting by manifest.
1099 silly tarball no local data for cyclist@https://registry.npmmirror.com/cyclist/-/cyclist-1.0.1.tgz. Extracting by manifest.
1100 silly tarball no local data for data-uri-to-buffer@https://registry.npmmirror.com/data-uri-to-buffer/-/data-uri-to-buffer-4.0.0.tgz. Extracting by manifest.
1101 silly tarball no local data for cssfilter@https://registry.npmmirror.com/cssfilter/-/cssfilter-0.0.10.tgz. Extracting by manifest.
1102 silly tarball no local data for csso@https://registry.npmmirror.com/csso/-/csso-5.0.5.tgz. Extracting by manifest.
1103 silly tarball no local data for css-what@https://registry.npmmirror.com/css-what/-/css-what-6.1.0.tgz. Extracting by manifest.
1104 silly tarball no local data for css-select@https://registry.npmmirror.com/css-select/-/css-select-5.1.0.tgz. Extracting by manifest.
1105 silly tarball no local data for crossws@https://registry.npmmirror.com/crossws/-/crossws-0.1.1.tgz. Extracting by manifest.
1106 silly tarball no local data for css-tree@https://registry.npmmirror.com/css-tree/-/css-tree-2.3.1.tgz. Extracting by manifest.
1107 silly tarball no local data for crypto-random-string@https://registry.npmmirror.com/crypto-random-string/-/crypto-random-string-4.0.0.tgz. Extracting by manifest.
1108 silly tarball no local data for cross-spawn@https://registry.npmmirror.com/cross-spawn/-/cross-spawn-7.0.6.tgz. Extracting by manifest.
1109 silly tarball no local data for crc-32@https://registry.npmmirror.com/crc-32/-/crc-32-1.2.2.tgz. Extracting by manifest.
1110 silly tarball no local data for crc32-stream@https://registry.npmmirror.com/crc32-stream/-/crc32-stream-6.0.0.tgz. Extracting by manifest.
1111 silly tarball no local data for create-require@https://registry.npmmirror.com/create-require/-/create-require-1.1.1.tgz. Extracting by manifest.
1112 silly tarball no local data for cron-parser@https://registry.npmmirror.com/cron-parser/-/cron-parser-4.9.0.tgz. Extracting by manifest.
1113 silly tarball no local data for cpy@https://registry.npmmirror.com/cpy/-/cpy-9.0.1.tgz. Extracting by manifest.
1114 silly tarball no local data for cp-file@https://registry.npmmirror.com/cp-file/-/cp-file-10.0.0.tgz. Extracting by manifest.
1115 silly tarball no local data for cookie-signature@https://registry.npmmirror.com/cookie-signature/-/cookie-signature-1.0.6.tgz. Extracting by manifest.
1116 silly tarball no local data for content-type@https://registry.npmmirror.com/content-type/-/content-type-1.0.5.tgz. Extracting by manifest.
1117 silly tarball no local data for core-util-is@https://registry.npmmirror.com/core-util-is/-/core-util-is-1.0.2.tgz. Extracting by manifest.
1118 silly tarball no local data for cookie@https://registry.npmmirror.com/cookie/-/cookie-0.7.2.tgz. Extracting by manifest.
1119 silly tarball no local data for cookie-es@https://registry.npmmirror.com/cookie-es/-/cookie-es-1.0.0.tgz. Extracting by manifest.
1120 silly tarball no local data for concordance@https://registry.npmmirror.com/concordance/-/concordance-5.0.4.tgz. Extracting by manifest.
1121 silly tarball no local data for console-control-strings@https://registry.npmmirror.com/console-control-strings/-/console-control-strings-1.1.0.tgz. Extracting by manifest.
1122 silly tarball no local data for configstore@https://registry.npmmirror.com/configstore/-/configstore-6.0.0.tgz. Extracting by manifest.
1123 silly tarball no local data for consola@https://registry.npmmirror.com/consola/-/consola-3.2.3.tgz. Extracting by manifest.
1124 silly tarball no local data for config-chain@https://registry.npmmirror.com/config-chain/-/config-chain-1.1.13.tgz. Extracting by manifest.
1125 silly tarball no local data for concat-map@https://registry.npmmirror.com/concat-map/-/concat-map-0.0.1.tgz. Extracting by manifest.
1126 silly tarball no local data for common-path-prefix@https://registry.npmmirror.com/common-path-prefix/-/common-path-prefix-3.0.0.tgz. Extracting by manifest.
1127 silly tarball no local data for commander@https://registry.npmmirror.com/commander/-/commander-10.0.1.tgz. Extracting by manifest.
1128 silly tarball no local data for comment-json@https://registry.npmmirror.com/comment-json/-/comment-json-4.2.5.tgz. Extracting by manifest.
1129 silly tarball no local data for content-disposition@https://registry.npmmirror.com/content-disposition/-/content-disposition-0.5.4.tgz. Extracting by manifest.
1130 silly tarball no local data for compress-commons@https://registry.npmmirror.com/compress-commons/-/compress-commons-6.0.2.tgz. Extracting by manifest.
1131 silly tarball no local data for colorspace@https://registry.npmmirror.com/colorspace/-/colorspace-1.1.4.tgz. Extracting by manifest.
1132 silly tarball no local data for colors-option@https://registry.npmmirror.com/colors-option/-/colors-option-3.0.0.tgz. Extracting by manifest.
1133 silly tarball no local data for colors@https://registry.npmmirror.com/colors/-/colors-1.4.0.tgz. Extracting by manifest.
1134 silly tarball no local data for color-support@https://registry.npmmirror.com/color-support/-/color-support-1.1.3.tgz. Extracting by manifest.
1135 silly tarball no local data for color-string@https://registry.npmmirror.com/color-string/-/color-string-1.9.0.tgz. Extracting by manifest.
1136 silly tarball no local data for colorette@https://registry.npmmirror.com/colorette/-/colorette-2.0.20.tgz. Extracting by manifest.
1137 silly tarball no local data for color@https://registry.npmmirror.com/color/-/color-3.2.1.tgz. Extracting by manifest.
1138 silly tarball no local data for color-name@https://registry.npmmirror.com/color-name/-/color-name-1.1.3.tgz. Extracting by manifest.
1139 silly tarball no local data for color-convert@https://registry.npmmirror.com/color-convert/-/color-convert-1.9.3.tgz. Extracting by manifest.
1140 silly tarball no local data for cli-width@https://registry.npmmirror.com/cli-width/-/cli-width-2.2.1.tgz. Extracting by manifest.
1141 silly tarball no local data for cluster-key-slot@https://registry.npmmirror.com/cluster-key-slot/-/cluster-key-slot-1.1.2.tgz. Extracting by manifest.
1142 silly tarball no local data for clipboardy@https://registry.npmmirror.com/clipboardy/-/clipboardy-4.0.0.tgz. Extracting by manifest.
1143 silly tarball no local data for cli-spinners@https://registry.npmmirror.com/cli-spinners/-/cli-spinners-2.9.2.tgz. Extracting by manifest.
1144 silly tarball no local data for cli-truncate@https://registry.npmmirror.com/cli-truncate/-/cli-truncate-4.0.0.tgz. Extracting by manifest.
1145 silly tarball no local data for cli-cursor@https://registry.npmmirror.com/cli-cursor/-/cli-cursor-2.1.0.tgz. Extracting by manifest.
1146 silly tarball no local data for cli-progress@https://registry.npmmirror.com/cli-progress/-/cli-progress-3.12.0.tgz. Extracting by manifest.
1147 silly tarball no local data for clean-stack@https://registry.npmmirror.com/clean-stack/-/clean-stack-4.2.0.tgz. Extracting by manifest.
1148 silly tarball no local data for clean-deep@https://registry.npmmirror.com/clean-deep/-/clean-deep-3.4.0.tgz. Extracting by manifest.
1149 silly tarball no local data for citty@https://registry.npmmirror.com/citty/-/citty-0.1.6.tgz. Extracting by manifest.
1150 silly tarball no local data for ci-info@https://registry.npmmirror.com/ci-info/-/ci-info-4.1.0.tgz. Extracting by manifest.
1151 silly tarball no local data for chardet@https://registry.npmmirror.com/chardet/-/chardet-0.7.0.tgz. Extracting by manifest.
1152 silly tarball no local data for chokidar@https://registry.npmmirror.com/chokidar/-/chokidar-3.6.0.tgz. Extracting by manifest.
1153 silly tarball no local data for chownr@https://registry.npmmirror.com/chownr/-/chownr-2.0.0.tgz. Extracting by manifest.
1154 silly tarball no local data for cli-boxes@https://registry.npmmirror.com/cli-boxes/-/cli-boxes-3.0.0.tgz. Extracting by manifest.
1155 silly tarball no local data for chalk@https://registry.npmmirror.com/chalk/-/chalk-5.3.0.tgz. Extracting by manifest.
1156 silly tarball no local data for call-bind@https://registry.npmmirror.com/call-bind/-/call-bind-1.0.7.tgz. Extracting by manifest.
1157 silly tarball no local data for cachedir@https://registry.npmmirror.com/cachedir/-/cachedir-2.3.0.tgz. Extracting by manifest.
1158 silly tarball no local data for cacheable-lookup@https://registry.npmmirror.com/cacheable-lookup/-/cacheable-lookup-7.0.0.tgz. Extracting by manifest.
1159 silly tarball no local data for callsite@https://registry.npmmirror.com/callsite/-/callsite-1.0.0.tgz. Extracting by manifest.
1160 silly tarball no local data for camelcase@https://registry.npmmirror.com/camelcase/-/camelcase-6.3.0.tgz. Extracting by manifest.
1161 silly tarball no local data for cacheable-request@https://registry.npmmirror.com/cacheable-request/-/cacheable-request-10.2.14.tgz. Extracting by manifest.
1162 silly tarball no local data for bytes@https://registry.npmmirror.com/bytes/-/bytes-3.1.2.tgz. Extracting by manifest.
1163 silly tarball no local data for byline@https://registry.npmmirror.com/byline/-/byline-5.0.0.tgz. Extracting by manifest.
1164 silly tarball no local data for buffer-from@https://registry.npmmirror.com/buffer-from/-/buffer-from-1.1.2.tgz. Extracting by manifest.
1165 silly tarball no local data for buffer-equal-constant-time@https://registry.npmmirror.com/buffer-equal-constant-time/-/buffer-equal-constant-time-1.0.1.tgz. Extracting by manifest.
1166 silly tarball no local data for builtins@https://registry.npmmirror.com/builtins/-/builtins-5.1.0.tgz. Extracting by manifest.
1167 silly tarball no local data for builtin-modules@https://registry.npmmirror.com/builtin-modules/-/builtin-modules-3.2.0.tgz. Extracting by manifest.
1168 silly tarball no local data for buffer-crc32@https://registry.npmmirror.com/buffer-crc32/-/buffer-crc32-0.2.13.tgz. Extracting by manifest.
1169 silly tarball no local data for buffer@https://registry.npmmirror.com/buffer/-/buffer-5.7.1.tgz. Extracting by manifest.
1170 silly tarball no local data for boxen@https://registry.npmmirror.com/boxen/-/boxen-7.1.1.tgz. Extracting by manifest.
1171 silly tarball no local data for boolbase@https://registry.npmmirror.com/boolbase/-/boolbase-1.0.0.tgz. Extracting by manifest.
1172 silly tarball no local data for braces@https://registry.npmmirror.com/braces/-/braces-3.0.3.tgz. Extracting by manifest.
1173 silly tarball no local data for brace-expansion@https://registry.npmmirror.com/brace-expansion/-/brace-expansion-1.1.11.tgz. Extracting by manifest.
1174 silly tarball no local data for body-parser@https://registry.npmmirror.com/body-parser/-/body-parser-1.20.3.tgz. Extracting by manifest.
1175 silly tarball no local data for blueimp-md5@https://registry.npmmirror.com/blueimp-md5/-/blueimp-md5-2.19.0.tgz. Extracting by manifest.
1176 silly tarball no local data for bl@https://registry.npmmirror.com/bl/-/bl-4.1.0.tgz. Extracting by manifest.
1177 silly tarball no local data for bindings@https://registry.npmmirror.com/bindings/-/bindings-1.5.0.tgz. Extracting by manifest.
1178 silly tarball no local data for binary-extensions@https://registry.npmmirror.com/binary-extensions/-/binary-extensions-2.2.0.tgz. Extracting by manifest.
1179 silly tarball no local data for better-opn@https://registry.npmmirror.com/better-opn/-/better-opn-3.0.2.tgz. Extracting by manifest.
1180 silly tarball no local data for better-ajv-errors@https://registry.npmmirror.com/better-ajv-errors/-/better-ajv-errors-1.2.0.tgz. Extracting by manifest.
1181 silly tarball no local data for before-after-hook@https://registry.npmmirror.com/before-after-hook/-/before-after-hook-2.2.2.tgz. Extracting by manifest.
1182 silly tarball no local data for balanced-match@https://registry.npmmirror.com/balanced-match/-/balanced-match-1.0.2.tgz. Extracting by manifest.
1183 silly tarball no local data for backoff@https://registry.npmmirror.com/backoff/-/backoff-2.5.0.tgz. Extracting by manifest.
1184 silly tarball no local data for avvio@https://registry.npmmirror.com/avvio/-/avvio-8.3.0.tgz. Extracting by manifest.
1185 silly tarball no local data for base64-js@https://registry.npmmirror.com/base64-js/-/base64-js-1.5.1.tgz. Extracting by manifest.
1186 silly tarball no local data for b4a@https://registry.npmmirror.com/b4a/-/b4a-1.6.4.tgz. Extracting by manifest.
1187 silly tarball no local data for atomically@https://registry.npmmirror.com/atomically/-/atomically-2.0.3.tgz. Extracting by manifest.
1188 silly tarball no local data for async@https://registry.npmmirror.com/async/-/async-3.2.4.tgz. Extracting by manifest.
1189 silly tarball no local data for ascii-table@https://registry.npmmirror.com/ascii-table/-/ascii-table-0.0.9.tgz. Extracting by manifest.
1190 silly tarball no local data for array-union@https://registry.npmmirror.com/array-union/-/array-union-2.1.0.tgz. Extracting by manifest.
1191 silly tarball no local data for ast-module-types@https://registry.npmmirror.com/ast-module-types/-/ast-module-types-5.0.0.tgz. Extracting by manifest.
1192 silly tarball no local data for arrify@https://registry.npmmirror.com/arrify/-/arrify-3.0.0.tgz. Extracting by manifest.
1193 silly tarball no local data for async-sema@https://registry.npmmirror.com/async-sema/-/async-sema-3.1.1.tgz. Extracting by manifest.
1194 silly tarball no local data for array-flatten@https://registry.npmmirror.com/array-flatten/-/array-flatten-1.1.1.tgz. Extracting by manifest.
1195 silly tarball no local data for argparse@https://registry.npmmirror.com/argparse/-/argparse-2.0.1.tgz. Extracting by manifest.
1196 silly tarball no local data for atomic-sleep@https://registry.npmmirror.com/atomic-sleep/-/atomic-sleep-1.0.0.tgz. Extracting by manifest.
1197 silly tarball no local data for array-timsort@https://registry.npmmirror.com/array-timsort/-/array-timsort-1.0.3.tgz. Extracting by manifest.
1198 silly tarball no local data for are-we-there-yet@https://registry.npmmirror.com/are-we-there-yet/-/are-we-there-yet-2.0.0.tgz. Extracting by manifest.
1199 silly tarball no local data for archy@https://registry.npmmirror.com/archy/-/archy-1.0.0.tgz. Extracting by manifest.
1200 silly tarball no local data for aproba@https://registry.npmmirror.com/aproba/-/aproba-2.0.0.tgz. Extracting by manifest.
1201 silly tarball no local data for anymatch@https://registry.npmmirror.com/anymatch/-/anymatch-3.1.3.tgz. Extracting by manifest.
1202 silly tarball no local data for archiver-utils@https://registry.npmmirror.com/archiver-utils/-/archiver-utils-5.0.2.tgz. Extracting by manifest.
1203 silly tarball no local data for ansi-to-html@https://registry.npmmirror.com/ansi-to-html/-/ansi-to-html-0.7.2.tgz. Extracting by manifest.
1204 silly tarball no local data for archiver@https://registry.npmmirror.com/archiver/-/archiver-7.0.1.tgz. Extracting by manifest.
1205 silly tarball no local data for ansi-styles@https://registry.npmmirror.com/ansi-styles/-/ansi-styles-6.2.1.tgz. Extracting by manifest.
1206 silly tarball no local data for arg@https://registry.npmmirror.com/arg/-/arg-4.1.3.tgz. Extracting by manifest.
1207 silly tarball no local data for ansi-align@https://registry.npmmirror.com/ansi-align/-/ansi-align-3.0.1.tgz. Extracting by manifest.
1208 silly tarball no local data for ansi-regex@https://registry.npmmirror.com/ansi-regex/-/ansi-regex-5.0.1.tgz. Extracting by manifest.
1209 silly tarball no local data for ansi-escapes@https://registry.npmmirror.com/ansi-escapes/-/ansi-escapes-7.0.0.tgz. Extracting by manifest.
1210 silly tarball no local data for all-node-versions@https://registry.npmmirror.com/all-node-versions/-/all-node-versions-11.3.0.tgz. Extracting by manifest.
1211 silly tarball no local data for agent-base@https://registry.npmmirror.com/agent-base/-/agent-base-6.0.2.tgz. Extracting by manifest.
1212 silly tarball no local data for ajv@https://registry.npmmirror.com/ajv/-/ajv-6.12.6.tgz. Extracting by manifest.
1213 silly tarball no local data for acorn-walk@https://registry.npmmirror.com/acorn-walk/-/acorn-walk-8.3.2.tgz. Extracting by manifest.
1214 silly tarball no local data for aggregate-error@https://registry.npmmirror.com/aggregate-error/-/aggregate-error-4.0.1.tgz. Extracting by manifest.
1215 silly tarball no local data for acorn@https://registry.npmmirror.com/acorn/-/acorn-8.11.3.tgz. Extracting by manifest.
1216 silly tarball no local data for ajv-formats@https://registry.npmmirror.com/ajv-formats/-/ajv-formats-2.1.1.tgz. Extracting by manifest.
1217 silly tarball no local data for accepts@https://registry.npmmirror.com/accepts/-/accepts-1.3.8.tgz. Extracting by manifest.
1218 silly tarball no local data for @xhmikosr/downloader@https://registry.npmmirror.com/@xhmikosr/downloader/-/downloader-13.0.1.tgz. Extracting by manifest.
1219 silly tarball no local data for abort-controller@https://registry.npmmirror.com/abort-controller/-/abort-controller-3.0.0.tgz. Extracting by manifest.
1220 silly tarball no local data for @xhmikosr/decompress-unzip@https://registry.npmmirror.com/@xhmikosr/decompress-unzip/-/decompress-unzip-6.0.0.tgz. Extracting by manifest.
1221 silly tarball no local data for acorn-import-attributes@https://registry.npmmirror.com/acorn-import-attributes/-/acorn-import-attributes-1.9.5.tgz. Extracting by manifest.
1222 silly tarball no local data for abbrev@https://registry.npmmirror.com/abbrev/-/abbrev-1.1.1.tgz. Extracting by manifest.
1223 silly tarball no local data for @xhmikosr/decompress-tar@https://registry.npmmirror.com/@xhmikosr/decompress-tar/-/decompress-tar-7.0.0.tgz. Extracting by manifest.
1224 silly tarball no local data for abstract-logging@https://registry.npmmirror.com/abstract-logging/-/abstract-logging-2.0.1.tgz. Extracting by manifest.
1225 silly tarball no local data for @xhmikosr/decompress-tarbz2@https://registry.npmmirror.com/@xhmikosr/decompress-tarbz2/-/decompress-tarbz2-7.0.0.tgz. Extracting by manifest.
1226 silly tarball no local data for @vercel/nft@https://registry.npmmirror.com/@vercel/nft/-/nft-0.27.7.tgz. Extracting by manifest.
1227 silly tarball no local data for @types/yargs-parser@https://registry.npmmirror.com/@types/yargs-parser/-/yargs-parser-20.2.1.tgz. Extracting by manifest.
1228 silly tarball no local data for @xhmikosr/decompress@https://registry.npmmirror.com/@xhmikosr/decompress/-/decompress-9.0.1.tgz. Extracting by manifest.
1229 silly tarball no local data for @types/yauzl@https://registry.npmmirror.com/@types/yauzl/-/yauzl-2.10.0.tgz. Extracting by manifest.
1230 silly tarball no local data for @xhmikosr/archive-type@https://registry.npmmirror.com/@xhmikosr/archive-type/-/archive-type-6.0.1.tgz. Extracting by manifest.
1231 silly tarball no local data for @types/retry@https://registry.npmmirror.com/@types/retry/-/retry-0.12.1.tgz. Extracting by manifest.
1232 silly tarball no local data for @types/range-parser@https://registry.npmmirror.com/@types/range-parser/-/range-parser-1.2.4.tgz. Extracting by manifest.
1233 silly tarball no local data for @types/qs@https://registry.npmmirror.com/@types/qs/-/qs-6.9.7.tgz. Extracting by manifest.
1234 silly tarball no local data for @types/serve-static@https://registry.npmmirror.com/@types/serve-static/-/serve-static-1.13.10.tgz. Extracting by manifest.
1235 silly tarball no local data for @types/normalize-package-data@https://registry.npmmirror.com/@types/normalize-package-data/-/normalize-package-data-2.4.4.tgz. Extracting by manifest.
1236 silly tarball no local data for @types/mime@https://registry.npmmirror.com/@types/mime/-/mime-1.3.2.tgz. Extracting by manifest.
1237 silly tarball no local data for @types/istanbul-reports@https://registry.npmmirror.com/@types/istanbul-reports/-/istanbul-reports-3.0.1.tgz. Extracting by manifest.
1238 silly tarball no local data for @types/node@https://registry.npmmirror.com/@types/node/-/node-22.10.1.tgz. Extracting by manifest.
1239 silly tarball no local data for @xhmikosr/decompress-targz@https://registry.npmmirror.com/@xhmikosr/decompress-targz/-/decompress-targz-7.0.0.tgz. Extracting by manifest.
1240 silly tarball no local data for @types/istanbul-lib-report@https://registry.npmmirror.com/@types/istanbul-lib-report/-/istanbul-lib-report-3.0.0.tgz. Extracting by manifest.
1241 silly tarball no local data for @types/express-serve-static-core@https://registry.npmmirror.com/@types/express-serve-static-core/-/express-serve-static-core-4.17.28.tgz. Extracting by manifest.
1242 silly tarball no local data for @types/http-proxy@https://registry.npmmirror.com/@types/http-proxy/-/http-proxy-1.17.8.tgz. Extracting by manifest.
1243 silly tarball no local data for @types/istanbul-lib-coverage@https://registry.npmmirror.com/@types/istanbul-lib-coverage/-/istanbul-lib-coverage-2.0.4.tgz. Extracting by manifest.
1244 silly tarball no local data for @types/connect@https://registry.npmmirror.com/@types/connect/-/connect-3.4.35.tgz. Extracting by manifest.
1245 silly tarball no local data for @types/estree@https://registry.npmmirror.com/@types/estree/-/estree-1.0.5.tgz. Extracting by manifest.
1246 silly tarball no local data for @tsconfig/node14@https://registry.npmmirror.com/@tsconfig/node14/-/node14-1.0.1.tgz. Extracting by manifest.
1247 silly tarball no local data for @types/http-cache-semantics@https://registry.npmmirror.com/@types/http-cache-semantics/-/http-cache-semantics-4.0.4.tgz. Extracting by manifest.
1248 silly tarball no local data for @types/express@https://registry.npmmirror.com/@types/express/-/express-4.17.13.tgz. Extracting by manifest.
1249 silly tarball no local data for @types/body-parser@https://registry.npmmirror.com/@types/body-parser/-/body-parser-1.19.2.tgz. Extracting by manifest.
1250 silly tarball no local data for @tokenizer/token@https://registry.npmmirror.com/@tokenizer/token/-/token-0.3.0.tgz. Extracting by manifest.
1251 silly tarball no local data for @trysound/sax@https://registry.npmmirror.com/@trysound/sax/-/sax-0.2.0.tgz. Extracting by manifest.
1252 silly tarball no local data for @tsconfig/node10@https://registry.npmmirror.com/@tsconfig/node10/-/node10-1.0.8.tgz. Extracting by manifest.
1253 silly tarball no local data for @tsconfig/node12@https://registry.npmmirror.com/@tsconfig/node12/-/node12-1.0.9.tgz. Extracting by manifest.
1254 silly tarball no local data for @tsconfig/node16@https://registry.npmmirror.com/@tsconfig/node16/-/node16-1.0.2.tgz. Extracting by manifest.
1255 silly tarball no local data for @sindresorhus/is@https://registry.npmmirror.com/@sindresorhus/is/-/is-5.6.0.tgz. Extracting by manifest.
1256 silly tarball no local data for @sindresorhus/transliterate@https://registry.npmmirror.com/@sindresorhus/transliterate/-/transliterate-1.5.0.tgz. Extracting by manifest.
1257 silly tarball no local data for @szmarczak/http-timer@https://registry.npmmirror.com/@szmarczak/http-timer/-/http-timer-5.0.1.tgz. Extracting by manifest.
1258 silly tarball no local data for @pnpm/npm-conf@https://registry.npmmirror.com/@pnpm/npm-conf/-/npm-conf-2.3.1.tgz. Extracting by manifest.
1259 silly tarball no local data for @sindresorhus/slugify@https://registry.npmmirror.com/@sindresorhus/slugify/-/slugify-2.2.1.tgz. Extracting by manifest.
1260 silly tarball no local data for @rollup/rollup-win32-x64-msvc@https://registry.npmmirror.com/@rollup/rollup-win32-x64-msvc/-/rollup-win32-x64-msvc-4.22.4.tgz. Extracting by manifest.
1261 silly tarball no local data for @rollup/pluginutils@https://registry.npmmirror.com/@rollup/pluginutils/-/pluginutils-5.1.3.tgz. Extracting by manifest.
1262 silly tarball no local data for @parcel/watcher-win32-x64@https://registry.npmmirror.com/@parcel/watcher-win32-x64/-/watcher-win32-x64-2.4.0.tgz. Extracting by manifest.
1263 silly tarball no local data for @pnpm/network.ca-file@https://registry.npmmirror.com/@pnpm/network.ca-file/-/network.ca-file-1.0.2.tgz. Extracting by manifest.
1264 silly tarball no local data for @pnpm/config.env-replace@https://registry.npmmirror.com/@pnpm/config.env-replace/-/config.env-replace-1.1.0.tgz. Extracting by manifest.
1265 silly tarball no local data for @pkgjs/parseargs@https://registry.npmmirror.com/@pkgjs/parseargs/-/parseargs-0.11.0.tgz. Extracting by manifest.
1266 silly tarball no local data for @parcel/watcher@https://registry.npmmirror.com/@parcel/watcher/-/watcher-2.4.0.tgz. Extracting by manifest.
1267 silly tarball no local data for @octokit/types@https://registry.npmmirror.com/@octokit/types/-/types-13.5.0.tgz. Extracting by manifest.
1268 silly tarball no local data for @octokit/request-error@https://registry.npmmirror.com/@octokit/request-error/-/request-error-5.1.0.tgz. Extracting by manifest.
1269 silly tarball no local data for @octokit/plugin-rest-endpoint-methods@https://registry.npmmirror.com/@octokit/plugin-rest-endpoint-methods/-/plugin-rest-endpoint-methods-13.2.2.tgz. Extracting by manifest.
1270 silly tarball no local data for @opentelemetry/api@https://registry.npmmirror.com/@opentelemetry/api/-/api-1.8.0.tgz. Extracting by manifest.
1271 silly tarball no local data for @octokit/plugin-request-log@https://registry.npmmirror.com/@octokit/plugin-request-log/-/plugin-request-log-4.0.1.tgz. Extracting by manifest.
1272 silly tarball no local data for @octokit/request@https://registry.npmmirror.com/@octokit/request/-/request-8.4.0.tgz. Extracting by manifest.
1273 silly tarball no local data for @octokit/rest@https://registry.npmmirror.com/@octokit/rest/-/rest-20.1.1.tgz. Extracting by manifest.
1274 silly tarball no local data for @nodelib/fs.walk@https://registry.npmmirror.com/@nodelib/fs.walk/-/fs.walk-1.2.8.tgz. Extracting by manifest.
1275 silly tarball no local data for @octokit/graphql@https://registry.npmmirror.com/@octokit/graphql/-/graphql-7.1.0.tgz. Extracting by manifest.
1276 silly tarball no local data for @octokit/openapi-types@https://registry.npmmirror.com/@octokit/openapi-types/-/openapi-types-22.2.0.tgz. Extracting by manifest.
1277 silly tarball no local data for @octokit/endpoint@https://registry.npmmirror.com/@octokit/endpoint/-/endpoint-9.0.5.tgz. Extracting by manifest.
1278 silly tarball no local data for @octokit/core@https://registry.npmmirror.com/@octokit/core/-/core-5.2.0.tgz. Extracting by manifest.
1279 silly tarball no local data for @octokit/auth-token@https://registry.npmmirror.com/@octokit/auth-token/-/auth-token-4.0.0.tgz. Extracting by manifest.
1280 silly tarball no local data for @octokit/plugin-paginate-rest@https://registry.npmmirror.com/@octokit/plugin-paginate-rest/-/plugin-paginate-rest-11.3.1.tgz. Extracting by manifest.
1281 silly tarball no local data for @netlify/run-utils@https://registry.npmmirror.com/@netlify/run-utils/-/run-utils-5.2.0.tgz. Extracting by manifest.
1282 silly tarball no local data for @netlify/plugins-list@https://registry.npmmirror.com/@netlify/plugins-list/-/plugins-list-6.80.0.tgz. Extracting by manifest.
1283 silly tarball no local data for @nodelib/fs.stat@https://registry.npmmirror.com/@nodelib/fs.stat/-/fs.stat-2.0.5.tgz. Extracting by manifest.
1284 silly tarball no local data for @netlify/zip-it-and-ship-it@https://registry.npmmirror.com/@netlify/zip-it-and-ship-it/-/zip-it-and-ship-it-9.42.1.tgz. Extracting by manifest.
1285 silly tarball no local data for @nodelib/fs.scandir@https://registry.npmmirror.com/@nodelib/fs.scandir/-/fs.scandir-2.1.5.tgz. Extracting by manifest.
1286 silly tarball no local data for @netlify/redirect-parser@https://registry.npmmirror.com/@netlify/redirect-parser/-/redirect-parser-14.5.0.tgz. Extracting by manifest.
1287 silly tarball no local data for @netlify/opentelemetry-utils@https://registry.npmmirror.com/@netlify/opentelemetry-utils/-/opentelemetry-utils-1.3.0.tgz. Extracting by manifest.
1288 silly tarball no local data for @netlify/local-functions-proxy-win32-x64@https://registry.npmmirror.com/@netlify/local-functions-proxy-win32-x64/-/local-functions-proxy-win32-x64-1.1.1.tgz. Extracting by manifest.
1289 silly tarball no local data for @netlify/node-cookies@https://registry.npmmirror.com/@netlify/node-cookies/-/node-cookies-0.1.0.tgz. Extracting by manifest.
1290 silly tarball no local data for @netlify/open-api@https://registry.npmmirror.com/@netlify/open-api/-/open-api-2.35.0.tgz. Extracting by manifest.
1291 silly tarball no local data for @netlify/local-functions-proxy@https://registry.npmmirror.com/@netlify/local-functions-proxy/-/local-functions-proxy-1.1.1.tgz. Extracting by manifest.
1292 silly tarball no local data for @netlify/headers-parser@https://registry.npmmirror.com/@netlify/headers-parser/-/headers-parser-7.3.0.tgz. Extracting by manifest.
1293 silly tarball no local data for @netlify/edge-functions@https://registry.npmmirror.com/@netlify/edge-functions/-/edge-functions-2.11.1.tgz. Extracting by manifest.
1294 silly tarball no local data for @netlify/framework-info@https://registry.npmmirror.com/@netlify/framework-info/-/framework-info-9.9.0.tgz. Extracting by manifest.
1295 silly tarball no local data for @netlify/git-utils@https://registry.npmmirror.com/@netlify/git-utils/-/git-utils-5.2.0.tgz. Extracting by manifest.
1296 silly tarball no local data for @netlify/edge-bundler@https://registry.npmmirror.com/@netlify/edge-bundler/-/edge-bundler-12.3.1.tgz. Extracting by manifest.
1297 silly tarball no local data for @netlify/config@https://registry.npmmirror.com/@netlify/config/-/config-20.21.0.tgz. Extracting by manifest.
1298 silly tarball no local data for @netlify/functions-utils@https://registry.npmmirror.com/@netlify/functions-utils/-/functions-utils-5.3.1.tgz. Extracting by manifest.
1299 silly tarball no local data for @netlify/build@https://registry.npmmirror.com/@netlify/build/-/build-29.58.0.tgz. Extracting by manifest.
1300 silly tarball no local data for @netlify/build-info@https://registry.npmmirror.com/@netlify/build-info/-/build-info-7.17.0.tgz. Extracting by manifest.
1301 silly tarball no local data for @netlify/cache-utils@https://registry.npmmirror.com/@netlify/cache-utils/-/cache-utils-5.2.0.tgz. Extracting by manifest.
1302 silly tarball no local data for @netlify/binary-info@https://registry.npmmirror.com/@netlify/binary-info/-/binary-info-1.0.0.tgz. Extracting by manifest.
1303 silly tarball no local data for @jridgewell/resolve-uri@https://registry.npmmirror.com/@jridgewell/resolve-uri/-/resolve-uri-3.1.0.tgz. Extracting by manifest.
1304 silly tarball no local data for @mapbox/node-pre-gyp@https://registry.npmmirror.com/@mapbox/node-pre-gyp/-/node-pre-gyp-1.0.11.tgz. Extracting by manifest.
1305 silly tarball no local data for @lukeed/ms@https://registry.npmmirror.com/@lukeed/ms/-/ms-2.0.1.tgz. Extracting by manifest.
1306 silly tarball no local data for @netlify/blobs@https://registry.npmmirror.com/@netlify/blobs/-/blobs-8.1.0.tgz. Extracting by manifest.
1307 silly tarball no local data for @jridgewell/trace-mapping@https://registry.npmmirror.com/@jridgewell/trace-mapping/-/trace-mapping-0.3.9.tgz. Extracting by manifest.
1308 silly tarball no local data for @jridgewell/sourcemap-codec@https://registry.npmmirror.com/@jridgewell/sourcemap-codec/-/sourcemap-codec-1.4.15.tgz. Extracting by manifest.
1309 silly tarball no local data for @jest/types@https://registry.npmmirror.com/@jest/types/-/types-27.5.1.tgz. Extracting by manifest.
1310 silly tarball no local data for @ioredis/commands@https://registry.npmmirror.com/@ioredis/commands/-/commands-1.2.0.tgz. Extracting by manifest.
1311 silly tarball no local data for @isaacs/cliui@https://registry.npmmirror.com/@isaacs/cliui/-/cliui-8.0.2.tgz. Extracting by manifest.
1312 silly tarball no local data for @import-maps/resolve@https://registry.npmmirror.com/@import-maps/resolve/-/resolve-1.0.1.tgz. Extracting by manifest.
1313 silly tarball no local data for @iarna/toml@https://registry.npmmirror.com/@iarna/toml/-/toml-2.2.5.tgz. Extracting by manifest.
1314 silly tarball no local data for @fastify/merge-json-schemas@https://registry.npmmirror.com/@fastify/merge-json-schemas/-/merge-json-schemas-0.1.1.tgz. Extracting by manifest.
1315 silly tarball no local data for @fastify/static@https://registry.npmmirror.com/@fastify/static/-/static-7.0.4.tgz. Extracting by manifest.
1316 silly tarball no local data for @fastify/send@https://registry.npmmirror.com/@fastify/send/-/send-2.0.1.tgz. Extracting by manifest.
1317 silly tarball no local data for @humanwhocodes/momoa@https://registry.npmmirror.com/@humanwhocodes/momoa/-/momoa-2.0.4.tgz. Extracting by manifest.
1318 silly tarball no local data for @fastify/error@https://registry.npmmirror.com/@fastify/error/-/error-3.4.1.tgz. Extracting by manifest.
1319 silly tarball no local data for @fastify/fast-json-stringify-compiler@https://registry.npmmirror.com/@fastify/fast-json-stringify-compiler/-/fast-json-stringify-compiler-4.3.0.tgz. Extracting by manifest.
1320 silly tarball no local data for @fastify/accept-negotiator@https://registry.npmmirror.com/@fastify/accept-negotiator/-/accept-negotiator-1.1.0.tgz. Extracting by manifest.
1321 silly tarball no local data for @fastify/ajv-compiler@https://registry.npmmirror.com/@fastify/ajv-compiler/-/ajv-compiler-3.5.0.tgz. Extracting by manifest.
1322 silly tarball no local data for @esbuild/win32-x64@https://registry.npmmirror.com/@esbuild/win32-x64/-/win32-x64-0.19.11.tgz. Extracting by manifest.
1323 silly tarball no local data for @dependents/detective-less@https://registry.npmmirror.com/@dependents/detective-less/-/detective-less-4.1.0.tgz. Extracting by manifest.
1324 silly tarball no local data for @cspotcode/source-map-support@https://registry.npmmirror.com/@cspotcode/source-map-support/-/source-map-support-0.8.1.tgz. Extracting by manifest.
1325 silly tarball no local data for @dabh/diagnostics@https://registry.npmmirror.com/@dabh/diagnostics/-/diagnostics-2.0.2.tgz. Extracting by manifest.
1326 silly tarball no local data for @bugsnag/safe-json-stringify@https://registry.npmmirror.com/@bugsnag/safe-json-stringify/-/safe-json-stringify-6.0.0.tgz. Extracting by manifest.
1327 silly tarball no local data for @bugsnag/cuid@https://registry.npmmirror.com/@bugsnag/cuid/-/cuid-3.1.1.tgz. Extracting by manifest.
1328 silly tarball no local data for @bugsnag/node@https://registry.npmmirror.com/@bugsnag/node/-/node-7.25.0.tgz. Extracting by manifest.
1329 silly tarball no local data for @colors/colors@https://registry.npmmirror.com/@colors/colors/-/colors-1.5.0.tgz. Extracting by manifest.
1330 silly tarball no local data for @bugsnag/js@https://registry.npmmirror.com/@bugsnag/js/-/js-7.25.0.tgz. Extracting by manifest.
1331 silly tarball no local data for @bugsnag/browser@https://registry.npmmirror.com/@bugsnag/browser/-/browser-7.25.0.tgz. Extracting by manifest.
1332 silly tarball no local data for @babel/types@https://registry.npmmirror.com/@babel/types/-/types-7.26.3.tgz. Extracting by manifest.
1333 silly tarball no local data for @babel/parser@https://registry.npmmirror.com/@babel/parser/-/parser-7.26.1.tgz. Extracting by manifest.
1334 silly tarball no local data for @babel/helper-validator-identifier@https://registry.npmmirror.com/@babel/helper-validator-identifier/-/helper-validator-identifier-7.25.9.tgz. Extracting by manifest.
1335 silly tarball no local data for @bugsnag/core@https://registry.npmmirror.com/@bugsnag/core/-/core-7.25.0.tgz. Extracting by manifest.
1336 silly tarball no local data for @babel/helper-string-parser@https://registry.npmmirror.com/@babel/helper-string-parser/-/helper-string-parser-7.25.9.tgz. Extracting by manifest.
1337 silly tarball no local data for string_decoder@https://registry.npmmirror.com/string_decoder/-/string_decoder-1.3.0.tgz. Extracting by manifest.
1338 silly tarball no local data for readable-stream@https://registry.npmmirror.com/readable-stream/-/readable-stream-4.5.2.tgz. Extracting by manifest.
1339 silly tarball no local data for cliui@https://registry.npmmirror.com/cliui/-/cliui-8.0.1.tgz. Extracting by manifest.
1340 silly tarball no local data for safe-buffer@https://registry.npmmirror.com/safe-buffer/-/safe-buffer-5.2.1.tgz. Extracting by manifest.
1341 silly tarball no local data for commander@https://registry.npmmirror.com/commander/-/commander-2.20.3.tgz. Extracting by manifest.
1342 silly tarball no local data for @babel/code-frame@https://registry.npmmirror.com/@babel/code-frame/-/code-frame-7.26.0.tgz. Extracting by manifest.
1343 silly tarball no local data for color-name@https://registry.npmmirror.com/color-name/-/color-name-1.1.4.tgz. Extracting by manifest.
1344 silly tarball no local data for strip-ansi@https://registry.npmmirror.com/strip-ansi/-/strip-ansi-6.0.1.tgz. Extracting by manifest.
1345 silly tarball no local data for color-convert@https://registry.npmmirror.com/color-convert/-/color-convert-2.0.1.tgz. Extracting by manifest.
1346 silly tarball no local data for color-name@https://registry.npmmirror.com/color-name/-/color-name-1.1.4.tgz. Extracting by manifest.
1347 silly tarball no local data for strip-ansi@https://registry.npmmirror.com/strip-ansi/-/strip-ansi-6.0.1.tgz. Extracting by manifest.
1348 silly tarball no local data for yargs-parser@https://registry.npmmirror.com/yargs-parser/-/yargs-parser-21.1.1.tgz. Extracting by manifest.
1349 silly tarball no local data for buffer@https://registry.npmmirror.com/buffer/-/buffer-6.0.3.tgz. Extracting by manifest.
1350 silly tarball no local data for ansi-styles@https://registry.npmmirror.com/ansi-styles/-/ansi-styles-4.3.0.tgz. Extracting by manifest.
1351 silly tarball no local data for strip-ansi@https://registry.npmmirror.com/strip-ansi/-/strip-ansi-6.0.1.tgz. Extracting by manifest.
1352 silly tarball no local data for is-stream@https://registry.npmmirror.com/is-stream/-/is-stream-2.0.1.tgz. Extracting by manifest.
1353 silly tarball no local data for signal-exit@https://registry.npmmirror.com/signal-exit/-/signal-exit-4.1.0.tgz. Extracting by manifest.
1354 silly tarball no local data for ansi-styles@https://registry.npmmirror.com/ansi-styles/-/ansi-styles-4.3.0.tgz. Extracting by manifest.
1355 silly tarball no local data for color-convert@https://registry.npmmirror.com/color-convert/-/color-convert-2.0.1.tgz. Extracting by manifest.
1356 silly tarball no local data for isexe@https://registry.npmmirror.com/isexe/-/isexe-2.0.0.tgz. Extracting by manifest.
1357 silly tarball no local data for emoji-regex@https://registry.npmmirror.com/emoji-regex/-/emoji-regex-9.2.2.tgz. Extracting by manifest.
1358 silly tarball no local data for @colors/colors@https://registry.npmmirror.com/@colors/colors/-/colors-1.6.0.tgz. Extracting by manifest.
1359 silly tarball no local data for webidl-conversions@https://registry.npmmirror.com/webidl-conversions/-/webidl-conversions-3.0.1.tgz. Extracting by manifest.
1360 silly tarball no local data for string-width@https://registry.npmmirror.com/string-width/-/string-width-5.1.2.tgz. Extracting by manifest.
1361 silly tarball no local data for color-name@https://registry.npmmirror.com/color-name/-/color-name-1.1.4.tgz. Extracting by manifest.
1362 silly tarball no local data for commander@https://registry.npmmirror.com/commander/-/commander-9.5.0.tgz. Extracting by manifest.
1363 silly tarball no local data for supports-color@https://registry.npmmirror.com/supports-color/-/supports-color-7.2.0.tgz. Extracting by manifest.
1364 silly tarball no local data for wrap-ansi@https://registry.npmmirror.com/wrap-ansi/-/wrap-ansi-9.0.0.tgz. Extracting by manifest.
1365 silly tarball no local data for type-fest@https://registry.npmmirror.com/type-fest/-/type-fest-4.26.1.tgz. Extracting by manifest.
1366 silly tarball no local data for ansi-styles@https://registry.npmmirror.com/ansi-styles/-/ansi-styles-4.3.0.tgz. Extracting by manifest.
1367 silly tarball no local data for color-convert@https://registry.npmmirror.com/color-convert/-/color-convert-2.0.1.tgz. Extracting by manifest.
1368 silly tarball no local data for chalk@https://registry.npmmirror.com/chalk/-/chalk-4.1.2.tgz. Extracting by manifest.
1369 silly tarball no local data for graceful-fs@https://registry.npmmirror.com/graceful-fs/-/graceful-fs-4.2.11.tgz. Extracting by manifest.
1370 silly tarball no local data for string-width@https://registry.npmmirror.com/string-width/-/string-width-7.2.0.tgz. Extracting by manifest.
1371 silly tarball no local data for emoji-regex@https://registry.npmmirror.com/emoji-regex/-/emoji-regex-10.4.0.tgz. Extracting by manifest.
1372 silly tarball no local data for widest-line@https://registry.npmmirror.com/widest-line/-/widest-line-5.0.0.tgz. Extracting by manifest.
1373 silly tarball no local data for boxen@https://registry.npmmirror.com/boxen/-/boxen-8.0.1.tgz. Extracting by manifest.
1374 silly tarball no local data for camelcase@https://registry.npmmirror.com/camelcase/-/camelcase-8.0.0.tgz. Extracting by manifest.
1375 silly tarball no local data for normalize-path@https://registry.npmmirror.com/normalize-path/-/normalize-path-2.1.1.tgz. Extracting by manifest.
1376 silly tarball no local data for mime@https://registry.npmmirror.com/mime/-/mime-3.0.0.tgz. Extracting by manifest.
1377 silly tarball no local data for tmp@https://registry.npmmirror.com/tmp/-/tmp-0.2.1.tgz. Extracting by manifest.
1378 silly tarball no local data for configstore@https://registry.npmmirror.com/configstore/-/configstore-7.0.0.tgz. Extracting by manifest.
1379 silly tarball no local data for ansi-escapes@https://registry.npmmirror.com/ansi-escapes/-/ansi-escapes-5.0.0.tgz. Extracting by manifest.
1380 silly tarball no local data for is-stream@https://registry.npmmirror.com/is-stream/-/is-stream-3.0.0.tgz. Extracting by manifest.
1381 silly tarball no local data for type-fest@https://registry.npmmirror.com/type-fest/-/type-fest-1.4.0.tgz. Extracting by manifest.
1382 silly tarball no local data for mkdirp@https://registry.npmmirror.com/mkdirp/-/mkdirp-1.0.4.tgz. Extracting by manifest.
1383 silly tarball no local data for commander@https://registry.npmmirror.com/commander/-/commander-7.2.0.tgz. Extracting by manifest.
1384 silly tarball no local data for supports-color@https://registry.npmmirror.com/supports-color/-/supports-color-7.2.0.tgz. Extracting by manifest.
1385 silly tarball no local data for is-plain-obj@https://registry.npmmirror.com/is-plain-obj/-/is-plain-obj-1.1.0.tgz. Extracting by manifest.
1386 silly tarball no local data for diff@https://registry.npmmirror.com/diff/-/diff-4.0.2.tgz. Extracting by manifest.
1387 silly tarball no local data for ansi-regex@https://registry.npmmirror.com/ansi-regex/-/ansi-regex-6.0.1.tgz. Extracting by manifest.
1388 silly tarball no local data for strip-ansi@https://registry.npmmirror.com/strip-ansi/-/strip-ansi-6.0.1.tgz. Extracting by manifest.
1389 silly tarball no local data for is-fullwidth-code-point@https://registry.npmmirror.com/is-fullwidth-code-point/-/is-fullwidth-code-point-3.0.0.tgz. Extracting by manifest.
1390 silly tarball no local data for is-arrayish@https://registry.npmmirror.com/is-arrayish/-/is-arrayish-0.3.2.tgz. Extracting by manifest.
1391 silly tarball no local data for is-fullwidth-code-point@https://registry.npmmirror.com/is-fullwidth-code-point/-/is-fullwidth-code-point-3.0.0.tgz. Extracting by manifest.
1392 silly tarball no local data for strip-ansi@https://registry.npmmirror.com/strip-ansi/-/strip-ansi-6.0.1.tgz. Extracting by manifest.
1393 silly tarball no local data for node-addon-api@https://registry.npmmirror.com/node-addon-api/-/node-addon-api-6.1.0.tgz. Extracting by manifest.
1394 silly tarball no local data for color-name@https://registry.npmmirror.com/color-name/-/color-name-1.1.4.tgz. Extracting by manifest.
1395 silly tarball no local data for is-plain-obj@https://registry.npmmirror.com/is-plain-obj/-/is-plain-obj-1.1.0.tgz. Extracting by manifest.
1396 silly tarball no local data for color@https://registry.npmmirror.com/color/-/color-4.2.3.tgz. Extracting by manifest.
1397 silly tarball no local data for color-convert@https://registry.npmmirror.com/color-convert/-/color-convert-2.0.1.tgz. Extracting by manifest.
1398 silly tarball no local data for depd@https://registry.npmmirror.com/depd/-/depd-2.0.0.tgz. Extracting by manifest.
1399 silly tarball no local data for commander@https://registry.npmmirror.com/commander/-/commander-2.20.3.tgz. Extracting by manifest.
1400 silly tarball no local data for encodeurl@https://registry.npmmirror.com/encodeurl/-/encodeurl-1.0.2.tgz. Extracting by manifest.
1401 silly tarball no local data for http-errors@https://registry.npmmirror.com/http-errors/-/http-errors-2.0.0.tgz. Extracting by manifest.
1402 silly tarball no local data for debug@https://registry.npmmirror.com/debug/-/debug-2.6.9.tgz. Extracting by manifest.
1403 silly tarball no local data for ret@https://registry.npmmirror.com/ret/-/ret-0.4.3.tgz. Extracting by manifest.
1404 silly tarball no local data for mimic-fn@https://registry.npmmirror.com/mimic-fn/-/mimic-fn-1.2.0.tgz. Extracting by manifest.
1405 silly tarball no local data for ms@https://registry.npmmirror.com/ms/-/ms-2.0.0.tgz. Extracting by manifest.
1406 silly tarball no local data for minimatch@https://registry.npmmirror.com/minimatch/-/minimatch-5.1.6.tgz. Extracting by manifest.
1407 silly tarball no local data for brace-expansion@https://registry.npmmirror.com/brace-expansion/-/brace-expansion-2.0.1.tgz. Extracting by manifest.
1408 silly tarball no local data for read-pkg@https://registry.npmmirror.com/read-pkg/-/read-pkg-9.0.1.tgz. Extracting by manifest.
1409 silly tarball no local data for onetime@https://registry.npmmirror.com/onetime/-/onetime-2.0.1.tgz. Extracting by manifest.
1410 silly tarball no local data for parse-json@https://registry.npmmirror.com/parse-json/-/parse-json-8.1.0.tgz. Extracting by manifest.
1411 silly tarball no local data for type-fest@https://registry.npmmirror.com/type-fest/-/type-fest-4.12.0.tgz. Extracting by manifest.
1412 silly tarball no local data for lru-cache@https://registry.npmmirror.com/lru-cache/-/lru-cache-10.2.0.tgz. Extracting by manifest.
1413 silly tarball no local data for normalize-package-data@https://registry.npmmirror.com/normalize-package-data/-/normalize-package-data-6.0.0.tgz. Extracting by manifest.
1414 silly tarball no local data for hosted-git-info@https://registry.npmmirror.com/hosted-git-info/-/hosted-git-info-7.0.1.tgz. Extracting by manifest.
1415 silly tarball no local data for strip-json-comments@https://registry.npmmirror.com/strip-json-comments/-/strip-json-comments-2.0.1.tgz. Extracting by manifest.
1416 silly tarball no local data for depd@https://registry.npmmirror.com/depd/-/depd-2.0.0.tgz. Extracting by manifest.
1417 silly tarball no local data for http-errors@https://registry.npmmirror.com/http-errors/-/http-errors-2.0.0.tgz. Extracting by manifest.
1418 silly tarball no local data for ini@https://registry.npmmirror.com/ini/-/ini-1.3.8.tgz. Extracting by manifest.
1419 silly tarball no local data for tar-fs@https://registry.npmmirror.com/tar-fs/-/tar-fs-2.1.1.tgz. Extracting by manifest.
1420 silly tarball no local data for safe-buffer@https://registry.npmmirror.com/safe-buffer/-/safe-buffer-5.2.1.tgz. Extracting by manifest.
1421 silly tarball no local data for tar-stream@https://registry.npmmirror.com/tar-stream/-/tar-stream-2.2.0.tgz. Extracting by manifest.
1422 silly tarball no local data for chownr@https://registry.npmmirror.com/chownr/-/chownr-1.1.4.tgz. Extracting by manifest.
1423 silly tarball no local data for ansi-styles@https://registry.npmmirror.com/ansi-styles/-/ansi-styles-5.2.0.tgz. Extracting by manifest.
1424 silly tarball no local data for split2@https://registry.npmmirror.com/split2/-/split2-4.2.0.tgz. Extracting by manifest.
1425 silly tarball no local data for readable-stream@https://registry.npmmirror.com/readable-stream/-/readable-stream-4.5.2.tgz. Extracting by manifest.
1426 silly tarball no local data for color-name@https://registry.npmmirror.com/color-name/-/color-name-1.1.4.tgz. Extracting by manifest.
1427 silly tarball no local data for lru-cache@https://registry.npmmirror.com/lru-cache/-/lru-cache-10.2.2.tgz. Extracting by manifest.
1428 silly tarball no local data for sonic-boom@https://registry.npmmirror.com/sonic-boom/-/sonic-boom-4.2.0.tgz. Extracting by manifest.
1429 silly tarball no local data for buffer@https://registry.npmmirror.com/buffer/-/buffer-6.0.3.tgz. Extracting by manifest.
1430 silly tarball no local data for p-timeout@https://registry.npmmirror.com/p-timeout/-/p-timeout-5.1.0.tgz. Extracting by manifest.
1431 silly tarball no local data for process-warning@https://registry.npmmirror.com/process-warning/-/process-warning-4.0.0.tgz. Extracting by manifest.
1432 silly tarball no local data for string_decoder@https://registry.npmmirror.com/string_decoder/-/string_decoder-1.3.0.tgz. Extracting by manifest.
1433 silly tarball no local data for readable-stream@https://registry.npmmirror.com/readable-stream/-/readable-stream-2.3.8.tgz. Extracting by manifest.
1434 silly tarball no local data for p-map@https://registry.npmmirror.com/p-map/-/p-map-2.1.0.tgz. Extracting by manifest.
1435 silly tarball no local data for string-width@https://registry.npmmirror.com/string-width/-/string-width-7.2.0.tgz. Extracting by manifest.
1436 silly tarball no local data for restore-cursor@https://registry.npmmirror.com/restore-cursor/-/restore-cursor-5.1.0.tgz. Extracting by manifest.
1437 silly tarball no local data for signal-exit@https://registry.npmmirror.com/signal-exit/-/signal-exit-4.1.0.tgz. Extracting by manifest.
1438 silly tarball no local data for is-wsl@https://registry.npmmirror.com/is-wsl/-/is-wsl-2.2.0.tgz. Extracting by manifest.
1439 silly tarball no local data for emoji-regex@https://registry.npmmirror.com/emoji-regex/-/emoji-regex-10.4.0.tgz. Extracting by manifest.
1440 silly tarball no local data for is-unicode-supported@https://registry.npmmirror.com/is-unicode-supported/-/is-unicode-supported-2.1.0.tgz. Extracting by manifest.
1441 silly tarball no local data for is-docker@https://registry.npmmirror.com/is-docker/-/is-docker-2.2.1.tgz. Extracting by manifest.
1442 silly tarball no local data for onetime@https://registry.npmmirror.com/onetime/-/onetime-7.0.0.tgz. Extracting by manifest.
1443 silly tarball no local data for cli-cursor@https://registry.npmmirror.com/cli-cursor/-/cli-cursor-5.0.0.tgz. Extracting by manifest.
1444 silly tarball no local data for path-exists@https://registry.npmmirror.com/path-exists/-/path-exists-5.0.0.tgz. Extracting by manifest.
1445 silly tarball no local data for p-wait-for@https://registry.npmmirror.com/p-wait-for/-/p-wait-for-4.1.0.tgz. Extracting by manifest.
1446 silly tarball no local data for path-key@https://registry.npmmirror.com/path-key/-/path-key-3.1.1.tgz. Extracting by manifest.
1447 silly tarball no local data for p-timeout@https://registry.npmmirror.com/p-timeout/-/p-timeout-5.1.0.tgz. Extracting by manifest.
1448 silly tarball no local data for mimic-fn@https://registry.npmmirror.com/mimic-fn/-/mimic-fn-2.1.0.tgz. Extracting by manifest.
1449 silly tarball no local data for is-plain-obj@https://registry.npmmirror.com/is-plain-obj/-/is-plain-obj-2.1.0.tgz. Extracting by manifest.
1450 silly tarball no local data for through2@https://registry.npmmirror.com/through2/-/through2-2.0.5.tgz. Extracting by manifest.
1451 silly tarball no local data for minipass@https://registry.npmmirror.com/minipass/-/minipass-3.3.6.tgz. Extracting by manifest.
1452 silly tarball no local data for safe-buffer@https://registry.npmmirror.com/safe-buffer/-/safe-buffer-5.2.1.tgz. Extracting by manifest.
1453 silly tarball no local data for split2@https://registry.npmmirror.com/split2/-/split2-1.1.1.tgz. Extracting by manifest.
1454 silly tarball no local data for pump@https://registry.npmmirror.com/pump/-/pump-1.0.3.tgz. Extracting by manifest.
1455 silly tarball no local data for path-exists@https://registry.npmmirror.com/path-exists/-/path-exists-5.0.0.tgz. Extracting by manifest.
1456 silly tarball no local data for string-width@https://registry.npmmirror.com/string-width/-/string-width-7.2.0.tgz. Extracting by manifest.
1457 silly tarball no local data for semver@https://registry.npmmirror.com/semver/-/semver-6.3.1.tgz. Extracting by manifest.
1458 silly tarball no local data for slice-ansi@https://registry.npmmirror.com/slice-ansi/-/slice-ansi-7.1.0.tgz. Extracting by manifest.
1459 silly tarball no local data for readable-stream@https://registry.npmmirror.com/readable-stream/-/readable-stream-2.3.8.tgz. Extracting by manifest.
1460 silly tarball no local data for cli-cursor@https://registry.npmmirror.com/cli-cursor/-/cli-cursor-5.0.0.tgz. Extracting by manifest.
1461 silly tarball no local data for restore-cursor@https://registry.npmmirror.com/restore-cursor/-/restore-cursor-5.1.0.tgz. Extracting by manifest.
1462 silly tarball no local data for is-fullwidth-code-point@https://registry.npmmirror.com/is-fullwidth-code-point/-/is-fullwidth-code-point-5.0.0.tgz. Extracting by manifest.
1463 silly tarball no local data for wrap-ansi@https://registry.npmmirror.com/wrap-ansi/-/wrap-ansi-9.0.0.tgz. Extracting by manifest.
1464 silly tarball no local data for signal-exit@https://registry.npmmirror.com/signal-exit/-/signal-exit-4.1.0.tgz. Extracting by manifest.
1465 silly tarball no local data for onetime@https://registry.npmmirror.com/onetime/-/onetime-7.0.0.tgz. Extracting by manifest.
1466 silly tarball no local data for map-obj@https://registry.npmmirror.com/map-obj/-/map-obj-5.0.2.tgz. Extracting by manifest.
1467 silly tarball no local data for filter-obj@https://registry.npmmirror.com/filter-obj/-/filter-obj-3.0.0.tgz. Extracting by manifest.
1468 silly tarball no local data for figures@https://registry.npmmirror.com/figures/-/figures-4.0.1.tgz. Extracting by manifest.
1469 silly tarball no local data for emoji-regex@https://registry.npmmirror.com/emoji-regex/-/emoji-regex-10.4.0.tgz. Extracting by manifest.
1470 silly tarball no local data for escape-string-regexp@https://registry.npmmirror.com/escape-string-regexp/-/escape-string-regexp-5.0.0.tgz. Extracting by manifest.
1471 silly tarball no local data for wrap-ansi@https://registry.npmmirror.com/wrap-ansi/-/wrap-ansi-9.0.0.tgz. Extracting by manifest.
1472 silly tarball no local data for p-locate@https://registry.npmmirror.com/p-locate/-/p-locate-6.0.0.tgz. Extracting by manifest.
1473 silly tarball no local data for yocto-queue@https://registry.npmmirror.com/yocto-queue/-/yocto-queue-1.0.0.tgz. Extracting by manifest.
1474 silly tarball no local data for string-width@https://registry.npmmirror.com/string-width/-/string-width-7.2.0.tgz. Extracting by manifest.
1475 silly tarball no local data for process-warning@https://registry.npmmirror.com/process-warning/-/process-warning-3.0.0.tgz. Extracting by manifest.
1476 silly tarball no local data for emoji-regex@https://registry.npmmirror.com/emoji-regex/-/emoji-regex-10.4.0.tgz. Extracting by manifest.
1477 silly tarball no local data for readable-stream@https://registry.npmmirror.com/readable-stream/-/readable-stream-2.3.8.tgz. Extracting by manifest.
1478 silly tarball no local data for supports-color@https://registry.npmmirror.com/supports-color/-/supports-color-7.2.0.tgz. Extracting by manifest.
1479 silly tarball no local data for eventemitter3@https://registry.npmmirror.com/eventemitter3/-/eventemitter3-5.0.1.tgz. Extracting by manifest.
1480 silly tarball no local data for chalk@https://registry.npmmirror.com/chalk/-/chalk-4.1.2.tgz. Extracting by manifest.
1481 silly tarball no local data for color-name@https://registry.npmmirror.com/color-name/-/color-name-1.1.4.tgz. Extracting by manifest.
1482 silly tarball no local data for p-limit@https://registry.npmmirror.com/p-limit/-/p-limit-4.0.0.tgz. Extracting by manifest.
1483 silly tarball no local data for lru-cache@https://registry.npmmirror.com/lru-cache/-/lru-cache-10.2.0.tgz. Extracting by manifest.
1484 silly tarball no local data for ansi-styles@https://registry.npmmirror.com/ansi-styles/-/ansi-styles-4.3.0.tgz. Extracting by manifest.
1485 silly tarball no local data for color-convert@https://registry.npmmirror.com/color-convert/-/color-convert-2.0.1.tgz. Extracting by manifest.
1486 silly tarball no local data for @netlify/blobs@https://registry.npmmirror.com/@netlify/blobs/-/blobs-6.5.0.tgz. Extracting by manifest.
1487 silly tarball no local data for color-name@https://registry.npmmirror.com/color-name/-/color-name-1.1.4.tgz. Extracting by manifest.
1488 silly tarball no local data for unstorage@https://registry.npmmirror.com/unstorage/-/unstorage-1.10.1.tgz. Extracting by manifest.
1489 silly tarball no local data for color-convert@https://registry.npmmirror.com/color-convert/-/color-convert-2.0.1.tgz. Extracting by manifest.
1490 silly tarball no local data for type-fest@https://registry.npmmirror.com/type-fest/-/type-fest-0.21.3.tgz. Extracting by manifest.
1491 silly tarball no local data for supports-color@https://registry.npmmirror.com/supports-color/-/supports-color-7.2.0.tgz. Extracting by manifest.
1492 silly tarball no local data for chalk@https://registry.npmmirror.com/chalk/-/chalk-4.1.2.tgz. Extracting by manifest.
1493 silly tarball no local data for ansi-styles@https://registry.npmmirror.com/ansi-styles/-/ansi-styles-4.3.0.tgz. Extracting by manifest.
1494 silly tarball no local data for strip-ansi@https://registry.npmmirror.com/strip-ansi/-/strip-ansi-5.2.0.tgz. Extracting by manifest.
1495 silly tarball no local data for string-width@https://registry.npmmirror.com/string-width/-/string-width-2.1.1.tgz. Extracting by manifest.
1496 silly tarball no local data for strip-ansi@https://registry.npmmirror.com/strip-ansi/-/strip-ansi-4.0.0.tgz. Extracting by manifest.
1497 silly tarball no local data for ansi-escapes@https://registry.npmmirror.com/ansi-escapes/-/ansi-escapes-4.3.2.tgz. Extracting by manifest.
1498 silly tarball no local data for supports-color@https://registry.npmmirror.com/supports-color/-/supports-color-5.5.0.tgz. Extracting by manifest.
1499 silly tarball no local data for ansi-regex@https://registry.npmmirror.com/ansi-regex/-/ansi-regex-3.0.1.tgz. Extracting by manifest.
1500 silly tarball no local data for is-fullwidth-code-point@https://registry.npmmirror.com/is-fullwidth-code-point/-/is-fullwidth-code-point-2.0.0.tgz. Extracting by manifest.
1501 silly tarball no local data for escape-string-regexp@https://registry.npmmirror.com/escape-string-regexp/-/escape-string-regexp-1.0.5.tgz. Extracting by manifest.
1502 silly tarball no local data for has-flag@https://registry.npmmirror.com/has-flag/-/has-flag-3.0.0.tgz. Extracting by manifest.
1503 silly tarball no local data for chalk@https://registry.npmmirror.com/chalk/-/chalk-2.4.2.tgz. Extracting by manifest.
1504 silly tarball no local data for ansi-styles@https://registry.npmmirror.com/ansi-styles/-/ansi-styles-3.2.1.tgz. Extracting by manifest.
1505 silly tarball no local data for agent-base@https://registry.npmmirror.com/agent-base/-/agent-base-7.1.1.tgz. Extracting by manifest.
1506 silly tarball no local data for is-plain-obj@https://registry.npmmirror.com/is-plain-obj/-/is-plain-obj-3.0.0.tgz. Extracting by manifest.
1507 silly tarball no local data for figures@https://registry.npmmirror.com/figures/-/figures-2.0.0.tgz. Extracting by manifest.
1508 silly tarball no local data for ansi-regex@https://registry.npmmirror.com/ansi-regex/-/ansi-regex-4.1.1.tgz. Extracting by manifest.
1509 silly tarball no local data for statuses@https://registry.npmmirror.com/statuses/-/statuses-1.5.0.tgz. Extracting by manifest.
1510 silly tarball no local data for type-fest@https://registry.npmmirror.com/type-fest/-/type-fest-0.8.1.tgz. Extracting by manifest.
1511 silly tarball no local data for ini@https://registry.npmmirror.com/ini/-/ini-4.1.1.tgz. Extracting by manifest.
1512 silly tarball no local data for ansi-escapes@https://registry.npmmirror.com/ansi-escapes/-/ansi-escapes-3.2.0.tgz. Extracting by manifest.
1513 silly tarball no local data for ini@https://registry.npmmirror.com/ini/-/ini-1.3.8.tgz. Extracting by manifest.
1514 silly tarball no local data for async@https://registry.npmmirror.com/async/-/async-1.5.2.tgz. Extracting by manifest.
1515 silly tarball no local data for is-stream@https://registry.npmmirror.com/is-stream/-/is-stream-2.0.1.tgz. Extracting by manifest.
1516 silly tarball no local data for path-exists@https://registry.npmmirror.com/path-exists/-/path-exists-5.0.0.tgz. Extracting by manifest.
1517 silly tarball no local data for ms@https://registry.npmmirror.com/ms/-/ms-2.0.0.tgz. Extracting by manifest.
1518 silly tarball no local data for strip-ansi@https://registry.npmmirror.com/strip-ansi/-/strip-ansi-6.0.1.tgz. Extracting by manifest.
1519 silly tarball no local data for minipass@https://registry.npmmirror.com/minipass/-/minipass-3.3.6.tgz. Extracting by manifest.
1520 silly tarball no local data for readable-stream@https://registry.npmmirror.com/readable-stream/-/readable-stream-2.3.8.tgz. Extracting by manifest.
1521 silly tarball no local data for signal-exit@https://registry.npmmirror.com/signal-exit/-/signal-exit-4.1.0.tgz. Extracting by manifest.
1522 silly tarball no local data for figures@https://registry.npmmirror.com/figures/-/figures-5.0.0.tgz. Extracting by manifest.
1523 silly tarball no local data for debug@https://registry.npmmirror.com/debug/-/debug-2.6.9.tgz. Extracting by manifest.
1524 silly tarball no local data for escape-string-regexp@https://registry.npmmirror.com/escape-string-regexp/-/escape-string-regexp-1.0.5.tgz. Extracting by manifest.
1525 silly tarball no local data for path-exists@https://registry.npmmirror.com/path-exists/-/path-exists-5.0.0.tgz. Extracting by manifest.
1526 silly tarball no local data for process-warning@https://registry.npmmirror.com/process-warning/-/process-warning-3.0.0.tgz. Extracting by manifest.
1527 silly tarball no local data for escape-string-regexp@https://registry.npmmirror.com/escape-string-regexp/-/escape-string-regexp-5.0.0.tgz. Extracting by manifest.
1528 silly tarball no local data for colors-option@https://registry.npmmirror.com/colors-option/-/colors-option-4.5.0.tgz. Extracting by manifest.
1529 silly tarball no local data for json-schema-traverse@https://registry.npmmirror.com/json-schema-traverse/-/json-schema-traverse-1.0.0.tgz. Extracting by manifest.
1530 silly tarball no local data for path-to-regexp@https://registry.npmmirror.com/path-to-regexp/-/path-to-regexp-0.1.12.tgz. Extracting by manifest.
1531 silly tarball no local data for ajv@https://registry.npmmirror.com/ajv/-/ajv-8.12.0.tgz. Extracting by manifest.
1532 silly tarball no local data for get-stream@https://registry.npmmirror.com/get-stream/-/get-stream-5.2.0.tgz. Extracting by manifest.
1533 silly tarball no local data for safe-buffer@https://registry.npmmirror.com/safe-buffer/-/safe-buffer-5.2.1.tgz. Extracting by manifest.
1534 silly tarball no local data for ajv-formats@https://registry.npmmirror.com/ajv-formats/-/ajv-formats-3.0.1.tgz. Extracting by manifest.
1535 silly tarball no local data for is-stream@https://registry.npmmirror.com/is-stream/-/is-stream-2.0.1.tgz. Extracting by manifest.
1536 silly tarball no local data for http-errors@https://registry.npmmirror.com/http-errors/-/http-errors-2.0.0.tgz. Extracting by manifest.
1537 silly tarball no local data for ms@https://registry.npmmirror.com/ms/-/ms-2.0.0.tgz. Extracting by manifest.
1538 silly tarball no local data for typescript@https://registry.npmmirror.com/typescript/-/typescript-5.4.5.tgz. Extracting by manifest.
1539 silly tarball no local data for depd@https://registry.npmmirror.com/depd/-/depd-2.0.0.tgz. Extracting by manifest.
1540 silly tarball no local data for @typescript-eslint/visitor-keys@https://registry.npmmirror.com/@typescript-eslint/visitor-keys/-/visitor-keys-5.62.0.tgz. Extracting by manifest.
1541 silly tarball no local data for cookie@https://registry.npmmirror.com/cookie/-/cookie-0.7.1.tgz. Extracting by manifest.
1542 silly tarball no local data for type-fest@https://registry.npmmirror.com/type-fest/-/type-fest-4.18.2.tgz. Extracting by manifest.
1543 silly tarball no local data for debug@https://registry.npmmirror.com/debug/-/debug-2.6.9.tgz. Extracting by manifest.
1544 silly tarball no local data for mimic-response@https://registry.npmmirror.com/mimic-response/-/mimic-response-3.1.0.tgz. Extracting by manifest.
1545 silly tarball no local data for type-fest@https://registry.npmmirror.com/type-fest/-/type-fest-1.4.0.tgz. Extracting by manifest.
1546 silly tarball no local data for eslint-visitor-keys@https://registry.npmmirror.com/eslint-visitor-keys/-/eslint-visitor-keys-3.4.3.tgz. Extracting by manifest.
1547 silly tarball no local data for @typescript-eslint/types@https://registry.npmmirror.com/@typescript-eslint/types/-/types-5.62.0.tgz. Extracting by manifest.
1548 silly tarball no local data for mdn-data@https://registry.npmmirror.com/mdn-data/-/mdn-data-2.0.28.tgz. Extracting by manifest.
1549 silly tarball no local data for safe-buffer@https://registry.npmmirror.com/safe-buffer/-/safe-buffer-5.2.1.tgz. Extracting by manifest.
1550 silly tarball no local data for css-tree@https://registry.npmmirror.com/css-tree/-/css-tree-2.2.1.tgz. Extracting by manifest.
1551 silly tarball no local data for @typescript-eslint/typescript-estree@https://registry.npmmirror.com/@typescript-eslint/typescript-estree/-/typescript-estree-5.62.0.tgz. Extracting by manifest.
1552 silly tarball no local data for path-key@https://registry.npmmirror.com/path-key/-/path-key-3.1.1.tgz. Extracting by manifest.
1553 silly tarball no local data for slash@https://registry.npmmirror.com/slash/-/slash-4.0.0.tgz. Extracting by manifest.
1554 silly tarball no local data for p-timeout@https://registry.npmmirror.com/p-timeout/-/p-timeout-3.2.0.tgz. Extracting by manifest.
1555 silly tarball no local data for p-map@https://registry.npmmirror.com/p-map/-/p-map-5.5.0.tgz. Extracting by manifest.
1556 silly tarball no local data for readable-stream@https://registry.npmmirror.com/readable-stream/-/readable-stream-4.5.2.tgz. Extracting by manifest.
1557 silly tarball no local data for buffer@https://registry.npmmirror.com/buffer/-/buffer-6.0.3.tgz. Extracting by manifest.
1558 silly tarball no local data for globby@https://registry.npmmirror.com/globby/-/globby-13.2.2.tgz. Extracting by manifest.
1559 silly tarball no local data for string_decoder@https://registry.npmmirror.com/string_decoder/-/string_decoder-1.3.0.tgz. Extracting by manifest.
1560 silly tarball no local data for safe-buffer@https://registry.npmmirror.com/safe-buffer/-/safe-buffer-5.2.1.tgz. Extracting by manifest.
1561 silly tarball no local data for p-filter@https://registry.npmmirror.com/p-filter/-/p-filter-3.0.0.tgz. Extracting by manifest.
1562 silly tarball no local data for p-event@https://registry.npmmirror.com/p-event/-/p-event-4.2.0.tgz. Extracting by manifest.
1563 silly tarball no local data for write-file-atomic@https://registry.npmmirror.com/write-file-atomic/-/write-file-atomic-3.0.3.tgz. Extracting by manifest.
1564 silly tarball no local data for dot-prop@https://registry.npmmirror.com/dot-prop/-/dot-prop-6.0.1.tgz. Extracting by manifest.
1565 silly tarball no local data for ini@https://registry.npmmirror.com/ini/-/ini-1.3.8.tgz. Extracting by manifest.
1566 silly tarball no local data for string_decoder@https://registry.npmmirror.com/string_decoder/-/string_decoder-1.3.0.tgz. Extracting by manifest.
1567 silly tarball no local data for readable-stream@https://registry.npmmirror.com/readable-stream/-/readable-stream-4.5.2.tgz. Extracting by manifest.
1568 silly tarball no local data for safe-buffer@https://registry.npmmirror.com/safe-buffer/-/safe-buffer-5.2.1.tgz. Extracting by manifest.
1569 silly tarball no local data for strip-final-newline@https://registry.npmmirror.com/strip-final-newline/-/strip-final-newline-3.0.0.tgz. Extracting by manifest.
1570 silly tarball no local data for cp-file@https://registry.npmmirror.com/cp-file/-/cp-file-9.1.0.tgz. Extracting by manifest.
1571 silly tarball no local data for filter-obj@https://registry.npmmirror.com/filter-obj/-/filter-obj-3.0.0.tgz. Extracting by manifest.
1572 silly tarball no local data for is-stream@https://registry.npmmirror.com/is-stream/-/is-stream-2.0.1.tgz. Extracting by manifest.
1573 silly tarball no local data for buffer@https://registry.npmmirror.com/buffer/-/buffer-6.0.3.tgz. Extracting by manifest.
1574 silly tarball no local data for core-util-is@https://registry.npmmirror.com/core-util-is/-/core-util-is-1.0.3.tgz. Extracting by manifest.
1575 silly tarball no local data for signal-exit@https://registry.npmmirror.com/signal-exit/-/signal-exit-4.1.0.tgz. Extracting by manifest.
1576 silly tarball no local data for npm-run-path@https://registry.npmmirror.com/npm-run-path/-/npm-run-path-5.2.0.tgz. Extracting by manifest.
1577 silly tarball no local data for is-stream@https://registry.npmmirror.com/is-stream/-/is-stream-3.0.0.tgz. Extracting by manifest.
1578 silly tarball no local data for onetime@https://registry.npmmirror.com/onetime/-/onetime-6.0.0.tgz. Extracting by manifest.
1579 silly tarball no local data for execa@https://registry.npmmirror.com/execa/-/execa-8.0.1.tgz. Extracting by manifest.
1580 silly tarball no local data for wrap-ansi@https://registry.npmmirror.com/wrap-ansi/-/wrap-ansi-8.1.0.tgz. Extracting by manifest.
1581 silly tarball no local data for get-stream@https://registry.npmmirror.com/get-stream/-/get-stream-8.0.1.tgz. Extracting by manifest.
1582 silly tarball no local data for string-width@https://registry.npmmirror.com/string-width/-/string-width-7.1.0.tgz. Extracting by manifest.
1583 silly tarball no local data for escape-string-regexp@https://registry.npmmirror.com/escape-string-regexp/-/escape-string-regexp-5.0.0.tgz. Extracting by manifest.
1584 silly tarball no local data for human-signals@https://registry.npmmirror.com/human-signals/-/human-signals-5.0.0.tgz. Extracting by manifest.
1585 silly tarball no local data for ms@https://registry.npmmirror.com/ms/-/ms-2.0.0.tgz. Extracting by manifest.
1586 silly tarball no local data for camelcase@https://registry.npmmirror.com/camelcase/-/camelcase-7.0.1.tgz. Extracting by manifest.
1587 silly tarball no local data for emoji-regex@https://registry.npmmirror.com/emoji-regex/-/emoji-regex-10.3.0.tgz. Extracting by manifest.
1588 silly tarball no local data for string-width@https://registry.npmmirror.com/string-width/-/string-width-5.1.2.tgz. Extracting by manifest.
1589 silly tarball no local data for depd@https://registry.npmmirror.com/depd/-/depd-2.0.0.tgz. Extracting by manifest.
1590 silly tarball no local data for color-convert@https://registry.npmmirror.com/color-convert/-/color-convert-2.0.1.tgz. Extracting by manifest.
1591 silly tarball no local data for http-errors@https://registry.npmmirror.com/http-errors/-/http-errors-2.0.0.tgz. Extracting by manifest.
1592 silly tarball no local data for emoji-regex@https://registry.npmmirror.com/emoji-regex/-/emoji-regex-9.2.2.tgz. Extracting by manifest.
1593 silly tarball no local data for debug@https://registry.npmmirror.com/debug/-/debug-2.6.9.tgz. Extracting by manifest.
1594 silly tarball no local data for chalk@https://registry.npmmirror.com/chalk/-/chalk-4.1.2.tgz. Extracting by manifest.
1595 silly tarball no local data for safe-buffer@https://registry.npmmirror.com/safe-buffer/-/safe-buffer-5.2.1.tgz. Extracting by manifest.
1596 silly tarball no local data for minimatch@https://registry.npmmirror.com/minimatch/-/minimatch-9.0.4.tgz. Extracting by manifest.
1597 silly tarball no local data for supports-color@https://registry.npmmirror.com/supports-color/-/supports-color-7.2.0.tgz. Extracting by manifest.
1598 silly tarball no local data for string_decoder@https://registry.npmmirror.com/string_decoder/-/string_decoder-1.3.0.tgz. Extracting by manifest.
1599 silly tarball no local data for color-name@https://registry.npmmirror.com/color-name/-/color-name-1.1.4.tgz. Extracting by manifest.
1600 silly tarball no local data for readable-stream@https://registry.npmmirror.com/readable-stream/-/readable-stream-4.5.2.tgz. Extracting by manifest.
1601 silly tarball no local data for minipass@https://registry.npmmirror.com/minipass/-/minipass-7.1.2.tgz. Extracting by manifest.
1602 silly tarball no local data for jackspeak@https://registry.npmmirror.com/jackspeak/-/jackspeak-3.1.2.tgz. Extracting by manifest.
1603 silly tarball no local data for ansi-styles@https://registry.npmmirror.com/ansi-styles/-/ansi-styles-4.3.0.tgz. Extracting by manifest.
1604 silly tarball no local data for glob@https://registry.npmmirror.com/glob/-/glob-10.4.1.tgz. Extracting by manifest.
1605 silly tarball no local data for safe-buffer@https://registry.npmmirror.com/safe-buffer/-/safe-buffer-5.2.1.tgz. Extracting by manifest.
1606 silly tarball no local data for readable-stream@https://registry.npmmirror.com/readable-stream/-/readable-stream-4.5.2.tgz. Extracting by manifest.
1607 silly tarball no local data for brace-expansion@https://registry.npmmirror.com/brace-expansion/-/brace-expansion-2.0.1.tgz. Extracting by manifest.
1608 silly tarball no local data for string_decoder@https://registry.npmmirror.com/string_decoder/-/string_decoder-1.3.0.tgz. Extracting by manifest.
1609 silly tarball no local data for is-stream@https://registry.npmmirror.com/is-stream/-/is-stream-2.0.1.tgz. Extracting by manifest.
1610 silly tarball no local data for buffer@https://registry.npmmirror.com/buffer/-/buffer-6.0.3.tgz. Extracting by manifest.
1611 silly tarball no local data for buffer-crc32@https://registry.npmmirror.com/buffer-crc32/-/buffer-crc32-1.0.0.tgz. Extracting by manifest.
1612 silly tarball no local data for json-schema-traverse@https://registry.npmmirror.com/json-schema-traverse/-/json-schema-traverse-1.0.0.tgz. Extracting by manifest.
1613 silly tarball no local data for write-file-atomic@https://registry.npmmirror.com/write-file-atomic/-/write-file-atomic-4.0.2.tgz. Extracting by manifest.
1614 silly tarball no local data for buffer@https://registry.npmmirror.com/buffer/-/buffer-6.0.3.tgz. Extracting by manifest.
1615 silly tarball no local data for entities@https://registry.npmmirror.com/entities/-/entities-2.2.0.tgz. Extracting by manifest.
1616 silly tarball no local data for ajv@https://registry.npmmirror.com/ajv/-/ajv-8.12.0.tgz. Extracting by manifest.
1617 silly tarball no local data for filenamify@https://registry.npmmirror.com/filenamify/-/filenamify-5.1.1.tgz. Extracting by manifest.
1618 silly tarball no local data for trim-repeated@https://registry.npmmirror.com/trim-repeated/-/trim-repeated-2.0.0.tgz. Extracting by manifest.
1619 silly tarball no local data for path-exists@https://registry.npmmirror.com/path-exists/-/path-exists-5.0.0.tgz. Extracting by manifest.
1620 silly tarball no local data for escape-string-regexp@https://registry.npmmirror.com/escape-string-regexp/-/escape-string-regexp-5.0.0.tgz. Extracting by manifest.
1621 silly tarball no local data for indent-string@https://registry.npmmirror.com/indent-string/-/indent-string-5.0.0.tgz. Extracting by manifest.
1622 silly tarball no local data for is-stream@https://registry.npmmirror.com/is-stream/-/is-stream-3.0.0.tgz. Extracting by manifest.
1623 silly tarball no local data for graceful-fs@https://registry.npmmirror.com/graceful-fs/-/graceful-fs-4.2.11.tgz. Extracting by manifest.
1624 silly tarball no local data for make-dir@https://registry.npmmirror.com/make-dir/-/make-dir-4.0.0.tgz. Extracting by manifest.
1625 silly tarball no local data for filename-reserved-regex@https://registry.npmmirror.com/filename-reserved-regex/-/filename-reserved-regex-3.0.0.tgz. Extracting by manifest.
1626 silly tarball no local data for is-stream@https://registry.npmmirror.com/is-stream/-/is-stream-3.0.0.tgz. Extracting by manifest.
1627 silly tarball no local data for escape-string-regexp@https://registry.npmmirror.com/escape-string-regexp/-/escape-string-regexp-5.0.0.tgz. Extracting by manifest.
1628 silly tarball no local data for is-stream@https://registry.npmmirror.com/is-stream/-/is-stream-3.0.0.tgz. Extracting by manifest.
1629 silly tarball no local data for escape-string-regexp@https://registry.npmmirror.com/escape-string-regexp/-/escape-string-regexp-5.0.0.tgz. Extracting by manifest.
1630 silly tarball no local data for picomatch@https://registry.npmmirror.com/picomatch/-/picomatch-4.0.2.tgz. Extracting by manifest.
1631 silly tarball no local data for path-exists@https://registry.npmmirror.com/path-exists/-/path-exists-5.0.0.tgz. Extracting by manifest.
1632 silly tarball no local data for detect-libc@https://registry.npmmirror.com/detect-libc/-/detect-libc-1.0.3.tgz. Extracting by manifest.
1633 silly tarball no local data for strip-outer@https://registry.npmmirror.com/strip-outer/-/strip-outer-2.0.0.tgz. Extracting by manifest.
1634 silly tarball no local data for onetime@https://registry.npmmirror.com/onetime/-/onetime-6.0.0.tgz. Extracting by manifest.
1635 silly tarball no local data for npm-run-path@https://registry.npmmirror.com/npm-run-path/-/npm-run-path-5.3.0.tgz. Extracting by manifest.
1636 silly tarball no local data for minimatch@https://registry.npmmirror.com/minimatch/-/minimatch-9.0.5.tgz. Extracting by manifest.
1637 silly tarball no local data for p-map@https://registry.npmmirror.com/p-map/-/p-map-5.5.0.tgz. Extracting by manifest.
1638 silly tarball no local data for is-stream@https://registry.npmmirror.com/is-stream/-/is-stream-3.0.0.tgz. Extracting by manifest.
1639 silly tarball no local data for strip-final-newline@https://registry.npmmirror.com/strip-final-newline/-/strip-final-newline-3.0.0.tgz. Extracting by manifest.
1640 silly tarball no local data for human-signals@https://registry.npmmirror.com/human-signals/-/human-signals-3.0.1.tgz. Extracting by manifest.
1641 silly tarball no local data for strip-final-newline@https://registry.npmmirror.com/strip-final-newline/-/strip-final-newline-3.0.0.tgz. Extracting by manifest.
1642 silly tarball no local data for brace-expansion@https://registry.npmmirror.com/brace-expansion/-/brace-expansion-2.0.1.tgz. Extracting by manifest.
1643 silly tarball no local data for glob@https://registry.npmmirror.com/glob/-/glob-8.1.0.tgz. Extracting by manifest.
1644 silly tarball no local data for minimatch@https://registry.npmmirror.com/minimatch/-/minimatch-5.1.6.tgz. Extracting by manifest.
1645 silly tarball no local data for execa@https://registry.npmmirror.com/execa/-/execa-6.1.0.tgz. Extracting by manifest.
1646 silly tarball no local data for @netlify/serverless-functions-api@https://registry.npmmirror.com/@netlify/serverless-functions-api/-/serverless-functions-api-1.31.1.tgz. Extracting by manifest.
1647 silly tarball no local data for onetime@https://registry.npmmirror.com/onetime/-/onetime-6.0.0.tgz. Extracting by manifest.
1648 silly tarball no local data for find-up@https://registry.npmmirror.com/find-up/-/find-up-6.3.0.tgz. Extracting by manifest.
1649 silly tarball no local data for npm-run-path@https://registry.npmmirror.com/npm-run-path/-/npm-run-path-5.1.0.tgz. Extracting by manifest.
1650 silly tarball no local data for is-stream@https://registry.npmmirror.com/is-stream/-/is-stream-3.0.0.tgz. Extracting by manifest.
1651 silly tarball no local data for human-signals@https://registry.npmmirror.com/human-signals/-/human-signals-3.0.1.tgz. Extracting by manifest.
1652 silly tarball no local data for path-exists@https://registry.npmmirror.com/path-exists/-/path-exists-5.0.0.tgz. Extracting by manifest.
1653 silly tarball no local data for path-exists@https://registry.npmmirror.com/path-exists/-/path-exists-5.0.0.tgz. Extracting by manifest.
1654 silly tarball no local data for path-exists@https://registry.npmmirror.com/path-exists/-/path-exists-5.0.0.tgz. Extracting by manifest.
1655 silly tarball no local data for map-obj@https://registry.npmmirror.com/map-obj/-/map-obj-5.0.2.tgz. Extracting by manifest.
1656 silly tarball no local data for execa@https://registry.npmmirror.com/execa/-/execa-6.1.0.tgz. Extracting by manifest.
1657 silly tarball no local data for onetime@https://registry.npmmirror.com/onetime/-/onetime-6.0.0.tgz. Extracting by manifest.
1658 silly tarball no local data for escape-string-regexp@https://registry.npmmirror.com/escape-string-regexp/-/escape-string-regexp-5.0.0.tgz. Extracting by manifest.
1659 silly tarball no local data for strip-final-newline@https://registry.npmmirror.com/strip-final-newline/-/strip-final-newline-3.0.0.tgz. Extracting by manifest.
1660 silly tarball no local data for human-signals@https://registry.npmmirror.com/human-signals/-/human-signals-3.0.1.tgz. Extracting by manifest.
1661 silly tarball no local data for map-obj@https://registry.npmmirror.com/map-obj/-/map-obj-5.0.2.tgz. Extracting by manifest.
1662 silly tarball no local data for is-stream@https://registry.npmmirror.com/is-stream/-/is-stream-3.0.0.tgz. Extracting by manifest.
1663 silly tarball no local data for execa@https://registry.npmmirror.com/execa/-/execa-6.1.0.tgz. Extracting by manifest.
1664 silly tarball no local data for npm-run-path@https://registry.npmmirror.com/npm-run-path/-/npm-run-path-5.1.0.tgz. Extracting by manifest.
1665 silly tarball no local data for yocto-queue@https://registry.npmmirror.com/yocto-queue/-/yocto-queue-1.0.0.tgz. Extracting by manifest.
1666 silly tarball no local data for path-exists@https://registry.npmmirror.com/path-exists/-/path-exists-5.0.0.tgz. Extracting by manifest.
1667 silly tarball no local data for p-locate@https://registry.npmmirror.com/p-locate/-/p-locate-6.0.0.tgz. Extracting by manifest.
1668 silly tarball no local data for p-map@https://registry.npmmirror.com/p-map/-/p-map-5.5.0.tgz. Extracting by manifest.
1669 silly tarball no local data for p-limit@https://registry.npmmirror.com/p-limit/-/p-limit-4.0.0.tgz. Extracting by manifest.
1670 silly tarball no local data for p-filter@https://registry.npmmirror.com/p-filter/-/p-filter-3.0.0.tgz. Extracting by manifest.
1671 silly tarball no local data for json-schema-traverse@https://registry.npmmirror.com/json-schema-traverse/-/json-schema-traverse-1.0.0.tgz. Extracting by manifest.
1672 silly tarball no local data for path-exists@https://registry.npmmirror.com/path-exists/-/path-exists-5.0.0.tgz. Extracting by manifest.
1673 silly tarball no local data for strip-final-newline@https://registry.npmmirror.com/strip-final-newline/-/strip-final-newline-3.0.0.tgz. Extracting by manifest.
1674 silly tarball no local data for ajv@https://registry.npmmirror.com/ajv/-/ajv-8.12.0.tgz. Extracting by manifest.
1675 silly tarball no local data for find-up@https://registry.npmmirror.com/find-up/-/find-up-6.3.0.tgz. Extracting by manifest.
1676 silly tarball no local data for path-exists@https://registry.npmmirror.com/path-exists/-/path-exists-5.0.0.tgz. Extracting by manifest.
1677 silly tarball no local data for p-wait-for@https://registry.npmmirror.com/p-wait-for/-/p-wait-for-4.1.0.tgz. Extracting by manifest.
1678 silly tarball no local data for p-timeout@https://registry.npmmirror.com/p-timeout/-/p-timeout-5.1.0.tgz. Extracting by manifest.
1679 silly tarball no local data for onetime@https://registry.npmmirror.com/onetime/-/onetime-6.0.0.tgz. Extracting by manifest.
1680 silly tarball no local data for npm-run-path@https://registry.npmmirror.com/npm-run-path/-/npm-run-path-5.3.0.tgz. Extracting by manifest.
1681 silly tarball no local data for json-schema-traverse@https://registry.npmmirror.com/json-schema-traverse/-/json-schema-traverse-1.0.0.tgz. Extracting by manifest.
1682 silly tarball no local data for is-stream@https://registry.npmmirror.com/is-stream/-/is-stream-3.0.0.tgz. Extracting by manifest.
1683 silly tarball no local data for get-port@https://registry.npmmirror.com/get-port/-/get-port-6.1.2.tgz. Extracting by manifest.
1684 silly tarball no local data for human-signals@https://registry.npmmirror.com/human-signals/-/human-signals-3.0.1.tgz. Extracting by manifest.
1685 silly tarball no local data for find-up@https://registry.npmmirror.com/find-up/-/find-up-6.3.0.tgz. Extracting by manifest.
1686 silly tarball no local data for execa@https://registry.npmmirror.com/execa/-/execa-6.1.0.tgz. Extracting by manifest.
1687 silly tarball no local data for esbuild@https://registry.npmmirror.com/esbuild/-/esbuild-0.21.2.tgz. Extracting by manifest.
1688 silly tarball no local data for fast-uri@https://registry.npmmirror.com/fast-uri/-/fast-uri-3.0.3.tgz. Extracting by manifest.
1689 silly tarball no local data for ajv-errors@https://registry.npmmirror.com/ajv-errors/-/ajv-errors-3.0.0.tgz. Extracting by manifest.
1690 silly tarball no local data for ajv@https://registry.npmmirror.com/ajv/-/ajv-8.17.1.tgz. Extracting by manifest.
1691 silly tarball no local data for path-type@https://registry.npmmirror.com/path-type/-/path-type-5.0.0.tgz. Extracting by manifest.
1692 silly tarball no local data for @esbuild/win32-x64@https://registry.npmmirror.com/@esbuild/win32-x64/-/win32-x64-0.21.2.tgz. Extracting by manifest.
1693 silly tarball no local data for strip-final-newline@https://registry.npmmirror.com/strip-final-newline/-/strip-final-newline-3.0.0.tgz. Extracting by manifest.
1694 silly tarball no local data for yocto-queue@https://registry.npmmirror.com/yocto-queue/-/yocto-queue-1.1.1.tgz. Extracting by manifest.
1695 silly tarball no local data for path-exists@https://registry.npmmirror.com/path-exists/-/path-exists-5.0.0.tgz. Extracting by manifest.
1696 silly tarball no local data for p-limit@https://registry.npmmirror.com/p-limit/-/p-limit-4.0.0.tgz. Extracting by manifest.
1697 silly tarball no local data for p-locate@https://registry.npmmirror.com/p-locate/-/p-locate-6.0.0.tgz. Extracting by manifest.
1698 silly tarball no local data for onetime@https://registry.npmmirror.com/onetime/-/onetime-6.0.0.tgz. Extracting by manifest.
1699 silly tarball no local data for npm-run-path@https://registry.npmmirror.com/npm-run-path/-/npm-run-path-5.3.0.tgz. Extracting by manifest.
1700 silly tarball no local data for map-obj@https://registry.npmmirror.com/map-obj/-/map-obj-5.0.2.tgz. Extracting by manifest.
1701 silly tarball no local data for indent-string@https://registry.npmmirror.com/indent-string/-/indent-string-5.0.0.tgz. Extracting by manifest.
1702 silly tarball no local data for human-signals@https://registry.npmmirror.com/human-signals/-/human-signals-3.0.1.tgz. Extracting by manifest.
1703 silly tarball no local data for is-stream@https://registry.npmmirror.com/is-stream/-/is-stream-3.0.0.tgz. Extracting by manifest.
1704 silly tarball no local data for find-up@https://registry.npmmirror.com/find-up/-/find-up-6.3.0.tgz. Extracting by manifest.
1705 silly tarball no local data for figures@https://registry.npmmirror.com/figures/-/figures-5.0.0.tgz. Extracting by manifest.
1706 silly tarball no local data for execa@https://registry.npmmirror.com/execa/-/execa-6.1.0.tgz. Extracting by manifest.
1707 silly tarball no local data for dot-prop@https://registry.npmmirror.com/dot-prop/-/dot-prop-7.2.0.tgz. Extracting by manifest.
1708 silly tarball no local data for slash@https://registry.npmmirror.com/slash/-/slash-4.0.0.tgz. Extracting by manifest.
1709 silly tarball no local data for escape-string-regexp@https://registry.npmmirror.com/escape-string-regexp/-/escape-string-regexp-5.0.0.tgz. Extracting by manifest.
1710 silly tarball no local data for yaml@https://registry.npmmirror.com/yaml/-/yaml-2.6.1.tgz. Extracting by manifest.
1711 silly tarball no local data for globby@https://registry.npmmirror.com/globby/-/globby-13.2.2.tgz. Extracting by manifest.
1712 silly tarball no local data for path-exists@https://registry.npmmirror.com/path-exists/-/path-exists-5.0.0.tgz. Extracting by manifest.
1713 silly tarball no local data for minimatch@https://registry.npmmirror.com/minimatch/-/minimatch-9.0.5.tgz. Extracting by manifest.
1714 silly tarball no local data for read-pkg@https://registry.npmmirror.com/read-pkg/-/read-pkg-7.1.0.tgz. Extracting by manifest.
1715 silly tarball no local data for dot-prop@https://registry.npmmirror.com/dot-prop/-/dot-prop-7.2.0.tgz. Extracting by manifest.
1716 silly tarball no local data for find-up@https://registry.npmmirror.com/find-up/-/find-up-6.3.0.tgz. Extracting by manifest.
1717 silly tarball no local data for brace-expansion@https://registry.npmmirror.com/brace-expansion/-/brace-expansion-2.0.1.tgz. Extracting by manifest.
1718 silly tarball no local data for strip-final-newline@https://registry.npmmirror.com/strip-final-newline/-/strip-final-newline-3.0.0.tgz. Extracting by manifest.
1719 silly tarball no local data for path-exists@https://registry.npmmirror.com/path-exists/-/path-exists-5.0.0.tgz. Extracting by manifest.
1720 silly tarball no local data for pkg-dir@https://registry.npmmirror.com/pkg-dir/-/pkg-dir-7.0.0.tgz. Extracting by manifest.
1721 silly tarball no local data for path-exists@https://registry.npmmirror.com/path-exists/-/path-exists-5.0.0.tgz. Extracting by manifest.
1722 silly tarball no local data for string-width@https://registry.npmmirror.com/string-width/-/string-width-5.1.2.tgz. Extracting by manifest.
1723 silly tarball no local data for yocto-queue@https://registry.npmmirror.com/yocto-queue/-/yocto-queue-1.1.1.tgz. Extracting by manifest.
1724 silly tarball no local data for p-locate@https://registry.npmmirror.com/p-locate/-/p-locate-6.0.0.tgz. Extracting by manifest.
1725 silly tarball no local data for path-type@https://registry.npmmirror.com/path-type/-/path-type-5.0.0.tgz. Extracting by manifest.
1726 silly tarball no local data for p-map@https://registry.npmmirror.com/p-map/-/p-map-6.0.0.tgz. Extracting by manifest.
1727 silly tarball no local data for p-limit@https://registry.npmmirror.com/p-limit/-/p-limit-4.0.0.tgz. Extracting by manifest.
1728 silly tarball no local data for p-map@https://registry.npmmirror.com/p-map/-/p-map-5.5.0.tgz. Extracting by manifest.
1729 silly tarball no local data for npm-run-path@https://registry.npmmirror.com/npm-run-path/-/npm-run-path-5.3.0.tgz. Extracting by manifest.
1730 silly tarball no local data for p-filter@https://registry.npmmirror.com/p-filter/-/p-filter-3.0.0.tgz. Extracting by manifest.
1731 silly tarball no local data for onetime@https://registry.npmmirror.com/onetime/-/onetime-6.0.0.tgz. Extracting by manifest.
1732 silly tarball no local data for minimatch@https://registry.npmmirror.com/minimatch/-/minimatch-9.0.5.tgz. Extracting by manifest.
1733 silly tarball no local data for map-obj@https://registry.npmmirror.com/map-obj/-/map-obj-5.0.2.tgz. Extracting by manifest.
1734 silly tarball no local data for is-stream@https://registry.npmmirror.com/is-stream/-/is-stream-3.0.0.tgz. Extracting by manifest.
1735 silly tarball no local data for figures@https://registry.npmmirror.com/figures/-/figures-5.0.0.tgz. Extracting by manifest.
1736 silly tarball no local data for human-signals@https://registry.npmmirror.com/human-signals/-/human-signals-3.0.1.tgz. Extracting by manifest.
1737 silly tarball no local data for indent-string@https://registry.npmmirror.com/indent-string/-/indent-string-5.0.0.tgz. Extracting by manifest.
1738 silly tarball no local data for find-up@https://registry.npmmirror.com/find-up/-/find-up-6.3.0.tgz. Extracting by manifest.
1739 silly tarball no local data for emoji-regex@https://registry.npmmirror.com/emoji-regex/-/emoji-regex-9.2.2.tgz. Extracting by manifest.
1740 silly tarball no local data for execa@https://registry.npmmirror.com/execa/-/execa-6.1.0.tgz. Extracting by manifest.
1741 silly tarball no local data for brace-expansion@https://registry.npmmirror.com/brace-expansion/-/brace-expansion-2.0.1.tgz. Extracting by manifest.
1742 silly tarball no local data for @netlify/blobs@https://registry.npmmirror.com/@netlify/blobs/-/blobs-7.4.0.tgz. Extracting by manifest.
1743 silly tarball no local data for escape-string-regexp@https://registry.npmmirror.com/escape-string-regexp/-/escape-string-regexp-5.0.0.tgz. Extracting by manifest.
1744 silly tarball no local data for https-proxy-agent@https://registry.npmmirror.com/https-proxy-agent/-/https-proxy-agent-5.0.1.tgz. Extracting by manifest.
1745 silly tarball no local data for ansi-escapes@https://registry.npmmirror.com/ansi-escapes/-/ansi-escapes-6.2.1.tgz. Extracting by manifest.
1746 silly tarball no local data for node-fetch@https://registry.npmmirror.com/node-fetch/-/node-fetch-2.7.0.tgz. Extracting by manifest.
1747 silly tarball no local data for color-convert@https://registry.npmmirror.com/color-convert/-/color-convert-2.0.1.tgz. Extracting by manifest.
1748 silly tarball no local data for color-name@https://registry.npmmirror.com/color-name/-/color-name-1.1.4.tgz. Extracting by manifest.
1749 silly tarball no local data for ansi-styles@https://registry.npmmirror.com/ansi-styles/-/ansi-styles-4.3.0.tgz. Extracting by manifest.
1750 silly tarball no local data for supports-color@https://registry.npmmirror.com/supports-color/-/supports-color-7.2.0.tgz. Extracting by manifest.
1751 silly tarball no local data for @types/yargs@https://registry.npmmirror.com/@types/yargs/-/yargs-16.0.4.tgz. Extracting by manifest.
1752 silly tarball no local data for string-width@https://registry.npmmirror.com/string-width/-/string-width-5.1.2.tgz. Extracting by manifest.
1753 silly tarball no local data for wrap-ansi@https://registry.npmmirror.com/wrap-ansi/-/wrap-ansi-8.1.0.tgz. Extracting by manifest.
1754 silly tarball no local data for chalk@https://registry.npmmirror.com/chalk/-/chalk-4.1.2.tgz. Extracting by manifest.
1755 silly tarball no local data for emoji-regex@https://registry.npmmirror.com/emoji-regex/-/emoji-regex-9.2.2.tgz. Extracting by manifest.
1756 silly tarball no local data for minipass@https://registry.npmmirror.com/minipass/-/minipass-7.1.1.tgz. Extracting by manifest.
1757 silly tarball no local data for minimatch@https://registry.npmmirror.com/minimatch/-/minimatch-9.0.4.tgz. Extracting by manifest.
1758 silly tarball no local data for json-schema-traverse@https://registry.npmmirror.com/json-schema-traverse/-/json-schema-traverse-1.0.0.tgz. Extracting by manifest.
1759 silly tarball no local data for brace-expansion@https://registry.npmmirror.com/brace-expansion/-/brace-expansion-2.0.1.tgz. Extracting by manifest.
1760 silly tarball no local data for mime@https://registry.npmmirror.com/mime/-/mime-3.0.0.tgz. Extracting by manifest.
1761 silly tarball no local data for glob@https://registry.npmmirror.com/glob/-/glob-10.3.15.tgz. Extracting by manifest.
1762 silly tarball no local data for depd@https://registry.npmmirror.com/depd/-/depd-2.0.0.tgz. Extracting by manifest.
1763 silly tarball no local data for http-errors@https://registry.npmmirror.com/http-errors/-/http-errors-2.0.0.tgz. Extracting by manifest.
1764 silly tarball no local data for ajv@https://registry.npmmirror.com/ajv/-/ajv-8.12.0.tgz. Extracting by manifest.
1765 http fetch POST 404 https://registry.npmmirror.com/-/npm/v1/security/advisories/bulk 1075ms
1766 silly audit bulk request failed [object Object]
1767 http fetch GET 200 https://cdn.npmmirror.com/packages/zod/3.23.8/zod-3.23.8.tgz 1823ms (cache miss)
1768 timing reifyNode:node_modules/netlify-cli/node_modules/zod Completed in 2091ms
1769 http fetch GET 200 https://cdn.npmmirror.com/packages/write-file-atomic/5.0.1/write-file-atomic-5.0.1.tgz 2261ms (cache miss)
1770 timing reifyNode:node_modules/netlify-cli/node_modules/write-file-atomic Completed in 2532ms
1771 http fetch GET 200 https://cdn.npmmirror.com/packages/zip-stream/6.0.1/zip-stream-6.0.1.tgz 2285ms (cache miss)
1772 timing reifyNode:node_modules/netlify-cli/node_modules/zip-stream Completed in 2553ms
1773 http fetch GET 200 https://cdn.npmmirror.com/packages/xdg-basedir/5.1.0/xdg-basedir-5.1.0.tgz 2304ms (cache miss)
1774 timing reifyNode:node_modules/netlify-cli/node_modules/xdg-basedir Completed in 2572ms
1775 http fetch GET 200 https://cdn.npmmirror.com/packages/wrappy/1.0.2/wrappy-1.0.2.tgz 2339ms (cache miss)
1776 timing reifyNode:node_modules/netlify-cli/node_modules/wrappy Completed in 2607ms
1777 http fetch GET 200 https://cdn.npmmirror.com/packages/wrap-ansi/7.0.0/wrap-ansi-7.0.0.tgz 2340ms (cache miss)
1778 timing reifyNode:node_modules/netlify-cli/node_modules/wrap-ansi-cjs Completed in 2607ms
1779 http fetch GET 200 https://cdn.npmmirror.com/packages/wrap-ansi/7.0.0/wrap-ansi-7.0.0.tgz 2336ms (cache miss)
1780 timing reifyNode:node_modules/netlify-cli/node_modules/wrap-ansi Completed in 2607ms
1781 http fetch GET 200 https://cdn.npmmirror.com/packages/yn/3.1.1/yn-3.1.1.tgz 2349ms (cache miss)
1782 timing reifyNode:node_modules/netlify-cli/node_modules/yn Completed in 2617ms
1783 http fetch GET 200 https://cdn.npmmirror.com/packages/yauzl/2.10.0/yauzl-2.10.0.tgz 2352ms (cache miss)
1784 timing reifyNode:node_modules/netlify-cli/node_modules/yauzl Completed in 2617ms
1785 http fetch GET 200 https://cdn.npmmirror.com/packages/winston-transport/4.7.0/winston-transport-4.7.0.tgz 2358ms (cache miss)
1786 timing reifyNode:node_modules/netlify-cli/node_modules/winston-transport Completed in 2629ms
1787 http fetch GET 200 https://cdn.npmmirror.com/packages/y18n/5.0.8/y18n-5.0.8.tgz 2418ms (cache miss)
1788 timing reifyNode:node_modules/netlify-cli/node_modules/y18n Completed in 2684ms
1789 http fetch GET 200 https://cdn.npmmirror.com/packages/ws/8.18.0/ws-8.18.0.tgz 2445ms (cache miss)
1790 timing reifyNode:node_modules/netlify-cli/node_modules/ws Completed in 2711ms
1791 http fetch GET 200 https://cdn.npmmirror.com/packages/yallist/4.0.0/yallist-4.0.0.tgz 2547ms (cache miss)
1792 http fetch GET 200 https://cdn.npmmirror.com/packages/validate-npm-package-name/4.0.0/validate-npm-package-name-4.0.0.tgz 2536ms (cache miss)
1793 timing reifyNode:node_modules/netlify-cli/node_modules/validate-npm-package-name Completed in 2810ms
1794 timing reifyNode:node_modules/netlify-cli/node_modules/yallist Completed in 2814ms
1795 http fetch GET 200 https://cdn.npmmirror.com/packages/v8-compile-cache-lib/3.0.1/v8-compile-cache-lib-3.0.1.tgz 2585ms (cache miss)
1796 timing reifyNode:node_modules/netlify-cli/node_modules/v8-compile-cache-lib Completed in 2862ms
1797 http fetch GET 200 https://cdn.npmmirror.com/packages/wait-port/1.1.0/wait-port-1.1.0.tgz 2617ms (cache miss)
1798 timing reifyNode:node_modules/netlify-cli/node_modules/wait-port Completed in 2893ms
1799 http fetch GET 200 https://cdn.npmmirror.com/packages/yargs/17.7.2/yargs-17.7.2.tgz 2636ms (cache miss)
1800 timing reifyNode:node_modules/netlify-cli/node_modules/yargs Completed in 2904ms
1801 http fetch GET 200 https://cdn.npmmirror.com/packages/xtend/4.0.2/xtend-4.0.2.tgz 2651ms (cache miss)
1802 timing reifyNode:node_modules/netlify-cli/node_modules/xtend Completed in 2917ms
1803 http fetch GET 200 https://cdn.npmmirror.com/packages/uqr/0.1.2/uqr-0.1.2.tgz 2655ms (cache miss)
1804 timing reifyNode:node_modules/netlify-cli/node_modules/uqr Completed in 2931ms
1805 http fetch GET 200 https://cdn.npmmirror.com/packages/uuid/9.0.1/uuid-9.0.1.tgz 2665ms (cache miss)
1806 timing reifyNode:node_modules/netlify-cli/node_modules/uuid Completed in 2940ms
1807 http fetch GET 200 https://cdn.npmmirror.com/packages/which/2.0.2/which-2.0.2.tgz 2705ms (cache miss)
1808 timing reifyNode:node_modules/netlify-cli/node_modules/which Completed in 2978ms
1809 http fetch GET 200 https://cdn.npmmirror.com/packages/widest-line/4.0.1/widest-line-4.0.1.tgz 2774ms (cache miss)
1810 timing reifyNode:node_modules/netlify-cli/node_modules/widest-line Completed in 3049ms
1811 http fetch GET 200 https://cdn.npmmirror.com/packages/untildify/3.0.3/untildify-3.0.3.tgz 2784ms (cache miss)
1812 timing reifyNode:node_modules/netlify-cli/node_modules/untildify Completed in 3059ms
1813 http fetch GET 200 https://cdn.npmmirror.com/packages/whatwg-url/5.0.0/whatwg-url-5.0.0.tgz 2809ms (cache miss)
1814 http fetch GET 200 https://cdn.npmmirror.com/packages/unique-string/3.0.0/unique-string-3.0.0.tgz 2803ms (cache miss)
1815 http fetch GET 200 https://cdn.npmmirror.com/packages/wide-align/1.1.5/wide-align-1.1.5.tgz 2811ms (cache miss)
1816 timing reifyNode:node_modules/netlify-cli/node_modules/wide-align Completed in 3083ms
1817 timing reifyNode:node_modules/netlify-cli/node_modules/unique-string Completed in 3079ms
1818 timing reifyNode:node_modules/netlify-cli/node_modules/whatwg-url Completed in 3093ms
1819 http fetch GET 200 https://cdn.npmmirror.com/packages/utils-merge/1.0.1/utils-merge-1.0.1.tgz 2835ms (cache miss)
1820 timing reifyNode:node_modules/netlify-cli/node_modules/utils-merge Completed in 3108ms
1821 http fetch GET 200 https://cdn.npmmirror.com/packages/well-known-symbols/2.0.0/well-known-symbols-2.0.0.tgz 2851ms (cache miss)
1822 timing reifyNode:node_modules/netlify-cli/node_modules/well-known-symbols Completed in 3124ms
1823 http fetch GET 200 https://cdn.npmmirror.com/packages/when-exit/2.1.3/when-exit-2.1.3.tgz 2875ms (cache miss)
1824 timing reifyNode:node_modules/netlify-cli/node_modules/when-exit Completed in 3147ms
1825 http fetch GET 200 https://cdn.npmmirror.com/packages/xss/1.0.14/xss-1.0.14.tgz 2904ms (cache miss)
1826 timing reifyNode:node_modules/netlify-cli/node_modules/xss Completed in 3176ms
1827 http fetch GET 200 https://cdn.npmmirror.com/packages/util-deprecate/1.0.2/util-deprecate-1.0.2.tgz 2958ms (cache miss)
1828 timing reifyNode:node_modules/netlify-cli/node_modules/util-deprecate Completed in 3230ms
1829 http fetch GET 200 https://cdn.npmmirror.com/packages/winston/3.13.0/winston-3.13.0.tgz 2981ms (cache miss)
1830 timing reifyNode:node_modules/netlify-cli/node_modules/winston Completed in 3253ms
1831 http fetch GET 200 https://cdn.npmmirror.com/packages/uri-js/4.4.1/uri-js-4.4.1.tgz 2978ms (cache miss)
1832 timing reifyNode:node_modules/netlify-cli/node_modules/uri-js Completed in 3254ms
1833 http fetch GET 200 https://cdn.npmmirror.com/packages/unix-dgram/2.0.6/unix-dgram-2.0.6.tgz 3015ms (cache miss)
1834 timing reifyNode:node_modules/netlify-cli/node_modules/unix-dgram Completed in 3292ms
1835 http fetch GET 200 https://cdn.npmmirror.com/packages/universal-user-agent/6.0.1/universal-user-agent-6.0.1.tgz 3020ms (cache miss)
1836 timing reifyNode:node_modules/netlify-cli/node_modules/universal-user-agent Completed in 3296ms
1837 http fetch GET 200 https://cdn.npmmirror.com/packages/unicorn-magic/0.1.0/unicorn-magic-0.1.0.tgz 3043ms (cache miss)
1838 timing reifyNode:node_modules/netlify-cli/node_modules/unicorn-magic Completed in 3320ms
1839 http fetch GET 200 https://cdn.npmmirror.com/packages/uncrypto/0.1.3/uncrypto-0.1.3.tgz 3058ms (cache miss)
1840 timing reifyNode:node_modules/netlify-cli/node_modules/uncrypto Completed in 3339ms
1841 http fetch GET 200 https://cdn.npmmirror.com/packages/typedarray-to-buffer/3.1.5/typedarray-to-buffer-3.1.5.tgz 3088ms (cache miss)
1842 timing reifyNode:node_modules/netlify-cli/node_modules/typedarray-to-buffer Completed in 3373ms
1843 http fetch GET 200 https://cdn.npmmirror.com/packages/vary/1.1.2/vary-1.1.2.tgz 3107ms (cache miss)
1844 timing reifyNode:node_modules/netlify-cli/node_modules/vary Completed in 3380ms
1845 http fetch GET 200 https://cdn.npmmirror.com/packages/ulid/2.3.0/ulid-2.3.0.tgz 3112ms (cache miss)
1846 timing reifyNode:node_modules/netlify-cli/node_modules/ulid Completed in 3392ms
1847 http fetch GET 200 https://cdn.npmmirror.com/packages/web-streams-polyfill/3.2.0/web-streams-polyfill-3.2.0.tgz 3144ms (cache miss)
1848 timing reifyNode:node_modules/netlify-cli/node_modules/web-streams-polyfill Completed in 3415ms
1849 http fetch GET 200 https://cdn.npmmirror.com/packages/uid-safe/2.1.5/uid-safe-2.1.5.tgz 3143ms (cache miss)
1850 timing reifyNode:node_modules/netlify-cli/node_modules/uid-safe Completed in 3424ms
1851 http fetch GET 200 https://cdn.npmmirror.com/packages/undici-types/6.20.0/undici-types-6.20.0.tgz 3152ms (cache miss)
1852 timing reifyNode:node_modules/netlify-cli/node_modules/undici-types Completed in 3433ms
1853 http fetch GET 200 https://cdn.npmmirror.com/packages/validate-npm-package-license/3.0.4/validate-npm-package-license-3.0.4.tgz 3219ms (cache miss)
1854 timing reifyNode:node_modules/netlify-cli/node_modules/validate-npm-package-license Completed in 3491ms
1855 http fetch GET 200 https://cdn.npmmirror.com/packages/tunnel-agent/0.6.0/tunnel-agent-0.6.0.tgz 3252ms (cache miss)
1856 timing reifyNode:node_modules/netlify-cli/node_modules/tunnel-agent Completed in 3533ms
1857 http fetch GET 200 https://cdn.npmmirror.com/packages/unixify/1.0.0/unixify-1.0.0.tgz 3310ms (cache miss)
1858 timing reifyNode:node_modules/netlify-cli/node_modules/unixify Completed in 3586ms
1859 http fetch GET 200 https://cdn.npmmirror.com/packages/update-notifier/7.3.1/update-notifier-7.3.1.tgz 3312ms (cache miss)
1860 timing reifyNode:node_modules/netlify-cli/node_modules/update-notifier Completed in 3589ms
1861 http fetch GET 200 https://cdn.npmmirror.com/packages/untun/0.1.3/untun-0.1.3.tgz 3336ms (cache miss)
1862 timing reifyNode:node_modules/netlify-cli/node_modules/untun Completed in 3611ms
1863 http fetch GET 200 https://cdn.npmmirror.com/packages/unpipe/1.0.0/unpipe-1.0.0.tgz 3355ms (cache miss)
1864 timing reifyNode:node_modules/netlify-cli/node_modules/unpipe Completed in 3630ms
1865 http fetch GET 200 https://cdn.npmmirror.com/packages/ufo/1.4.0/ufo-1.4.0.tgz 3407ms (cache miss)
1866 timing reifyNode:node_modules/netlify-cli/node_modules/ufo Completed in 3689ms
1867 http fetch GET 200 https://cdn.npmmirror.com/packages/type-fest/2.19.0/type-fest-2.19.0.tgz 3409ms (cache miss)
1868 timing reifyNode:node_modules/netlify-cli/node_modules/type-fest Completed in 3691ms
1869 http fetch GET 200 https://cdn.npmmirror.com/packages/type-is/1.6.18/type-is-1.6.18.tgz 3484ms (cache miss)
1870 timing reifyNode:node_modules/netlify-cli/node_modules/type-is Completed in 3768ms
1871 http fetch GET 200 https://cdn.npmmirror.com/packages/tslib/1.14.1/tslib-1.14.1.tgz 3504ms (cache miss)
1872 http fetch GET 200 https://cdn.npmmirror.com/packages/urlpattern-polyfill/8.0.2/urlpattern-polyfill-8.0.2.tgz 3517ms (cache miss)
1873 timing reifyNode:node_modules/netlify-cli/node_modules/urlpattern-polyfill Completed in 3792ms
1874 timing reifyNode:node_modules/netlify-cli/node_modules/tslib Completed in 3795ms
1875 http fetch GET 200 https://cdn.npmmirror.com/packages/unbzip2-stream/1.4.3/unbzip2-stream-1.4.3.tgz 3528ms (cache miss)
1876 timing reifyNode:node_modules/netlify-cli/node_modules/unbzip2-stream Completed in 3807ms
1877 http fetch GET 200 https://cdn.npmmirror.com/packages/token-types/5.0.1/token-types-5.0.1.tgz 3580ms (cache miss)
1878 timing reifyNode:node_modules/netlify-cli/node_modules/token-types Completed in 3864ms
1879 http fetch GET 200 https://cdn.npmmirror.com/packages/toad-cache/3.7.0/toad-cache-3.7.0.tgz 3631ms (cache miss)
1880 timing reifyNode:node_modules/netlify-cli/node_modules/toad-cache Completed in 3916ms
1881 http fetch GET 200 https://cdn.npmmirror.com/packages/triple-beam/1.3.0/triple-beam-1.3.0.tgz 3646ms (cache miss)
1882 http fetch GET 200 https://cdn.npmmirror.com/packages/to-regex-range/5.0.1/to-regex-range-5.0.1.tgz 3664ms (cache miss)
1883 timing reifyNode:node_modules/netlify-cli/node_modules/to-regex-range Completed in 3949ms
1884 http fetch GET 200 https://cdn.npmmirror.com/packages/toml/3.0.0/toml-3.0.0.tgz 3669ms (cache miss)
1885 timing reifyNode:node_modules/netlify-cli/node_modules/toml Completed in 3952ms
1886 timing reifyNode:node_modules/netlify-cli/node_modules/triple-beam Completed in 3953ms
1887 http fetch GET 200 https://cdn.npmmirror.com/packages/unenv/1.9.0/unenv-1.9.0.tgz 3723ms (cache miss)
1888 timing reifyNode:node_modules/netlify-cli/node_modules/unenv Completed in 4000ms
1889 http fetch GET 200 https://cdn.npmmirror.com/packages/tr46/0.0.3/tr46-0.0.3.tgz 3736ms (cache miss)
1890 timing reifyNode:node_modules/netlify-cli/node_modules/tr46 Completed in 4018ms
1891 http fetch GET 200 https://cdn.npmmirror.com/packages/toidentifier/1.0.1/toidentifier-1.0.1.tgz 3742ms (cache miss)
1892 timing reifyNode:node_modules/netlify-cli/node_modules/toidentifier Completed in 4029ms
1893 http fetch GET 200 https://cdn.npmmirror.com/packages/tomlify-j0.4/3.0.0/tomlify-j0.4-3.0.0.tgz 3758ms (cache miss)
1894 timing reifyNode:node_modules/netlify-cli/node_modules/tomlify-j0.4 Completed in 4043ms
1895 http fetch GET 200 https://cdn.npmmirror.com/packages/tsutils/3.21.0/tsutils-3.21.0.tgz 3791ms (cache miss)
1896 timing reifyNode:node_modules/netlify-cli/node_modules/tsutils Completed in 4073ms
1897 http fetch GET 200 https://cdn.npmmirror.com/packages/time-zone/1.0.0/time-zone-1.0.0.tgz 3870ms (cache miss)
1898 timing reifyNode:node_modules/netlify-cli/node_modules/time-zone Completed in 4155ms
1899 http fetch GET 200 https://cdn.npmmirror.com/packages/tmp/0.0.33/tmp-0.0.33.tgz 3909ms (cache miss)
1900 timing reifyNode:node_modules/netlify-cli/node_modules/tmp Completed in 4194ms
1901 http fetch GET 200 https://cdn.npmmirror.com/packages/temp-dir/3.0.0/temp-dir-3.0.0.tgz 3995ms (cache miss)
1902 timing reifyNode:node_modules/netlify-cli/node_modules/temp-dir Completed in 4284ms
1903 http fetch GET 200 https://cdn.npmmirror.com/packages/tmp-promise/3.0.3/tmp-promise-3.0.3.tgz 4004ms (cache miss)
1904 timing reifyNode:node_modules/netlify-cli/node_modules/tmp-promise Completed in 4290ms
1905 http fetch GET 200 https://cdn.npmmirror.com/packages/text-hex/1.0.0/text-hex-1.0.0.tgz 4014ms (cache miss)
1906 timing reifyNode:node_modules/netlify-cli/node_modules/text-hex Completed in 4304ms
1907 http fetch GET 200 https://cdn.npmmirror.com/packages/through2/4.0.2/through2-4.0.2.tgz 4018ms (cache miss)
1908 timing reifyNode:node_modules/netlify-cli/node_modules/through2 Completed in 4309ms
1909 http fetch GET 200 https://cdn.npmmirror.com/packages/tempy/3.1.0/tempy-3.1.0.tgz 4053ms (cache miss)
1910 timing reifyNode:node_modules/netlify-cli/node_modules/tempy Completed in 4343ms
1911 http fetch GET 200 https://cdn.npmmirror.com/packages/tar-stream/3.1.7/tar-stream-3.1.7.tgz 4069ms (cache miss)
1912 timing reifyNode:node_modules/netlify-cli/node_modules/tar-stream Completed in 4366ms
1913 http fetch GET 200 https://cdn.npmmirror.com/packages/thread-stream/3.1.0/thread-stream-3.1.0.tgz 4088ms (cache miss)
1914 timing reifyNode:node_modules/netlify-cli/node_modules/thread-stream Completed in 4376ms
1915 http fetch GET 200 https://cdn.npmmirror.com/packages/ts-node/10.9.1/ts-node-10.9.1.tgz 4108ms (cache miss)
1916 timing reifyNode:node_modules/netlify-cli/node_modules/ts-node Completed in 4392ms
1917 http fetch GET 200 https://cdn.npmmirror.com/packages/through/2.3.8/through-2.3.8.tgz 4135ms (cache miss)
1918 timing reifyNode:node_modules/netlify-cli/node_modules/through Completed in 4421ms
1919 http fetch GET 200 https://cdn.npmmirror.com/packages/tar-fs/3.0.4/tar-fs-3.0.4.tgz 4207ms (cache miss)
1920 timing reifyNode:node_modules/netlify-cli/node_modules/tar-fs Completed in 4499ms
1921 http fetch GET 200 https://cdn.npmmirror.com/packages/system-architecture/0.1.0/system-architecture-0.1.0.tgz 4342ms (cache miss)
1922 timing reifyNode:node_modules/netlify-cli/node_modules/system-architecture Completed in 4633ms
1923 http fetch GET 200 https://cdn.npmmirror.com/packages/terminal-link/3.0.0/terminal-link-3.0.0.tgz 4373ms (cache miss)
1924 timing reifyNode:node_modules/netlify-cli/node_modules/terminal-link Completed in 4665ms
1925 http fetch GET 200 https://cdn.npmmirror.com/packages/through2-map/4.0.0/through2-map-4.0.0.tgz 4382ms (cache miss)
1926 timing reifyNode:node_modules/netlify-cli/node_modules/through2-map Completed in 4668ms
1927 http fetch GET 200 https://cdn.npmmirror.com/packages/supports-hyperlinks/2.2.0/supports-hyperlinks-2.2.0.tgz 4409ms (cache miss)
1928 timing reifyNode:node_modules/netlify-cli/node_modules/supports-hyperlinks Completed in 4700ms
1929 http fetch GET 200 https://cdn.npmmirror.com/packages/stubborn-fs/1.2.5/stubborn-fs-1.2.5.tgz 4549ms (cache miss)
1930 timing reifyNode:node_modules/netlify-cli/node_modules/stubborn-fs Completed in 4843ms
1931 http fetch GET 200 https://cdn.npmmirror.com/packages/strtok3/7.0.0/strtok3-7.0.0.tgz 4570ms (cache miss)
1932 timing reifyNode:node_modules/netlify-cli/node_modules/strtok3 Completed in 4862ms
1933 http fetch GET 200 https://cdn.npmmirror.com/packages/strip-ansi-control-characters/2.0.0/strip-ansi-control-characters-2.0.0.tgz 4580ms (cache miss)
1934 timing reifyNode:node_modules/netlify-cli/node_modules/strip-ansi-control-characters Completed in 4873ms
1935 http fetch GET 200 https://cdn.npmmirror.com/packages/strip-final-newline/2.0.0/strip-final-newline-2.0.0.tgz 4593ms (cache miss)
1936 timing reifyNode:node_modules/netlify-cli/node_modules/strip-final-newline Completed in 4887ms
1937 http fetch GET 200 https://cdn.npmmirror.com/packages/tar/6.2.1/tar-6.2.1.tgz 4604ms (cache miss)
1938 timing reifyNode:node_modules/netlify-cli/node_modules/tar Completed in 4897ms
1939 http fetch GET 200 https://cdn.npmmirror.com/packages/strip-ansi/7.1.0/strip-ansi-7.1.0.tgz 4678ms (cache miss)
1940 timing reifyNode:node_modules/netlify-cli/node_modules/strip-ansi Completed in 4972ms
1941 http fetch GET 200 https://cdn.npmmirror.com/packages/strip-ansi/6.0.1/strip-ansi-6.0.1.tgz 4837ms (cache miss)
1942 timing reifyNode:node_modules/netlify-cli/node_modules/strip-ansi-cjs Completed in 5130ms
1943 http fetch GET 200 https://cdn.npmmirror.com/packages/string-width/4.2.3/string-width-4.2.3.tgz 4857ms (cache miss)
1944 timing reifyNode:node_modules/netlify-cli/node_modules/string-width-cjs Completed in 5153ms
1945 http fetch GET 200 https://cdn.npmmirror.com/packages/supports-preserve-symlinks-flag/1.0.0/supports-preserve-symlinks-flag-1.0.0.tgz 4883ms (cache miss)
1946 timing reifyNode:node_modules/netlify-cli/node_modules/supports-preserve-symlinks-flag Completed in 5176ms
1947 http fetch GET 200 https://cdn.npmmirror.com/packages/string_decoder/1.1.1/string_decoder-1.1.1.tgz 4899ms (cache miss)
1948 timing reifyNode:node_modules/netlify-cli/node_modules/string_decoder Completed in 5199ms
1949 http fetch GET 200 https://cdn.npmmirror.com/packages/supports-color/9.4.0/supports-color-9.4.0.tgz 4929ms (cache miss)
1950 timing reifyNode:node_modules/netlify-cli/node_modules/supports-color Completed in 5221ms
1951 http fetch GET 200 https://cdn.npmmirror.com/packages/stdin-discarder/0.2.2/stdin-discarder-0.2.2.tgz 4938ms (cache miss)
1952 timing reifyNode:node_modules/netlify-cli/node_modules/stdin-discarder Completed in 5233ms
1953 http fetch GET 200 https://cdn.npmmirror.com/packages/streamx/2.15.0/streamx-2.15.0.tgz 4976ms (cache miss)
1954 timing reifyNode:node_modules/netlify-cli/node_modules/streamx Completed in 5271ms
1955 http fetch GET 200 https://cdn.npmmirror.com/packages/statuses/2.0.1/statuses-2.0.1.tgz 5013ms (cache miss)
1956 timing reifyNode:node_modules/netlify-cli/node_modules/statuses Completed in 5312ms
1957 http fetch GET 200 https://cdn.npmmirror.com/packages/standard-as-callback/2.1.0/standard-as-callback-2.1.0.tgz 5022ms (cache miss)
1958 timing reifyNode:node_modules/netlify-cli/node_modules/standard-as-callback Completed in 5321ms
1959 http fetch GET 200 https://cdn.npmmirror.com/packages/stack-generator/2.0.10/stack-generator-2.0.10.tgz 5052ms (cache miss)
1960 timing reifyNode:node_modules/netlify-cli/node_modules/stack-generator Completed in 5355ms
1961 http fetch GET 200 https://cdn.npmmirror.com/packages/std-env/3.7.0/std-env-3.7.0.tgz 5087ms (cache miss)
1962 timing reifyNode:node_modules/netlify-cli/node_modules/std-env Completed in 5383ms
1963 http fetch GET 200 https://cdn.npmmirror.com/packages/string-width/4.2.3/string-width-4.2.3.tgz 5127ms (cache miss)
1964 timing reifyNode:node_modules/netlify-cli/node_modules/string-width Completed in 5426ms
1965 http fetch GET 200 https://cdn.npmmirror.com/packages/stack-trace/0.0.10/stack-trace-0.0.10.tgz 5167ms (cache miss)
1966 timing reifyNode:node_modules/netlify-cli/node_modules/stack-trace Completed in 5464ms
1967 http fetch GET 200 https://cdn.npmmirror.com/packages/through2-filter/4.0.0/through2-filter-4.0.0.tgz 5233ms (cache miss)
1968 timing reifyNode:node_modules/netlify-cli/node_modules/through2-filter Completed in 5521ms
1969 http fetch GET 200 https://cdn.npmmirror.com/packages/strip-dirs/3.0.0/strip-dirs-3.0.0.tgz 5242ms (cache miss)
1970 timing reifyNode:node_modules/netlify-cli/node_modules/strip-dirs Completed in 5536ms
1971 http fetch GET 200 https://cdn.npmmirror.com/packages/spdx-expression-parse/3.0.1/spdx-expression-parse-3.0.1.tgz 5316ms (cache miss)
1972 timing reifyNode:node_modules/netlify-cli/node_modules/spdx-expression-parse Completed in 5612ms
1973 http fetch GET 200 https://cdn.npmmirror.com/packages/spdx-license-ids/3.0.11/spdx-license-ids-3.0.11.tgz 5323ms (cache miss)
1974 timing reifyNode:node_modules/netlify-cli/node_modules/spdx-license-ids Completed in 5620ms
1975 http fetch GET 200 https://cdn.npmmirror.com/packages/windows-release/5.0.1/windows-release-5.0.1.tgz 5369ms (cache miss)
1976 timing reifyNode:node_modules/netlify-cli/node_modules/windows-release Completed in 5642ms
1977 http fetch GET 200 https://cdn.npmmirror.com/packages/spdx-exceptions/2.3.0/spdx-exceptions-2.3.0.tgz 5357ms (cache miss)
1978 timing reifyNode:node_modules/netlify-cli/node_modules/spdx-exceptions Completed in 5657ms
1979 http fetch GET 200 https://cdn.npmmirror.com/packages/spdx-correct/3.1.1/spdx-correct-3.1.1.tgz 5395ms (cache miss)
1980 timing reifyNode:node_modules/netlify-cli/node_modules/spdx-correct Completed in 5696ms
1981 http fetch GET 200 https://cdn.npmmirror.com/packages/slice-ansi/5.0.0/slice-ansi-5.0.0.tgz 5411ms (cache miss)
1982 timing reifyNode:node_modules/netlify-cli/node_modules/slice-ansi Completed in 5712ms
1983 http fetch GET 200 https://cdn.npmmirror.com/packages/stackframe/1.3.4/stackframe-1.3.4.tgz 5417ms (cache miss)
1984 timing reifyNode:node_modules/netlify-cli/node_modules/stackframe Completed in 5717ms
1985 http fetch GET 200 https://cdn.npmmirror.com/packages/source-map-support/0.5.21/source-map-support-0.5.21.tgz 5433ms (cache miss)
1986 timing reifyNode:node_modules/netlify-cli/node_modules/source-map-support Completed in 5733ms
1987 http fetch GET 200 https://cdn.npmmirror.com/packages/sort-keys-length/1.0.1/sort-keys-length-1.0.1.tgz 5452ms (cache miss)
1988 timing reifyNode:node_modules/netlify-cli/node_modules/sort-keys-length Completed in 5753ms
1989 http fetch GET 200 https://cdn.npmmirror.com/packages/slash/3.0.0/slash-3.0.0.tgz 5560ms (cache miss)
1990 timing reifyNode:node_modules/netlify-cli/node_modules/slash Completed in 5864ms
1991 http fetch GET 200 https://cdn.npmmirror.com/packages/simple-concat/1.0.1/simple-concat-1.0.1.tgz 5572ms (cache miss)
1992 http fetch GET 200 https://cdn.npmmirror.com/packages/source-map-js/1.2.1/source-map-js-1.2.1.tgz 5575ms (cache miss)
1993 timing reifyNode:node_modules/netlify-cli/node_modules/simple-concat Completed in 5876ms
1994 timing reifyNode:node_modules/netlify-cli/node_modules/source-map-js Completed in 5878ms
1995 http fetch GET 200 https://cdn.npmmirror.com/packages/simple-swizzle/0.2.2/simple-swizzle-0.2.2.tgz 5683ms (cache miss)
1996 timing reifyNode:node_modules/netlify-cli/node_modules/simple-swizzle Completed in 5986ms
1997 http fetch GET 200 https://cdn.npmmirror.com/packages/shebang-command/2.0.0/shebang-command-2.0.0.tgz 5787ms (cache miss)
1998 timing reifyNode:node_modules/netlify-cli/node_modules/shebang-command Completed in 6091ms
1999 http fetch GET 200 https://cdn.npmmirror.com/packages/simple-get/4.0.1/simple-get-4.0.1.tgz 5809ms (cache miss)
2000 timing reifyNode:node_modules/netlify-cli/node_modules/simple-get Completed in 6112ms
2001 http fetch GET 200 https://cdn.npmmirror.com/packages/set-blocking/2.0.0/set-blocking-2.0.0.tgz 5843ms (cache miss)
2002 timing reifyNode:node_modules/netlify-cli/node_modules/set-blocking Completed in 6147ms
2003 http fetch GET 200 https://cdn.npmmirror.com/packages/setprototypeof/1.2.0/setprototypeof-1.2.0.tgz 5865ms (cache miss)
2004 timing reifyNode:node_modules/netlify-cli/node_modules/setprototypeof Completed in 6169ms
2005 http fetch GET 200 https://cdn.npmmirror.com/packages/shebang-regex/3.0.0/shebang-regex-3.0.0.tgz 5882ms (cache miss)
2006 timing reifyNode:node_modules/netlify-cli/node_modules/shebang-regex Completed in 6188ms
2007 http fetch GET 200 https://cdn.npmmirror.com/packages/signal-exit/3.0.7/signal-exit-3.0.7.tgz 5890ms (cache miss)
2008 timing reifyNode:node_modules/netlify-cli/node_modules/signal-exit Completed in 6195ms
2009 http fetch GET 200 https://cdn.npmmirror.com/packages/set-function-length/1.2.2/set-function-length-1.2.2.tgz 5926ms (cache miss)
2010 timing reifyNode:node_modules/netlify-cli/node_modules/set-function-length Completed in 6231ms
2011 http fetch GET 200 https://cdn.npmmirror.com/packages/set-cookie-parser/2.5.1/set-cookie-parser-2.5.1.tgz 5999ms (cache miss)
2012 timing reifyNode:node_modules/netlify-cli/node_modules/set-cookie-parser Completed in 6305ms
2013 http fetch GET 200 https://cdn.npmmirror.com/packages/serve-static/1.16.2/serve-static-1.16.2.tgz 6022ms (cache miss)
2014 timing reifyNode:node_modules/netlify-cli/node_modules/serve-static Completed in 6327ms
2015 http fetch GET 200 https://cdn.npmmirror.com/packages/sort-keys/1.1.2/sort-keys-1.1.2.tgz 6048ms (cache miss)
2016 timing reifyNode:node_modules/netlify-cli/node_modules/sort-keys Completed in 6352ms
2017 http fetch GET 200 https://cdn.npmmirror.com/packages/tabtab/3.0.2/tabtab-3.0.2.tgz 6247ms (cache miss)
2018 timing reifyNode:node_modules/netlify-cli/node_modules/tabtab Completed in 6537ms
2019 http fetch GET 200 https://cdn.npmmirror.com/packages/send/0.19.0/send-0.19.0.tgz 6235ms (cache miss)
2020 timing reifyNode:node_modules/netlify-cli/node_modules/send Completed in 6540ms
2021 http fetch GET 200 https://cdn.npmmirror.com/packages/seek-bzip/1.0.6/seek-bzip-1.0.6.tgz 6314ms (cache miss)
2022 timing reifyNode:node_modules/netlify-cli/node_modules/seek-bzip Completed in 6624ms
2023 http fetch GET 200 https://cdn.npmmirror.com/packages/semver/7.6.3/semver-7.6.3.tgz 6329ms (cache miss)
2024 timing reifyNode:node_modules/netlify-cli/node_modules/semver Completed in 6633ms
2025 http fetch GET 200 https://cdn.npmmirror.com/packages/svgo/3.2.0/svgo-3.2.0.tgz 6352ms (cache miss)
2026 timing reifyNode:node_modules/netlify-cli/node_modules/svgo Completed in 6646ms
2027 http fetch GET 200 https://cdn.npmmirror.com/packages/safe-json-stringify/1.2.0/safe-json-stringify-1.2.0.tgz 6405ms (cache miss)
2028 timing reifyNode:node_modules/netlify-cli/node_modules/safe-json-stringify Completed in 6708ms
2029 http fetch GET 200 https://cdn.npmmirror.com/packages/safe-buffer/5.1.2/safe-buffer-5.1.2.tgz 6445ms (cache miss)
2030 timing reifyNode:node_modules/netlify-cli/node_modules/safe-buffer Completed in 6753ms
2031 http fetch GET 200 https://cdn.npmmirror.com/packages/safe-stable-stringify/2.3.1/safe-stable-stringify-2.3.1.tgz 6459ms (cache miss)
2032 timing reifyNode:node_modules/netlify-cli/node_modules/safe-stable-stringify Completed in 6770ms
2033 http fetch GET 200 https://cdn.npmmirror.com/packages/safe-regex2/3.1.0/safe-regex2-3.1.0.tgz 6483ms (cache miss)
2034 http fetch GET 200 https://cdn.npmmirror.com/packages/safer-buffer/2.1.2/safer-buffer-2.1.2.tgz 6487ms (cache miss)
2035 timing reifyNode:node_modules/netlify-cli/node_modules/safer-buffer Completed in 6794ms
2036 timing reifyNode:node_modules/netlify-cli/node_modules/safe-regex2 Completed in 6799ms
2037 http fetch GET 200 https://cdn.npmmirror.com/packages/run-parallel/1.2.0/run-parallel-1.2.0.tgz 6502ms (cache miss)
2038 timing reifyNode:node_modules/netlify-cli/node_modules/run-parallel Completed in 6811ms
2039 http fetch GET 200 https://cdn.npmmirror.com/packages/sharp/0.32.6/sharp-0.32.6.tgz 6660ms (cache miss)
2040 timing reifyNode:node_modules/netlify-cli/node_modules/sharp Completed in 6965ms
2041 http fetch GET 200 https://cdn.npmmirror.com/packages/secure-json-parse/2.7.0/secure-json-parse-2.7.0.tgz 6665ms (cache miss)
2042 timing reifyNode:node_modules/netlify-cli/node_modules/secure-json-parse Completed in 6968ms
2043 http fetch GET 200 https://cdn.npmmirror.com/packages/run-async/2.4.1/run-async-2.4.1.tgz 6742ms (cache miss)
2044 timing reifyNode:node_modules/netlify-cli/node_modules/run-async Completed in 7051ms
2045 http fetch GET 200 https://cdn.npmmirror.com/packages/reusify/1.0.4/reusify-1.0.4.tgz 6745ms (cache miss)
2046 timing reifyNode:node_modules/netlify-cli/node_modules/reusify Completed in 7057ms
2047 http fetch GET 200 https://cdn.npmmirror.com/packages/retry/0.13.1/retry-0.13.1.tgz 6829ms (cache miss)
2048 http fetch GET 200 https://cdn.npmmirror.com/packages/rimraf/3.0.2/rimraf-3.0.2.tgz 6829ms (cache miss)
2049 timing reifyNode:node_modules/netlify-cli/node_modules/rimraf Completed in 7139ms
2050 timing reifyNode:node_modules/netlify-cli/node_modules/retry Completed in 7140ms
2051 http fetch GET 200 https://cdn.npmmirror.com/packages/resolve-alpn/1.2.1/resolve-alpn-1.2.1.tgz 6848ms (cache miss)
2052 timing reifyNode:node_modules/netlify-cli/node_modules/resolve-alpn Completed in 7157ms
2053 http fetch GET 200 https://cdn.npmmirror.com/packages/restore-cursor/2.0.0/restore-cursor-2.0.0.tgz 6850ms (cache miss)
2054 timing reifyNode:node_modules/netlify-cli/node_modules/restore-cursor Completed in 7160ms
2055 http fetch GET 200 https://cdn.npmmirror.com/packages/resolve-from/5.0.0/resolve-from-5.0.0.tgz 6989ms (cache miss)
2056 timing reifyNode:node_modules/netlify-cli/node_modules/resolve-from Completed in 7301ms
2057 http fetch GET 200 https://cdn.npmmirror.com/packages/require-directory/2.1.1/require-directory-2.1.1.tgz 7005ms (cache miss)
2058 timing reifyNode:node_modules/netlify-cli/node_modules/require-directory Completed in 7319ms
2059 http fetch GET 200 https://cdn.npmmirror.com/packages/require-from-string/2.0.2/require-from-string-2.0.2.tgz 7044ms (cache miss)
2060 timing reifyNode:node_modules/netlify-cli/node_modules/require-from-string Completed in 7355ms
2061 http fetch GET 200 https://cdn.npmmirror.com/packages/side-channel/1.0.6/side-channel-1.0.6.tgz 7141ms (cache miss)
2062 timing reifyNode:node_modules/netlify-cli/node_modules/side-channel Completed in 7445ms
2063 http fetch GET 200 https://cdn.npmmirror.com/packages/rfdc/1.4.1/rfdc-1.4.1.tgz 7132ms (cache miss)
2064 timing reifyNode:node_modules/netlify-cli/node_modules/rfdc Completed in 7442ms
2065 http fetch GET 200 https://cdn.npmmirror.com/packages/require-package-name/2.0.1/require-package-name-2.0.1.tgz 7242ms (cache miss)
2066 timing reifyNode:node_modules/netlify-cli/node_modules/require-package-name Completed in 7555ms
2067 http fetch GET 200 https://cdn.npmmirror.com/packages/responselike/3.0.0/responselike-3.0.0.tgz 7285ms (cache miss)
2068 timing reifyNode:node_modules/netlify-cli/node_modules/responselike Completed in 7596ms
2069 http fetch GET 200 https://cdn.npmmirror.com/packages/requires-port/1.0.0/requires-port-1.0.0.tgz 7295ms (cache miss)
2070 timing reifyNode:node_modules/netlify-cli/node_modules/requires-port Completed in 7608ms
2071 http fetch GET 200 https://cdn.npmmirror.com/packages/registry-auth-token/5.0.2/registry-auth-token-5.0.2.tgz 7301ms (cache miss)
2072 timing reifyNode:node_modules/netlify-cli/node_modules/registry-auth-token Completed in 7617ms
2073 http fetch GET 200 https://cdn.npmmirror.com/packages/remove-trailing-separator/1.1.0/remove-trailing-separator-1.1.0.tgz 7321ms (cache miss)
2074 timing reifyNode:node_modules/netlify-cli/node_modules/remove-trailing-separator Completed in 7635ms
2075 http fetch GET 200 https://cdn.npmmirror.com/packages/registry-url/6.0.1/registry-url-6.0.1.tgz 7337ms (cache miss)
2076 timing reifyNode:node_modules/netlify-cli/node_modules/registry-url Completed in 7652ms
2077 http fetch GET 200 https://cdn.npmmirror.com/packages/source-map/0.6.1/source-map-0.6.1.tgz 7367ms (cache miss)
2078 timing reifyNode:node_modules/netlify-cli/node_modules/source-map Completed in 7669ms
2079 http fetch GET 200 https://cdn.npmmirror.com/packages/resolve/2.0.0-next.5/resolve-2.0.0-next.5.tgz 7403ms (cache miss)
2080 timing reifyNode:node_modules/netlify-cli/node_modules/resolve Completed in 7714ms
2081 http fetch GET 200 https://cdn.npmmirror.com/packages/repeat-string/1.6.1/repeat-string-1.6.1.tgz 7458ms (cache miss)
2082 timing reifyNode:node_modules/netlify-cli/node_modules/repeat-string Completed in 7771ms
2083 http fetch GET 200 https://cdn.npmmirror.com/packages/real-require/0.2.0/real-require-0.2.0.tgz 7495ms (cache miss)
2084 timing reifyNode:node_modules/netlify-cli/node_modules/real-require Completed in 7808ms
2085 http fetch GET 200 https://cdn.npmmirror.com/packages/redis-errors/1.2.0/redis-errors-1.2.0.tgz 7498ms (cache miss)
2086 timing reifyNode:node_modules/netlify-cli/node_modules/redis-errors Completed in 7812ms
2087 http fetch GET 200 https://cdn.npmmirror.com/packages/readdir-glob/1.1.3/readdir-glob-1.1.3.tgz 7512ms (cache miss)
2088 timing reifyNode:node_modules/netlify-cli/node_modules/readdir-glob Completed in 7825ms
2089 http fetch GET 200 https://cdn.npmmirror.com/packages/readdirp/3.6.0/readdirp-3.6.0.tgz 7531ms (cache miss)
2090 timing reifyNode:node_modules/netlify-cli/node_modules/readdirp Completed in 7844ms
2091 http fetch GET 200 https://cdn.npmmirror.com/packages/react-is/17.0.2/react-is-17.0.2.tgz 7602ms (cache miss)
2092 timing reifyNode:node_modules/netlify-cli/node_modules/react-is Completed in 7921ms
2093 http fetch GET 200 https://cdn.npmmirror.com/packages/readable-web-to-node-stream/3.0.2/readable-web-to-node-stream-3.0.2.tgz 7725ms (cache miss)
2094 timing reifyNode:node_modules/netlify-cli/node_modules/readable-web-to-node-stream Completed in 8040ms
2095 http fetch GET 200 https://cdn.npmmirror.com/packages/random-bytes/1.0.0/random-bytes-1.0.0.tgz 7799ms (cache miss)
2096 timing reifyNode:node_modules/netlify-cli/node_modules/random-bytes Completed in 8117ms
2097 http fetch GET 200 https://cdn.npmmirror.com/packages/raw-body/2.5.2/raw-body-2.5.2.tgz 7804ms (cache miss)
2098 http fetch GET 200 https://cdn.npmmirror.com/packages/quote-unquote/1.0.0/quote-unquote-1.0.0.tgz 7805ms (cache miss)
2099 timing reifyNode:node_modules/netlify-cli/node_modules/raw-body Completed in 8124ms
2100 timing reifyNode:node_modules/netlify-cli/node_modules/quote-unquote Completed in 8127ms
2101 http fetch GET 200 https://cdn.npmmirror.com/packages/rc/1.2.8/rc-1.2.8.tgz 7817ms (cache miss)
2102 timing reifyNode:node_modules/netlify-cli/node_modules/rc Completed in 8146ms
2103 http fetch GET 200 https://cdn.npmmirror.com/packages/readable-stream/3.6.2/readable-stream-3.6.2.tgz 7850ms (cache miss)
2104 timing reifyNode:node_modules/netlify-cli/node_modules/readable-stream Completed in 8166ms
2105 http fetch GET 200 https://cdn.npmmirror.com/packages/read-package-up/11.0.0/read-package-up-11.0.0.tgz 7965ms (cache miss)
2106 timing reifyNode:node_modules/netlify-cli/node_modules/read-package-up Completed in 8278ms
2107 http fetch GET 200 https://cdn.npmmirror.com/packages/quick-format-unescaped/4.0.4/quick-format-unescaped-4.0.4.tgz 7969ms (cache miss)
2108 timing reifyNode:node_modules/netlify-cli/node_modules/quick-format-unescaped Completed in 8288ms
2109 http fetch GET 200 https://cdn.npmmirror.com/packages/queue-tick/1.0.1/queue-tick-1.0.1.tgz 7971ms (cache miss)
2110 timing reifyNode:node_modules/netlify-cli/node_modules/queue-tick Completed in 8293ms
2111 http fetch GET 200 https://cdn.npmmirror.com/packages/quick-lru/5.1.1/quick-lru-5.1.1.tgz 7999ms (cache miss)
2112 timing reifyNode:node_modules/netlify-cli/node_modules/quick-lru Completed in 8317ms
2113 http fetch GET 200 https://cdn.npmmirror.com/packages/radix3/1.1.0/radix3-1.1.0.tgz 8016ms (cache miss)
2114 timing reifyNode:node_modules/netlify-cli/node_modules/radix3 Completed in 8335ms
2115 http fetch GET 200 https://cdn.npmmirror.com/packages/pupa/3.1.0/pupa-3.1.0.tgz 8179ms (cache miss)
2116 timing reifyNode:node_modules/netlify-cli/node_modules/pupa Completed in 8500ms
2117 http fetch GET 200 https://cdn.npmmirror.com/packages/punycode/2.3.0/punycode-2.3.0.tgz 8218ms (cache miss)
2118 timing reifyNode:node_modules/netlify-cli/node_modules/punycode Completed in 8539ms
2119 http fetch GET 200 https://cdn.npmmirror.com/packages/redis-parser/3.0.0/redis-parser-3.0.0.tgz 8235ms (cache miss)
2120 timing reifyNode:node_modules/netlify-cli/node_modules/redis-parser Completed in 8549ms
2121 http fetch GET 200 https://cdn.npmmirror.com/packages/range-parser/1.2.1/range-parser-1.2.1.tgz 8228ms (cache miss)
2122 timing reifyNode:node_modules/netlify-cli/node_modules/range-parser Completed in 8551ms
2123 http fetch GET 200 https://cdn.npmmirror.com/packages/proxy-addr/2.0.7/proxy-addr-2.0.7.tgz 8292ms (cache miss)
2124 timing reifyNode:node_modules/netlify-cli/node_modules/proxy-addr Completed in 8614ms
2125 http fetch GET 200 https://cdn.npmmirror.com/packages/qs/6.13.0/qs-6.13.0.tgz 8317ms (cache miss)
2126 timing reifyNode:node_modules/netlify-cli/node_modules/qs Completed in 8637ms
2127 http fetch GET 200 https://cdn.npmmirror.com/packages/rollup/4.22.4/rollup-4.22.4.tgz 8367ms (cache miss)
2128 timing reifyNode:node_modules/netlify-cli/node_modules/rollup Completed in 8676ms
2129 http fetch GET 200 https://cdn.npmmirror.com/packages/pump/3.0.2/pump-3.0.2.tgz 8351ms (cache miss)
2130 timing reifyNode:node_modules/netlify-cli/node_modules/pump Completed in 8676ms
2131 http fetch GET 200 https://cdn.npmmirror.com/packages/queue-microtask/1.2.3/queue-microtask-1.2.3.tgz 8377ms (cache miss)
2132 timing reifyNode:node_modules/netlify-cli/node_modules/queue-microtask Completed in 8696ms
2133 http fetch GET 200 https://cdn.npmmirror.com/packages/proto-list/1.2.4/proto-list-1.2.4.tgz 8435ms (cache miss)
2134 timing reifyNode:node_modules/netlify-cli/node_modules/proto-list Completed in 8757ms
2135 http fetch GET 200 https://cdn.npmmirror.com/packages/pretty-ms/8.0.0/pretty-ms-8.0.0.tgz 8477ms (cache miss)
2136 timing reifyNode:node_modules/netlify-cli/node_modules/pretty-ms Completed in 8801ms
2137 http fetch GET 200 https://cdn.npmmirror.com/packages/prettyjson/1.2.5/prettyjson-1.2.5.tgz 8518ms (cache miss)
2138 timing reifyNode:node_modules/netlify-cli/node_modules/prettyjson Completed in 8841ms
2139 http fetch GET 200 https://cdn.npmmirror.com/packages/process/0.11.10/process-0.11.10.tgz 8585ms (cache miss)
2140 timing reifyNode:node_modules/netlify-cli/node_modules/process Completed in 8911ms
2141 http fetch GET 200 https://cdn.npmmirror.com/packages/ps-list/8.1.0/ps-list-8.1.0.tgz 8649ms (cache miss)
2142 timing reifyNode:node_modules/netlify-cli/node_modules/ps-list Completed in 8970ms
2143 http fetch GET 200 https://cdn.npmmirror.com/packages/precinct/11.0.5/precinct-11.0.5.tgz 8699ms (cache miss)
2144 timing reifyNode:node_modules/netlify-cli/node_modules/precinct Completed in 9023ms
2145 http fetch GET 200 https://cdn.npmmirror.com/packages/pkg-types/1.0.3/pkg-types-1.0.3.tgz 8715ms (cache miss)
2146 timing reifyNode:node_modules/netlify-cli/node_modules/pkg-types Completed in 9040ms
2147 http fetch GET 200 https://cdn.npmmirror.com/packages/prebuild-install/7.1.1/prebuild-install-7.1.1.tgz 8727ms (cache miss)
2148 timing reifyNode:node_modules/netlify-cli/node_modules/prebuild-install Completed in 9059ms
2149 http fetch GET 200 https://cdn.npmmirror.com/packages/pretty-format/27.5.1/pretty-format-27.5.1.tgz 8813ms (cache miss)
2150 timing reifyNode:node_modules/netlify-cli/node_modules/pretty-format Completed in 9137ms
2151 http fetch GET 200 https://cdn.npmmirror.com/packages/process-nextick-args/2.0.1/process-nextick-args-2.0.1.tgz 8847ms (cache miss)
2152 timing reifyNode:node_modules/netlify-cli/node_modules/process-nextick-args Completed in 9170ms
2153 http fetch GET 200 https://cdn.npmmirror.com/packages/postcss/8.4.47/postcss-8.4.47.tgz 8900ms (cache miss)
2154 timing reifyNode:node_modules/netlify-cli/node_modules/postcss Completed in 9224ms
2155 http fetch GET 200 https://cdn.npmmirror.com/packages/precond/0.2.3/precond-0.2.3.tgz 8915ms (cache miss)
2156 timing reifyNode:node_modules/netlify-cli/node_modules/precond Completed in 9239ms
2157 http fetch GET 200 https://cdn.npmmirror.com/packages/pino-std-serializers/7.0.0/pino-std-serializers-7.0.0.tgz 8914ms (cache miss)
2158 http fetch GET 200 https://cdn.npmmirror.com/packages/pend/1.2.0/pend-1.2.0.tgz 8925ms (cache miss)
2159 timing reifyNode:node_modules/netlify-cli/node_modules/pend Completed in 9257ms
2160 timing reifyNode:node_modules/netlify-cli/node_modules/pino-std-serializers Completed in 9265ms
2161 http fetch GET 200 https://cdn.npmmirror.com/packages/picomatch/2.3.1/picomatch-2.3.1.tgz 9011ms (cache miss)
2162 timing reifyNode:node_modules/netlify-cli/node_modules/picomatch Completed in 9341ms
2163 http fetch GET 200 https://cdn.npmmirror.com/packages/peek-readable/5.0.0/peek-readable-5.0.0.tgz 9065ms (cache miss)
2164 timing reifyNode:node_modules/netlify-cli/node_modules/peek-readable Completed in 9395ms
2165 http fetch GET 200 https://cdn.npmmirror.com/packages/path-type/4.0.0/path-type-4.0.0.tgz 9166ms (cache miss)
2166 timing reifyNode:node_modules/netlify-cli/node_modules/path-type Completed in 9498ms
2167 http fetch GET 200 https://cdn.npmmirror.com/packages/path-is-absolute/1.0.1/path-is-absolute-1.0.1.tgz 9175ms (cache miss)
2168 timing reifyNode:node_modules/netlify-cli/node_modules/path-is-absolute Completed in 9506ms
2169 http fetch GET 200 https://cdn.npmmirror.com/packages/pino-abstract-transport/1.2.0/pino-abstract-transport-1.2.0.tgz 9206ms (cache miss)
2170 http fetch GET 200 https://cdn.npmmirror.com/packages/pathe/1.1.2/pathe-1.1.2.tgz 9202ms (cache miss)
2171 timing reifyNode:node_modules/netlify-cli/node_modules/pathe Completed in 9533ms
2172 timing reifyNode:node_modules/netlify-cli/node_modules/pino-abstract-transport Completed in 9551ms
2173 http fetch GET 200 https://cdn.npmmirror.com/packages/parseurl/1.3.3/parseurl-1.3.3.tgz 9247ms (cache miss)
2174 timing reifyNode:node_modules/netlify-cli/node_modules/parseurl Completed in 9579ms
2175 http fetch GET 200 https://cdn.npmmirror.com/packages/postcss-values-parser/6.0.2/postcss-values-parser-6.0.2.tgz 9275ms (cache miss)
2176 timing reifyNode:node_modules/netlify-cli/node_modules/postcss-values-parser Completed in 9600ms
2177 http fetch GET 200 https://cdn.npmmirror.com/packages/picocolors/1.1.0/picocolors-1.1.0.tgz 9300ms (cache miss)
2178 timing reifyNode:node_modules/netlify-cli/node_modules/picocolors Completed in 9635ms
2179 http fetch GET 200 https://cdn.npmmirror.com/packages/parse-ms/3.0.0/parse-ms-3.0.0.tgz 9319ms (cache miss)
2180 timing reifyNode:node_modules/netlify-cli/node_modules/parse-ms Completed in 9652ms
2181 http fetch GET 200 https://cdn.npmmirror.com/packages/parse-gitignore/2.0.0/parse-gitignore-2.0.0.tgz 9401ms (cache miss)
2182 timing reifyNode:node_modules/netlify-cli/node_modules/parse-gitignore Completed in 9734ms
2183 http fetch GET 200 https://cdn.npmmirror.com/packages/path-parse/1.0.7/path-parse-1.0.7.tgz 9415ms (cache miss)
2184 timing reifyNode:node_modules/netlify-cli/node_modules/path-parse Completed in 9748ms
2185 http fetch GET 200 https://cdn.npmmirror.com/packages/parse-github-url/1.0.3/parse-github-url-1.0.3.tgz 9416ms (cache miss)
2186 timing reifyNode:node_modules/netlify-cli/node_modules/parse-github-url Completed in 9749ms
2187 http fetch GET 200 https://cdn.npmmirror.com/packages/path-key/4.0.0/path-key-4.0.0.tgz 9450ms (cache miss)
2188 timing reifyNode:node_modules/netlify-cli/node_modules/path-key Completed in 9784ms
2189 http fetch GET 200 https://cdn.npmmirror.com/packages/parse-json/5.2.0/parse-json-5.2.0.tgz 9539ms (cache miss)
2190 timing reifyNode:node_modules/netlify-cli/node_modules/parse-json Completed in 9872ms
2191 http fetch GET 200 https://cdn.npmmirror.com/packages/path-scurry/1.11.1/path-scurry-1.11.1.tgz 9585ms (cache miss)
2192 timing reifyNode:node_modules/netlify-cli/node_modules/path-scurry Completed in 9917ms
2193 http fetch GET 200 https://cdn.npmmirror.com/packages/p-timeout/6.1.3/p-timeout-6.1.3.tgz 9658ms (cache miss)
2194 timing reifyNode:node_modules/netlify-cli/node_modules/p-timeout Completed in 9994ms
2195 http fetch GET 200 https://cdn.npmmirror.com/packages/p-wait-for/5.0.2/p-wait-for-5.0.2.tgz 9687ms (cache miss)
2196 timing reifyNode:node_modules/netlify-cli/node_modules/p-wait-for Completed in 10022ms
2197 http fetch GET 200 https://cdn.npmmirror.com/packages/parallel-transform/1.2.0/parallel-transform-1.2.0.tgz 9696ms (cache miss)
2198 timing reifyNode:node_modules/netlify-cli/node_modules/parallel-transform Completed in 10032ms
2199 http fetch GET 200 https://cdn.npmmirror.com/packages/p-finally/1.0.0/p-finally-1.0.0.tgz 9697ms (cache miss)
2200 timing reifyNode:node_modules/netlify-cli/node_modules/p-finally Completed in 10032ms
2201 http fetch GET 200 https://cdn.npmmirror.com/packages/p-retry/5.1.1/p-retry-5.1.1.tgz 9729ms (cache miss)
2202 timing reifyNode:node_modules/netlify-cli/node_modules/p-retry Completed in 10065ms
2203 http fetch GET 200 https://cdn.npmmirror.com/packages/p-every/2.0.0/p-every-2.0.0.tgz 9752ms (cache miss)
2204 timing reifyNode:node_modules/netlify-cli/node_modules/p-every Completed in 10089ms
2205 http fetch GET 200 https://cdn.npmmirror.com/packages/p-filter/4.1.0/p-filter-4.1.0.tgz 9777ms (cache miss)
2206 timing reifyNode:node_modules/netlify-cli/node_modules/p-filter Completed in 10115ms
2207 http fetch GET 200 https://cdn.npmmirror.com/packages/p-map/7.0.2/p-map-7.0.2.tgz 9799ms (cache miss)
2208 timing reifyNode:node_modules/netlify-cli/node_modules/p-map Completed in 10136ms
2209 http fetch GET 200 https://cdn.npmmirror.com/packages/os-tmpdir/1.0.2/os-tmpdir-1.0.2.tgz 9870ms (cache miss)
2210 timing reifyNode:node_modules/netlify-cli/node_modules/os-tmpdir Completed in 10207ms
2211 http fetch GET 200 https://cdn.npmmirror.com/packages/os-name/5.0.1/os-name-5.0.1.tgz 9880ms (cache miss)
2212 timing reifyNode:node_modules/netlify-cli/node_modules/os-name Completed in 10217ms
2213 http fetch GET 200 https://cdn.npmmirror.com/packages/p-event/5.0.1/p-event-5.0.1.tgz 9897ms (cache miss)
2214 timing reifyNode:node_modules/netlify-cli/node_modules/p-event Completed in 10233ms
2215 http fetch GET 200 https://cdn.npmmirror.com/packages/open/8.4.2/open-8.4.2.tgz 9978ms (cache miss)
2216 timing reifyNode:node_modules/netlify-cli/node_modules/open Completed in 10315ms
2217 http fetch GET 200 https://cdn.npmmirror.com/packages/package-json/10.0.1/package-json-10.0.1.tgz 10022ms (cache miss)
2218 timing reifyNode:node_modules/netlify-cli/node_modules/package-json Completed in 10357ms
2219 http fetch GET 200 https://cdn.npmmirror.com/packages/pino/9.4.0/pino-9.4.0.tgz 10081ms (cache miss)
2220 timing reifyNode:node_modules/netlify-cli/node_modules/pino Completed in 10410ms
2221 http fetch GET 200 https://cdn.npmmirror.com/packages/onetime/5.1.2/onetime-5.1.2.tgz 10158ms (cache miss)
2222 timing reifyNode:node_modules/netlify-cli/node_modules/onetime Completed in 10500ms
2223 http fetch GET 200 https://cdn.npmmirror.com/packages/on-finished/2.4.1/on-finished-2.4.1.tgz 10162ms (cache miss)
2224 timing reifyNode:node_modules/netlify-cli/node_modules/on-finished Completed in 10502ms
2225 http fetch GET 200 https://cdn.npmmirror.com/packages/on-headers/1.0.2/on-headers-1.0.2.tgz 10184ms (cache miss)
2226 timing reifyNode:node_modules/netlify-cli/node_modules/on-headers Completed in 10523ms
2227 http fetch GET 200 https://cdn.npmmirror.com/packages/on-exit-leak-free/2.1.2/on-exit-leak-free-2.1.2.tgz 10227ms (cache miss)
2228 timing reifyNode:node_modules/netlify-cli/node_modules/on-exit-leak-free Completed in 10568ms
2229 http fetch GET 200 https://cdn.npmmirror.com/packages/once/1.4.0/once-1.4.0.tgz 10246ms (cache miss)
2230 timing reifyNode:node_modules/netlify-cli/node_modules/once Completed in 10588ms
2231 http fetch GET 200 https://cdn.npmmirror.com/packages/object-assign/4.1.1/object-assign-4.1.1.tgz 10258ms (cache miss)
2232 timing reifyNode:node_modules/netlify-cli/node_modules/object-assign Completed in 10600ms
2233 http fetch GET 200 https://cdn.npmmirror.com/packages/p-reduce/3.0.0/p-reduce-3.0.0.tgz 10323ms (cache miss)
2234 timing reifyNode:node_modules/netlify-cli/node_modules/p-reduce Completed in 10663ms
2235 http fetch GET 200 https://cdn.npmmirror.com/packages/ofetch/1.3.3/ofetch-1.3.3.tgz 10411ms (cache miss)
2236 timing reifyNode:node_modules/netlify-cli/node_modules/ofetch Completed in 10755ms
2237 http fetch GET 200 https://cdn.npmmirror.com/packages/nth-check/2.1.1/nth-check-2.1.1.tgz 10427ms (cache miss)
2238 timing reifyNode:node_modules/netlify-cli/node_modules/nth-check Completed in 10771ms
2239 http fetch GET 200 https://cdn.npmmirror.com/packages/ohash/1.1.3/ohash-1.1.3.tgz 10445ms (cache miss)
2240 timing reifyNode:node_modules/netlify-cli/node_modules/ohash Completed in 10788ms
2241 http fetch GET 200 https://cdn.npmmirror.com/packages/one-time/1.0.0/one-time-1.0.0.tgz 10529ms (cache miss)
2242 timing reifyNode:node_modules/netlify-cli/node_modules/one-time Completed in 10871ms
2243 http fetch GET 200 https://cdn.npmmirror.com/packages/p-cancelable/3.0.0/p-cancelable-3.0.0.tgz 10542ms (cache miss)
2244 timing reifyNode:node_modules/netlify-cli/node_modules/p-cancelable Completed in 10884ms
2245 http fetch GET 200 https://cdn.npmmirror.com/packages/npm-run-path/4.0.1/npm-run-path-4.0.1.tgz 10654ms (cache miss)
2246 timing reifyNode:node_modules/netlify-cli/node_modules/npm-run-path Completed in 10998ms
2247 http fetch GET 200 https://cdn.npmmirror.com/packages/normalize-path/3.0.0/normalize-path-3.0.0.tgz 10670ms (cache miss)
2248 timing reifyNode:node_modules/netlify-cli/node_modules/normalize-path Completed in 11015ms
2249 http fetch GET 200 https://cdn.npmmirror.com/packages/normalize-url/8.0.1/normalize-url-8.0.1.tgz 10711ms (cache miss)
2250 timing reifyNode:node_modules/netlify-cli/node_modules/normalize-url Completed in 11057ms
2251 http fetch GET 200 https://cdn.npmmirror.com/packages/normalize-package-data/3.0.3/normalize-package-data-3.0.3.tgz 10723ms (cache miss)
2252 timing reifyNode:node_modules/netlify-cli/node_modules/normalize-package-data Completed in 11074ms
2253 http fetch GET 200 https://cdn.npmmirror.com/packages/omit.js/2.0.2/omit.js-2.0.2.tgz 10743ms (cache miss)
2254 timing reifyNode:node_modules/netlify-cli/node_modules/omit.js Completed in 11087ms
2255 http fetch GET 200 https://cdn.npmmirror.com/packages/nopt/5.0.0/nopt-5.0.0.tgz 10754ms (cache miss)
2256 timing reifyNode:node_modules/netlify-cli/node_modules/nopt Completed in 11100ms
2257 http fetch GET 200 https://cdn.npmmirror.com/packages/node-stream-zip/1.15.0/node-stream-zip-1.15.0.tgz 10807ms (cache miss)
2258 timing reifyNode:node_modules/netlify-cli/node_modules/node-stream-zip Completed in 11153ms
2259 http fetch GET 200 https://cdn.npmmirror.com/packages/node-source-walk/6.0.2/node-source-walk-6.0.2.tgz 10824ms (cache miss)
2260 timing reifyNode:node_modules/netlify-cli/node_modules/node-source-walk Completed in 11170ms
2261 http fetch GET 200 https://cdn.npmmirror.com/packages/ora/8.1.1/ora-8.1.1.tgz 10864ms (cache miss)
2262 timing reifyNode:node_modules/netlify-cli/node_modules/ora Completed in 11201ms
2263 http fetch GET 200 https://cdn.npmmirror.com/packages/normalize-node-version/12.4.0/normalize-node-version-12.4.0.tgz 10889ms (cache miss)
2264 timing reifyNode:node_modules/netlify-cli/node_modules/normalize-node-version Completed in 11238ms
2265 http fetch GET 200 https://cdn.npmmirror.com/packages/npmlog/5.0.1/npmlog-5.0.1.tgz 10992ms (cache miss)
2266 timing reifyNode:node_modules/netlify-cli/node_modules/npmlog Completed in 11337ms
2267 http fetch GET 200 https://cdn.npmmirror.com/packages/node-fetch/3.3.2/node-fetch-3.3.2.tgz 11021ms (cache miss)
2268 timing reifyNode:node_modules/netlify-cli/node_modules/node-fetch Completed in 11367ms
2269 http fetch GET 200 https://cdn.npmmirror.com/packages/object-inspect/1.13.2/object-inspect-1.13.2.tgz 11091ms (cache miss)
2270 timing reifyNode:node_modules/netlify-cli/node_modules/object-inspect Completed in 11436ms
2271 http fetch GET 200 https://cdn.npmmirror.com/packages/node-domexception/1.0.0/node-domexception-1.0.0.tgz 11193ms (cache miss)
2272 timing reifyNode:node_modules/netlify-cli/node_modules/node-domexception Completed in 11576ms
2273 http fetch GET 200 https://cdn.npmmirror.com/packages/nested-error-stacks/2.1.1/nested-error-stacks-2.1.1.tgz 11244ms (cache miss)
2274 timing reifyNode:node_modules/netlify-cli/node_modules/nested-error-stacks Completed in 11593ms
2275 http fetch GET 200 https://cdn.npmmirror.com/packages/nanoid/3.3.7/nanoid-3.3.7.tgz 11250ms (cache miss)
2276 timing reifyNode:node_modules/netlify-cli/node_modules/nanoid Completed in 11623ms
2277 http fetch GET 200 https://cdn.npmmirror.com/packages/napi-build-utils/1.0.2/napi-build-utils-1.0.2.tgz 11326ms (cache miss)
2278 timing reifyNode:node_modules/netlify-cli/node_modules/napi-build-utils Completed in 11680ms
2279 http fetch GET 200 https://cdn.npmmirror.com/packages/node-addon-api/7.1.0/node-addon-api-7.1.0.tgz 11427ms (cache miss)
2280 timing reifyNode:node_modules/netlify-cli/node_modules/node-addon-api Completed in 11776ms
2281 http fetch GET 200 https://cdn.npmmirror.com/packages/mute-stream/0.0.7/mute-stream-0.0.7.tgz 11437ms (cache miss)
2282 timing reifyNode:node_modules/netlify-cli/node_modules/mute-stream Completed in 11791ms
2283 http fetch GET 200 https://cdn.npmmirror.com/packages/ms/2.1.3/ms-2.1.3.tgz 11448ms (cache miss)
2284 http fetch GET 200 https://cdn.npmmirror.com/packages/node-abi/3.51.0/node-abi-3.51.0.tgz 11453ms (cache miss)
2285 timing reifyNode:node_modules/netlify-cli/node_modules/ms Completed in 11802ms
2286 timing reifyNode:node_modules/netlify-cli/node_modules/node-abi Completed in 11805ms
2287 http fetch GET 200 https://cdn.npmmirror.com/packages/nan/2.17.0/nan-2.17.0.tgz 11499ms (cache miss)
2288 timing reifyNode:node_modules/netlify-cli/node_modules/nan Completed in 11853ms
2289 http fetch GET 200 https://cdn.npmmirror.com/packages/node-gyp-build/4.6.0/node-gyp-build-4.6.0.tgz 11522ms (cache miss)
2290 timing reifyNode:node_modules/netlify-cli/node_modules/node-gyp-build Completed in 11869ms
2291 http fetch GET 200 https://cdn.npmmirror.com/packages/negotiator/0.6.3/negotiator-0.6.3.tgz 11531ms (cache miss)
2292 timing reifyNode:node_modules/netlify-cli/node_modules/negotiator Completed in 11892ms
2293 http fetch GET 200 https://cdn.npmmirror.com/packages/multiparty/4.2.3/multiparty-4.2.3.tgz 11687ms (cache miss)
2294 timing reifyNode:node_modules/netlify-cli/node_modules/multiparty Completed in 12041ms
2295 http fetch GET 200 https://cdn.npmmirror.com/packages/node-version-alias/3.4.1/node-version-alias-3.4.1.tgz 11720ms (cache miss)
2296 http fetch GET 200 https://cdn.npmmirror.com/packages/mri/1.2.0/mri-1.2.0.tgz 11711ms (cache miss)
2297 timing reifyNode:node_modules/netlify-cli/node_modules/mri Completed in 12069ms
2298 timing reifyNode:node_modules/netlify-cli/node_modules/node-version-alias Completed in 12072ms
2299 http fetch GET 200 https://cdn.npmmirror.com/packages/move-file/3.0.0/move-file-3.0.0.tgz 11722ms (cache miss)
2300 timing reifyNode:node_modules/netlify-cli/node_modules/move-file Completed in 12080ms
2301 http fetch GET 200 https://cdn.npmmirror.com/packages/minizlib/2.1.2/minizlib-2.1.2.tgz 11740ms (cache miss)
2302 timing reifyNode:node_modules/netlify-cli/node_modules/minizlib Completed in 12099ms
2303 http fetch GET 200 https://cdn.npmmirror.com/packages/mlly/1.5.0/mlly-1.5.0.tgz 11797ms (cache miss)
2304 timing reifyNode:node_modules/netlify-cli/node_modules/mlly Completed in 12151ms
2305 http fetch GET 200 https://cdn.npmmirror.com/packages/minipass/5.0.0/minipass-5.0.0.tgz 11800ms (cache miss)
2306 timing reifyNode:node_modules/netlify-cli/node_modules/minipass Completed in 12159ms
2307 http fetch GET 200 https://cdn.npmmirror.com/packages/mkdirp/0.5.6/mkdirp-0.5.6.tgz 11808ms (cache miss)
2308 timing reifyNode:node_modules/netlify-cli/node_modules/mkdirp Completed in 12170ms
2309 http fetch GET 200 https://cdn.npmmirror.com/packages/minimist/1.2.8/minimist-1.2.8.tgz 11856ms (cache miss)
2310 timing reifyNode:node_modules/netlify-cli/node_modules/minimist Completed in 12214ms
2311 http fetch GET 200 https://cdn.npmmirror.com/packages/mimic-response/4.0.0/mimic-response-4.0.0.tgz 11960ms (cache miss)
2312 timing reifyNode:node_modules/netlify-cli/node_modules/mimic-response Completed in 12321ms
2313 http fetch GET 200 https://cdn.npmmirror.com/packages/mimic-function/5.0.1/mimic-function-5.0.1.tgz 11972ms (cache miss)
2314 timing reifyNode:node_modules/netlify-cli/node_modules/mimic-function Completed in 12333ms
2315 http fetch GET 200 https://cdn.npmmirror.com/packages/node-fetch-native/1.6.2/node-fetch-native-1.6.2.tgz 11999ms (cache miss)
2316 timing reifyNode:node_modules/netlify-cli/node_modules/node-fetch-native Completed in 12347ms
2317 http fetch GET 200 https://cdn.npmmirror.com/packages/minimatch/3.1.2/minimatch-3.1.2.tgz 11996ms (cache miss)
2318 timing reifyNode:node_modules/netlify-cli/node_modules/minimatch Completed in 12357ms
2319 http fetch GET 200 https://cdn.npmmirror.com/packages/mimic-fn/4.0.0/mimic-fn-4.0.0.tgz 12037ms (cache miss)
2320 timing reifyNode:node_modules/netlify-cli/node_modules/mimic-fn Completed in 12397ms
2321 http fetch GET 200 https://cdn.npmmirror.com/packages/mkdirp-classic/0.5.3/mkdirp-classic-0.5.3.tgz 12095ms (cache miss)
2322 timing reifyNode:node_modules/netlify-cli/node_modules/mkdirp-classic Completed in 12452ms
2323 http fetch GET 200 https://cdn.npmmirror.com/packages/micro-api-client/3.3.0/micro-api-client-3.3.0.tgz 12168ms (cache miss)
2324 timing reifyNode:node_modules/netlify-cli/node_modules/micro-api-client Completed in 12528ms
2325 http fetch GET 200 https://cdn.npmmirror.com/packages/mime-db/1.51.0/mime-db-1.51.0.tgz 12185ms (cache miss)
2326 timing reifyNode:node_modules/netlify-cli/node_modules/mime-db Completed in 12545ms
2327 http fetch GET 200 https://cdn.npmmirror.com/packages/methods/1.1.2/methods-1.1.2.tgz 12243ms (cache miss)
2328 http fetch GET 200 https://cdn.npmmirror.com/packages/micromatch/4.0.8/micromatch-4.0.8.tgz 12245ms (cache miss)
2329 timing reifyNode:node_modules/netlify-cli/node_modules/micromatch Completed in 12605ms
2330 timing reifyNode:node_modules/netlify-cli/node_modules/methods Completed in 12606ms
2331 http fetch GET 200 https://cdn.npmmirror.com/packages/moize/6.1.3/moize-6.1.3.tgz 12262ms (cache miss)
2332 timing reifyNode:node_modules/netlify-cli/node_modules/moize Completed in 12620ms
2333 http fetch GET 200 https://cdn.npmmirror.com/packages/merge2/1.4.1/merge2-1.4.1.tgz 12273ms (cache miss)
2334 timing reifyNode:node_modules/netlify-cli/node_modules/merge2 Completed in 12635ms
2335 http fetch GET 200 https://cdn.npmmirror.com/packages/netlify/13.2.0/netlify-13.2.0.tgz 12307ms (cache miss)
2336 timing reifyNode:node_modules/netlify-cli/node_modules/netlify Completed in 12657ms
2337 http fetch GET 200 https://cdn.npmmirror.com/packages/merge-descriptors/1.0.3/merge-descriptors-1.0.3.tgz 12337ms (cache miss)
2338 timing reifyNode:node_modules/netlify-cli/node_modules/merge-descriptors Completed in 12699ms
2339 http fetch GET 200 https://cdn.npmmirror.com/packages/merge-options/3.0.4/merge-options-3.0.4.tgz 12367ms (cache miss)
2340 timing reifyNode:node_modules/netlify-cli/node_modules/merge-options Completed in 12733ms
2341 http fetch GET 200 https://cdn.npmmirror.com/packages/micro-memoize/4.0.11/micro-memoize-4.0.11.tgz 12393ms (cache miss)
2342 timing reifyNode:node_modules/netlify-cli/node_modules/micro-memoize Completed in 12753ms
2343 http fetch GET 200 https://cdn.npmmirror.com/packages/node-forge/1.3.1/node-forge-1.3.1.tgz 12424ms (cache miss)
2344 timing reifyNode:node_modules/netlify-cli/node_modules/node-forge Completed in 12771ms
2345 http fetch GET 200 https://cdn.npmmirror.com/packages/maxstache-stream/1.0.4/maxstache-stream-1.0.4.tgz 12478ms (cache miss)
2346 timing reifyNode:node_modules/netlify-cli/node_modules/maxstache-stream Completed in 12844ms
2347 http fetch GET 200 https://cdn.npmmirror.com/packages/memoize-one/6.0.0/memoize-one-6.0.0.tgz 12483ms (cache miss)
2348 timing reifyNode:node_modules/netlify-cli/node_modules/memoize-one Completed in 12859ms
2349 http fetch GET 200 https://cdn.npmmirror.com/packages/maxstache/1.0.7/maxstache-1.0.7.tgz 12495ms (cache miss)
2350 timing reifyNode:node_modules/netlify-cli/node_modules/maxstache Completed in 12861ms
2351 http fetch GET 200 https://cdn.npmmirror.com/packages/mime-types/2.1.34/mime-types-2.1.34.tgz 12588ms (cache miss)
2352 timing reifyNode:node_modules/netlify-cli/node_modules/mime-types Completed in 12948ms
2353 http fetch GET 200 https://cdn.npmmirror.com/packages/merge-stream/2.0.0/merge-stream-2.0.0.tgz 12598ms (cache miss)
2354 timing reifyNode:node_modules/netlify-cli/node_modules/merge-stream Completed in 12961ms
2355 http fetch GET 200 https://cdn.npmmirror.com/packages/media-typer/0.3.0/media-typer-0.3.0.tgz 12597ms (cache miss)
2356 timing reifyNode:node_modules/netlify-cli/node_modules/media-typer Completed in 12964ms
2357 http fetch GET 200 https://cdn.npmmirror.com/packages/mime/1.6.0/mime-1.6.0.tgz 12680ms (cache miss)
2358 timing reifyNode:node_modules/netlify-cli/node_modules/mime Completed in 13040ms
2359 http fetch GET 200 https://cdn.npmmirror.com/packages/make-error/1.3.6/make-error-1.3.6.tgz 12712ms (cache miss)
2360 timing reifyNode:node_modules/netlify-cli/node_modules/make-error Completed in 13079ms
2361 http fetch GET 200 https://cdn.npmmirror.com/packages/lowercase-keys/3.0.0/lowercase-keys-3.0.0.tgz 12752ms (cache miss)
2362 http fetch GET 200 https://cdn.npmmirror.com/packages/lru-cache/6.0.0/lru-cache-6.0.0.tgz 12753ms (cache miss)
2363 timing reifyNode:node_modules/netlify-cli/node_modules/lowercase-keys Completed in 13120ms
2364 timing reifyNode:node_modules/netlify-cli/node_modules/lru-cache Completed in 13120ms
2365 http fetch GET 200 https://cdn.npmmirror.com/packages/log-update/6.1.0/log-update-6.1.0.tgz 12845ms (cache miss)
2366 timing reifyNode:node_modules/netlify-cli/node_modules/log-update Completed in 13216ms
2367 http fetch GET 200 https://cdn.npmmirror.com/packages/macos-release/3.0.1/macos-release-3.0.1.tgz 12874ms (cache miss)
2368 timing reifyNode:node_modules/netlify-cli/node_modules/macos-release Completed in 13242ms
2369 http fetch GET 200 https://cdn.npmmirror.com/packages/make-dir/3.1.0/make-dir-3.1.0.tgz 12882ms (cache miss)
2370 timing reifyNode:node_modules/netlify-cli/node_modules/make-dir Completed in 13253ms
2371 http fetch GET 200 https://cdn.npmmirror.com/packages/lodash.transform/4.6.0/lodash.transform-4.6.0.tgz 12991ms (cache miss)
2372 timing reifyNode:node_modules/netlify-cli/node_modules/lodash.transform Completed in 13361ms
2373 http fetch GET 200 https://cdn.npmmirror.com/packages/module-definition/5.0.1/module-definition-5.0.1.tgz 13038ms (cache miss)
2374 timing reifyNode:node_modules/netlify-cli/node_modules/module-definition Completed in 13396ms
2375 http fetch GET 200 https://cdn.npmmirror.com/packages/rxjs/6.6.7/rxjs-6.6.7.tgz 13143ms (cache miss)
2376 timing reifyNode:node_modules/netlify-cli/node_modules/rxjs Completed in 13450ms
2377 http fetch GET 200 https://cdn.npmmirror.com/packages/mdn-data/2.0.30/mdn-data-2.0.30.tgz 13132ms (cache miss)
2378 timing reifyNode:node_modules/netlify-cli/node_modules/mdn-data Completed in 13499ms
2379 http fetch GET 200 https://cdn.npmmirror.com/packages/log-process-errors/8.0.0/log-process-errors-8.0.0.tgz 13135ms (cache miss)
2380 timing reifyNode:node_modules/netlify-cli/node_modules/log-process-errors Completed in 13504ms
2381 http fetch GET 200 https://cdn.npmmirror.com/packages/lodash.isinteger/4.0.4/lodash.isinteger-4.0.4.tgz 13171ms (cache miss)
2382 timing reifyNode:node_modules/netlify-cli/node_modules/lodash.isinteger Completed in 13541ms
2383 http fetch GET 200 https://cdn.npmmirror.com/packages/log-symbols/6.0.0/log-symbols-6.0.0.tgz 13175ms (cache miss)
2384 timing reifyNode:node_modules/netlify-cli/node_modules/log-symbols Completed in 13545ms
2385 http fetch GET 200 https://cdn.npmmirror.com/packages/lodash.isplainobject/4.0.6/lodash.isplainobject-4.0.6.tgz 13196ms (cache miss)
2386 timing reifyNode:node_modules/netlify-cli/node_modules/lodash.isplainobject Completed in 13566ms
2387 http fetch GET 200 https://cdn.npmmirror.com/packages/lodash.isboolean/3.0.3/lodash.isboolean-3.0.3.tgz 13223ms (cache miss)
2388 timing reifyNode:node_modules/netlify-cli/node_modules/lodash.isboolean Completed in 13594ms
2389 http fetch GET 200 https://cdn.npmmirror.com/packages/lodash.isstring/4.0.1/lodash.isstring-4.0.1.tgz 13239ms (cache miss)
2390 timing reifyNode:node_modules/netlify-cli/node_modules/lodash.isstring Completed in 13610ms
2391 http fetch GET 200 https://cdn.npmmirror.com/packages/lodash.deburr/4.1.0/lodash.deburr-4.1.0.tgz 13352ms (cache miss)
2392 timing reifyNode:node_modules/netlify-cli/node_modules/lodash.deburr Completed in 13723ms
2393 http fetch GET 200 https://cdn.npmmirror.com/packages/lodash.isarguments/3.1.0/lodash.isarguments-3.1.0.tgz 13371ms (cache miss)
2394 timing reifyNode:node_modules/netlify-cli/node_modules/lodash.isarguments Completed in 13743ms
2395 http fetch GET 200 https://cdn.npmmirror.com/packages/logform/2.4.0/logform-2.4.0.tgz 13378ms (cache miss)
2396 timing reifyNode:node_modules/netlify-cli/node_modules/logform Completed in 13746ms
2397 http fetch GET 200 https://cdn.npmmirror.com/packages/lodash.isnumber/3.0.3/lodash.isnumber-3.0.3.tgz 13389ms (cache miss)
2398 timing reifyNode:node_modules/netlify-cli/node_modules/lodash.isnumber Completed in 13758ms
2399 http fetch GET 200 https://cdn.npmmirror.com/packages/lodash.includes/4.3.0/lodash.includes-4.3.0.tgz 13451ms (cache miss)
2400 timing reifyNode:node_modules/netlify-cli/node_modules/lodash.includes Completed in 13824ms
2401 http fetch GET 200 https://cdn.npmmirror.com/packages/lodash.isempty/4.4.0/lodash.isempty-4.4.0.tgz 13527ms (cache miss)
2402 timing reifyNode:node_modules/netlify-cli/node_modules/lodash.isempty Completed in 13897ms
2403 http fetch GET 200 https://cdn.npmmirror.com/packages/netlify-redirector/0.5.0/netlify-redirector-0.5.0.tgz 13633ms (cache miss)
2404 timing reifyNode:node_modules/netlify-cli/node_modules/netlify-redirector Completed in 13986ms
2405 http fetch GET 200 https://cdn.npmmirror.com/packages/lines-and-columns/1.2.4/lines-and-columns-1.2.4.tgz 13655ms (cache miss)
2406 timing reifyNode:node_modules/netlify-cli/node_modules/lines-and-columns Completed in 14032ms
2407 http fetch GET 200 https://cdn.npmmirror.com/packages/lodash.once/4.1.1/lodash.once-4.1.1.tgz 13717ms (cache miss)
2408 timing reifyNode:node_modules/netlify-cli/node_modules/lodash.once Completed in 14097ms
2409 http fetch GET 200 https://cdn.npmmirror.com/packages/locate-path/7.2.0/locate-path-7.2.0.tgz 13728ms (cache miss)
2410 timing reifyNode:node_modules/netlify-cli/node_modules/locate-path Completed in 14107ms
2411 http fetch GET 200 https://cdn.npmmirror.com/packages/leven/3.1.0/leven-3.1.0.tgz 13748ms (cache miss)
2412 timing reifyNode:node_modules/netlify-cli/node_modules/leven Completed in 14125ms
2413 http fetch GET 200 https://cdn.npmmirror.com/packages/latest-version/9.0.0/latest-version-9.0.0.tgz 13771ms (cache miss)
2414 timing reifyNode:node_modules/netlify-cli/node_modules/latest-version Completed in 14147ms
2415 http fetch GET 200 https://cdn.npmmirror.com/packages/listhen/1.6.0/listhen-1.6.0.tgz 13827ms (cache miss)
2416 timing reifyNode:node_modules/netlify-cli/node_modules/listhen Completed in 14203ms
2417 http fetch GET 200 https://cdn.npmmirror.com/packages/lambda-local/2.2.0/lambda-local-2.2.0.tgz 13887ms (cache miss)
2418 timing reifyNode:node_modules/netlify-cli/node_modules/lambda-local Completed in 14265ms
2419 http fetch GET 200 https://cdn.npmmirror.com/packages/kuler/2.0.0/kuler-2.0.0.tgz 13903ms (cache miss)
2420 http fetch GET 200 https://cdn.npmmirror.com/packages/lodash.defaults/4.2.0/lodash.defaults-4.2.0.tgz 13911ms (cache miss)
2421 timing reifyNode:node_modules/netlify-cli/node_modules/lodash.defaults Completed in 14283ms
2422 timing reifyNode:node_modules/netlify-cli/node_modules/kuler Completed in 14285ms
2423 http fetch GET 200 https://cdn.npmmirror.com/packages/md5-hex/3.0.1/md5-hex-3.0.1.tgz 13927ms (cache miss)
2424 timing reifyNode:node_modules/netlify-cli/node_modules/md5-hex Completed in 14294ms
2425 http fetch GET 200 https://cdn.npmmirror.com/packages/light-my-request/5.14.0/light-my-request-5.14.0.tgz 14013ms (cache miss)
2426 timing reifyNode:node_modules/netlify-cli/node_modules/light-my-request Completed in 14391ms
2427 http fetch GET 200 https://cdn.npmmirror.com/packages/keyv/4.5.4/keyv-4.5.4.tgz 14082ms (cache miss)
2428 timing reifyNode:node_modules/netlify-cli/node_modules/keyv Completed in 14459ms
2429 http fetch GET 200 https://cdn.npmmirror.com/packages/kind-of/6.0.3/kind-of-6.0.3.tgz 14131ms (cache miss)
2430 timing reifyNode:node_modules/netlify-cli/node_modules/kind-of Completed in 14509ms
2431 http fetch GET 200 https://cdn.npmmirror.com/packages/lodash-es/4.17.21/lodash-es-4.17.21.tgz 14141ms (cache miss)
2432 timing reifyNode:node_modules/netlify-cli/node_modules/lodash-es Completed in 14514ms
2433 http fetch GET 200 https://cdn.npmmirror.com/packages/jws/3.2.2/jws-3.2.2.tgz 14219ms (cache miss)
2434 timing reifyNode:node_modules/netlify-cli/node_modules/jws Completed in 14604ms
2435 http fetch GET 200 https://cdn.npmmirror.com/packages/jwa/1.4.1/jwa-1.4.1.tgz 14232ms (cache miss)
2436 timing reifyNode:node_modules/netlify-cli/node_modules/jwa Completed in 14611ms
2437 http fetch GET 200 https://cdn.npmmirror.com/packages/junk/4.0.1/junk-4.0.1.tgz 14249ms (cache miss)
2438 timing reifyNode:node_modules/netlify-cli/node_modules/junk Completed in 14629ms
2439 http fetch GET 200 https://cdn.npmmirror.com/packages/ky/1.7.2/ky-1.7.2.tgz 14267ms (cache miss)
2440 timing reifyNode:node_modules/netlify-cli/node_modules/ky Completed in 14644ms
2441 http fetch GET 200 https://cdn.npmmirror.com/packages/keep-func-props/4.0.1/keep-func-props-4.0.1.tgz 14280ms (cache miss)
2442 timing reifyNode:node_modules/netlify-cli/node_modules/keep-func-props Completed in 14660ms
2443 http fetch GET 200 https://cdn.npmmirror.com/packages/lazystream/1.0.1/lazystream-1.0.1.tgz 14301ms (cache miss)
2444 timing reifyNode:node_modules/netlify-cli/node_modules/lazystream Completed in 14688ms
2445 http fetch GET 200 https://cdn.npmmirror.com/packages/json-parse-even-better-errors/2.3.1/json-parse-even-better-errors-2.3.1.tgz 14367ms (cache miss)
2446 timing reifyNode:node_modules/netlify-cli/node_modules/json-parse-even-better-errors Completed in 14749ms
2447 http fetch GET 200 https://cdn.npmmirror.com/packages/jsonwebtoken/9.0.2/jsonwebtoken-9.0.2.tgz 14373ms (cache miss)
2448 timing reifyNode:node_modules/netlify-cli/node_modules/jsonwebtoken Completed in 14752ms
2449 http fetch GET 200 https://cdn.npmmirror.com/packages/json-schema-traverse/0.4.1/json-schema-traverse-0.4.1.tgz 14435ms (cache miss)
2450 timing reifyNode:node_modules/netlify-cli/node_modules/json-schema-traverse Completed in 14817ms
2451 http fetch GET 200 https://cdn.npmmirror.com/packages/json-schema-ref-resolver/1.0.1/json-schema-ref-resolver-1.0.1.tgz 14442ms (cache miss)
2452 timing reifyNode:node_modules/netlify-cli/node_modules/json-schema-ref-resolver Completed in 14845ms
2453 http fetch GET 200 https://cdn.npmmirror.com/packages/jsonc-parser/3.2.0/jsonc-parser-3.2.0.tgz 14471ms (cache miss)
2454 timing reifyNode:node_modules/netlify-cli/node_modules/jsonc-parser Completed in 14852ms
2455 http fetch GET 200 https://cdn.npmmirror.com/packages/js-tokens/4.0.0/js-tokens-4.0.0.tgz 14481ms (cache miss)
2456 timing reifyNode:node_modules/netlify-cli/node_modules/js-tokens Completed in 14865ms
2457 http fetch GET 200 https://cdn.npmmirror.com/packages/js-string-escape/1.0.1/js-string-escape-1.0.1.tgz 14528ms (cache miss)
2458 timing reifyNode:node_modules/netlify-cli/node_modules/js-string-escape Completed in 14912ms
2459 http fetch GET 200 https://cdn.npmmirror.com/packages/jwt-decode/4.0.0/jwt-decode-4.0.0.tgz 14611ms (cache miss)
2460 timing reifyNode:node_modules/netlify-cli/node_modules/jwt-decode Completed in 14990ms
2461 http fetch GET 200 https://cdn.npmmirror.com/packages/listr2/8.2.5/listr2-8.2.5.tgz 14620ms (cache miss)
2462 timing reifyNode:node_modules/netlify-cli/node_modules/listr2 Completed in 14993ms
2463 http fetch GET 200 https://cdn.npmmirror.com/packages/jsonpointer/5.0.1/jsonpointer-5.0.1.tgz 14723ms (cache miss)
2464 timing reifyNode:node_modules/netlify-cli/node_modules/jsonpointer Completed in 15105ms
2465 http fetch GET 200 https://cdn.npmmirror.com/packages/lodash/4.17.21/lodash-4.17.21.tgz 14766ms (cache miss)
2466 timing reifyNode:node_modules/netlify-cli/node_modules/lodash Completed in 15139ms
2467 http fetch GET 200 https://cdn.npmmirror.com/packages/jest-validate/27.5.1/jest-validate-27.5.1.tgz 14778ms (cache miss)
2468 timing reifyNode:node_modules/netlify-cli/node_modules/jest-validate Completed in 15162ms
2469 http fetch GET 200 https://cdn.npmmirror.com/packages/jest-get-type/27.5.1/jest-get-type-27.5.1.tgz 14795ms (cache miss)
2470 timing reifyNode:node_modules/netlify-cli/node_modules/jest-get-type Completed in 15186ms
2471 http fetch GET 200 https://cdn.npmmirror.com/packages/iserror/0.0.2/iserror-0.0.2.tgz 14834ms (cache miss)
2472 timing reifyNode:node_modules/netlify-cli/node_modules/iserror Completed in 15225ms
2473 http fetch GET 200 https://cdn.npmmirror.com/packages/jackspeak/2.3.6/jackspeak-2.3.6.tgz 14866ms (cache miss)
2474 timing reifyNode:node_modules/netlify-cli/node_modules/jackspeak Completed in 15250ms
2475 http fetch GET 200 https://cdn.npmmirror.com/packages/is-url-superb/4.0.0/is-url-superb-4.0.0.tgz 14866ms (cache miss)
2476 timing reifyNode:node_modules/netlify-cli/node_modules/is-url-superb Completed in 15259ms
2477 http fetch GET 200 https://cdn.npmmirror.com/packages/is-wsl/3.1.0/is-wsl-3.1.0.tgz 14910ms (cache miss)
2478 timing reifyNode:node_modules/netlify-cli/node_modules/is-wsl Completed in 15303ms
2479 http fetch GET 200 https://cdn.npmmirror.com/packages/is64bit/2.0.0/is64bit-2.0.0.tgz 14916ms (cache miss)
2480 timing reifyNode:node_modules/netlify-cli/node_modules/is64bit Completed in 15311ms
2481 http fetch GET 200 https://cdn.npmmirror.com/packages/json-buffer/3.0.1/json-buffer-3.0.1.tgz 14970ms (cache miss)
2482 timing reifyNode:node_modules/netlify-cli/node_modules/json-buffer Completed in 15355ms
2483 http fetch GET 200 https://cdn.npmmirror.com/packages/isarray/1.0.0/isarray-1.0.0.tgz 14998ms (cache miss)
2484 timing reifyNode:node_modules/netlify-cli/node_modules/isarray Completed in 15392ms
2485 http fetch GET 200 https://cdn.npmmirror.com/packages/is-typedarray/1.0.0/is-typedarray-1.0.0.tgz 15158ms (cache miss)
2486 timing reifyNode:node_modules/netlify-cli/node_modules/is-typedarray Completed in 15552ms
2487 http fetch GET 200 https://cdn.npmmirror.com/packages/js-yaml/4.1.0/js-yaml-4.1.0.tgz 15182ms (cache miss)
2488 timing reifyNode:node_modules/netlify-cli/node_modules/js-yaml Completed in 15566ms
2489 http fetch GET 200 https://cdn.npmmirror.com/packages/is-unicode-supported/1.3.0/is-unicode-supported-1.3.0.tgz 15177ms (cache miss)
2490 timing reifyNode:node_modules/netlify-cli/node_modules/is-unicode-supported Completed in 15571ms
2491 http fetch GET 200 https://cdn.npmmirror.com/packages/is-path-inside/4.0.0/is-path-inside-4.0.0.tgz 15197ms (cache miss)
2492 timing reifyNode:node_modules/netlify-cli/node_modules/is-path-inside Completed in 15592ms
2493 http fetch GET 200 https://cdn.npmmirror.com/packages/is-plain-obj/4.1.0/is-plain-obj-4.1.0.tgz 15206ms (cache miss)
2494 timing reifyNode:node_modules/netlify-cli/node_modules/is-plain-obj Completed in 15601ms
2495 http fetch GET 200 https://cdn.npmmirror.com/packages/isexe/3.1.1/isexe-3.1.1.tgz 15287ms (cache miss)
2496 timing reifyNode:node_modules/netlify-cli/node_modules/isexe Completed in 15679ms
2497 http fetch GET 200 https://cdn.npmmirror.com/packages/is-url/1.2.4/is-url-1.2.4.tgz 15318ms (cache miss)
2498 timing reifyNode:node_modules/netlify-cli/node_modules/is-url Completed in 15712ms
2499 http fetch GET 200 https://cdn.npmmirror.com/packages/is-interactive/2.0.0/is-interactive-2.0.0.tgz 15370ms (cache miss)
2500 timing reifyNode:node_modules/netlify-cli/node_modules/is-interactive Completed in 15767ms
2501 http fetch GET 200 https://cdn.npmmirror.com/packages/is-stream/4.0.1/is-stream-4.0.1.tgz 15406ms (cache miss)
2502 timing reifyNode:node_modules/netlify-cli/node_modules/is-stream Completed in 15800ms
2503 http fetch GET 200 https://cdn.npmmirror.com/packages/is-inside-container/1.0.0/is-inside-container-1.0.0.tgz 15410ms (cache miss)
2504 timing reifyNode:node_modules/netlify-cli/node_modules/is-inside-container Completed in 15808ms
2505 http fetch GET 200 https://cdn.npmmirror.com/packages/is-extglob/2.1.1/is-extglob-2.1.1.tgz 15456ms (cache miss)
2506 timing reifyNode:node_modules/netlify-cli/node_modules/is-extglob Completed in 15854ms
2507 http fetch GET 200 https://cdn.npmmirror.com/packages/is-installed-globally/1.0.0/is-installed-globally-1.0.0.tgz 15463ms (cache miss)
2508 timing reifyNode:node_modules/netlify-cli/node_modules/is-installed-globally Completed in 15860ms
2509 http fetch GET 200 https://cdn.npmmirror.com/packages/is-number/7.0.0/is-number-7.0.0.tgz 15606ms (cache miss)
2510 timing reifyNode:node_modules/netlify-cli/node_modules/is-number Completed in 16000ms
2511 http fetch GET 200 https://cdn.npmmirror.com/packages/is-fullwidth-code-point/4.0.0/is-fullwidth-code-point-4.0.0.tgz 15604ms (cache miss)
2512 timing reifyNode:node_modules/netlify-cli/node_modules/is-fullwidth-code-point Completed in 16003ms
2513 http fetch GET 200 https://cdn.npmmirror.com/packages/is-obj/2.0.0/is-obj-2.0.0.tgz 15608ms (cache miss)
2514 timing reifyNode:node_modules/netlify-cli/node_modules/is-obj Completed in 16003ms
2515 http fetch GET 200 https://cdn.npmmirror.com/packages/is-glob/4.0.3/is-glob-4.0.3.tgz 15629ms (cache miss)
2516 timing reifyNode:node_modules/netlify-cli/node_modules/is-glob Completed in 16028ms
2517 http fetch GET 200 https://cdn.npmmirror.com/packages/is-binary-path/2.1.0/is-binary-path-2.1.0.tgz 15648ms (cache miss)
2518 timing reifyNode:node_modules/netlify-cli/node_modules/is-binary-path Completed in 16046ms
2519 http fetch GET 200 https://cdn.npmmirror.com/packages/is-in-ci/1.0.0/is-in-ci-1.0.0.tgz 15753ms (cache miss)
2520 timing reifyNode:node_modules/netlify-cli/node_modules/is-in-ci Completed in 16150ms
2521 http fetch GET 200 https://cdn.npmmirror.com/packages/is-core-module/2.13.0/is-core-module-2.13.0.tgz 15765ms (cache miss)
2522 timing reifyNode:node_modules/netlify-cli/node_modules/is-core-module Completed in 16168ms
2523 http fetch GET 200 https://cdn.npmmirror.com/packages/is-builtin-module/3.1.0/is-builtin-module-3.1.0.tgz 15821ms (cache miss)
2524 timing reifyNode:node_modules/netlify-cli/node_modules/is-builtin-module Completed in 16220ms
2525 http fetch GET 200 https://cdn.npmmirror.com/packages/iron-webcrypto/1.0.0/iron-webcrypto-1.0.0.tgz 15864ms (cache miss)
2526 timing reifyNode:node_modules/netlify-cli/node_modules/iron-webcrypto Completed in 16269ms
2527 http fetch GET 200 https://cdn.npmmirror.com/packages/is-npm/6.0.0/is-npm-6.0.0.tgz 15902ms (cache miss)
2528 timing reifyNode:node_modules/netlify-cli/node_modules/is-npm Completed in 16303ms
2529 http fetch GET 200 https://cdn.npmmirror.com/packages/is-docker/3.0.0/is-docker-3.0.0.tgz 15941ms (cache miss)
2530 timing reifyNode:node_modules/netlify-cli/node_modules/is-docker Completed in 16339ms
2531 http fetch GET 200 https://cdn.npmmirror.com/packages/ipx/2.1.0/ipx-2.1.0.tgz 15951ms (cache miss)
2532 timing reifyNode:node_modules/netlify-cli/node_modules/ipx Completed in 16351ms
2533 http fetch GET 200 https://cdn.npmmirror.com/packages/jiti/1.21.0/jiti-1.21.0.tgz 15974ms (cache miss)
2534 timing reifyNode:node_modules/netlify-cli/node_modules/jiti Completed in 16358ms
2535 http fetch GET 200 https://cdn.npmmirror.com/packages/ipaddr.js/1.9.1/ipaddr.js-1.9.1.tgz 16028ms (cache miss)
2536 timing reifyNode:node_modules/netlify-cli/node_modules/ipaddr.js Completed in 16431ms
2537 http fetch GET 200 https://cdn.npmmirror.com/packages/inquirer-autocomplete-prompt/1.4.0/inquirer-autocomplete-prompt-1.4.0.tgz 16069ms (cache miss)
2538 timing reifyNode:node_modules/netlify-cli/node_modules/inquirer-autocomplete-prompt Completed in 16472ms
2539 http fetch GET 200 https://cdn.npmmirror.com/packages/luxon/3.2.1/luxon-3.2.1.tgz 16205ms (cache miss)
2540 timing reifyNode:node_modules/netlify-cli/node_modules/luxon Completed in 16573ms
2541 http fetch GET 200 https://cdn.npmmirror.com/packages/image-meta/0.2.0/image-meta-0.2.0.tgz 16176ms (cache miss)
2542 timing reifyNode:node_modules/netlify-cli/node_modules/image-meta Completed in 16578ms
2543 http fetch GET 200 https://cdn.npmmirror.com/packages/imurmurhash/0.1.4/imurmurhash-0.1.4.tgz 16177ms (cache miss)
2544 timing reifyNode:node_modules/netlify-cli/node_modules/imurmurhash Completed in 16580ms
2545 http fetch GET 200 https://cdn.npmmirror.com/packages/index-to-position/0.1.2/index-to-position-0.1.2.tgz 16211ms (cache miss)
2546 timing reifyNode:node_modules/netlify-cli/node_modules/index-to-position Completed in 16615ms
2547 http fetch GET 200 https://cdn.npmmirror.com/packages/ignore/5.2.4/ignore-5.2.4.tgz 16386ms (cache miss)
2548 timing reifyNode:node_modules/netlify-cli/node_modules/ignore Completed in 16789ms
2549 http fetch GET 200 https://cdn.npmmirror.com/packages/human-signals/2.1.0/human-signals-2.1.0.tgz 16418ms (cache miss)
2550 timing reifyNode:node_modules/netlify-cli/node_modules/human-signals Completed in 16821ms
2551 http fetch GET 200 https://cdn.npmmirror.com/packages/http2-wrapper/2.2.1/http2-wrapper-2.2.1.tgz 16489ms (cache miss)
2552 timing reifyNode:node_modules/netlify-cli/node_modules/http2-wrapper Completed in 16892ms
2553 http fetch GET 200 https://cdn.npmmirror.com/packages/http-shutdown/1.2.2/http-shutdown-1.2.2.tgz 16514ms (cache miss)
2554 timing reifyNode:node_modules/netlify-cli/node_modules/http-shutdown Completed in 16920ms
2555 http fetch GET 200 https://cdn.npmmirror.com/packages/is-arrayish/0.2.1/is-arrayish-0.2.1.tgz 16545ms (cache miss)
2556 timing reifyNode:node_modules/netlify-cli/node_modules/is-arrayish Completed in 16949ms
2557 http fetch GET 200 https://cdn.npmmirror.com/packages/inspect-with-kind/1.0.5/inspect-with-kind-1.0.5.tgz 16573ms (cache miss)
2558 timing reifyNode:node_modules/netlify-cli/node_modules/inspect-with-kind Completed in 16976ms
2559 http fetch GET 200 https://cdn.npmmirror.com/packages/inquirer/6.5.2/inquirer-6.5.2.tgz 16666ms (cache miss)
2560 timing reifyNode:node_modules/netlify-cli/node_modules/inquirer Completed in 17069ms
2561 http fetch GET 200 https://cdn.npmmirror.com/packages/https-proxy-agent/7.0.5/https-proxy-agent-7.0.5.tgz 16672ms (cache miss)
2562 timing reifyNode:node_modules/netlify-cli/node_modules/https-proxy-agent Completed in 17077ms
2563 http fetch GET 200 https://cdn.npmmirror.com/packages/inherits/2.0.4/inherits-2.0.4.tgz 16749ms (cache miss)
2564 timing reifyNode:node_modules/netlify-cli/node_modules/inherits Completed in 17151ms
2565 http fetch GET 200 https://cdn.npmmirror.com/packages/ioredis/5.3.2/ioredis-5.3.2.tgz 16764ms (cache miss)
2566 timing reifyNode:node_modules/netlify-cli/node_modules/ioredis Completed in 17164ms
2567 http fetch GET 200 https://cdn.npmmirror.com/packages/http-proxy-middleware/2.0.7/http-proxy-middleware-2.0.7.tgz 16817ms (cache miss)
2568 timing reifyNode:node_modules/netlify-cli/node_modules/http-proxy-middleware Completed in 17221ms
2569 http fetch GET 200 https://cdn.npmmirror.com/packages/http-errors/1.8.1/http-errors-1.8.1.tgz 16842ms (cache miss)
2570 timing reifyNode:node_modules/netlify-cli/node_modules/http-errors Completed in 17247ms
2571 http fetch GET 200 https://cdn.npmmirror.com/packages/hosted-git-info/4.1.0/hosted-git-info-4.1.0.tgz 16876ms (cache miss)
2572 timing reifyNode:node_modules/netlify-cli/node_modules/hosted-git-info Completed in 17283ms
2573 http fetch GET 200 https://cdn.npmmirror.com/packages/ieee754/1.2.1/ieee754-1.2.1.tgz 16897ms (cache miss)
2574 timing reifyNode:node_modules/netlify-cli/node_modules/ieee754 Completed in 17301ms
2575 http fetch GET 200 https://cdn.npmmirror.com/packages/http-proxy/1.18.1/http-proxy-1.18.1.tgz 16897ms (cache miss)
2576 timing reifyNode:node_modules/netlify-cli/node_modules/http-proxy Completed in 17301ms
2577 http fetch GET 200 https://cdn.npmmirror.com/packages/has-unicode/2.0.1/has-unicode-2.0.1.tgz 16902ms (cache miss)
2578 timing reifyNode:node_modules/netlify-cli/node_modules/has-unicode Completed in 17307ms
2579 http fetch GET 200 https://cdn.npmmirror.com/packages/inflight/1.0.6/inflight-1.0.6.tgz 16915ms (cache miss)
2580 timing reifyNode:node_modules/netlify-cli/node_modules/inflight Completed in 17318ms
2581 http fetch GET 200 https://cdn.npmmirror.com/packages/iconv-lite/0.4.24/iconv-lite-0.4.24.tgz 16927ms (cache miss)
2582 timing reifyNode:node_modules/netlify-cli/node_modules/iconv-lite Completed in 17332ms
2583 http fetch GET 200 https://cdn.npmmirror.com/packages/hasha/5.2.2/hasha-5.2.2.tgz 16944ms (cache miss)
2584 timing reifyNode:node_modules/netlify-cli/node_modules/hasha Completed in 17351ms
2585 http fetch GET 200 https://cdn.npmmirror.com/packages/has-symbols/1.0.3/has-symbols-1.0.3.tgz 17008ms (cache miss)
2586 timing reifyNode:node_modules/netlify-cli/node_modules/has-symbols Completed in 17427ms
2587 http fetch GET 200 https://cdn.npmmirror.com/packages/has-proto/1.0.3/has-proto-1.0.3.tgz 17021ms (cache miss)
2588 timing reifyNode:node_modules/netlify-cli/node_modules/has-proto Completed in 17434ms
2589 http fetch GET 200 https://cdn.npmmirror.com/packages/hot-shots/10.2.1/hot-shots-10.2.1.tgz 17110ms (cache miss)
2590 timing reifyNode:node_modules/netlify-cli/node_modules/hot-shots Completed in 17518ms
2591 http fetch GET 200 https://cdn.npmmirror.com/packages/has-property-descriptors/1.0.2/has-property-descriptors-1.0.2.tgz 17178ms (cache miss)
2592 timing reifyNode:node_modules/netlify-cli/node_modules/has-property-descriptors Completed in 17587ms
2593 http fetch GET 200 https://cdn.npmmirror.com/packages/has-flag/4.0.0/has-flag-4.0.0.tgz 17252ms (cache miss)
2594 timing reifyNode:node_modules/netlify-cli/node_modules/has-flag Completed in 17661ms
2595 http fetch GET 200 https://cdn.npmmirror.com/packages/hasown/2.0.2/hasown-2.0.2.tgz 17331ms (cache miss)
2596 timing reifyNode:node_modules/netlify-cli/node_modules/hasown Completed in 17746ms
2597 http fetch GET 200 https://cdn.npmmirror.com/packages/http-cache-semantics/4.1.1/http-cache-semantics-4.1.1.tgz 17357ms (cache miss)
2598 timing reifyNode:node_modules/netlify-cli/node_modules/http-cache-semantics Completed in 17763ms
2599 http fetch GET 200 https://cdn.npmmirror.com/packages/global-directory/4.0.1/global-directory-4.0.1.tgz 17437ms (cache miss)
2600 timing reifyNode:node_modules/netlify-cli/node_modules/global-directory Completed in 17849ms
2601 http fetch GET 200 https://cdn.npmmirror.com/packages/gopd/1.0.1/gopd-1.0.1.tgz 17440ms (cache miss)
2602 timing reifyNode:node_modules/netlify-cli/node_modules/gopd Completed in 17851ms
2603 http fetch GET 200 https://cdn.npmmirror.com/packages/globby/11.1.0/globby-11.1.0.tgz 17495ms (cache miss)
2604 timing reifyNode:node_modules/netlify-cli/node_modules/globby Completed in 17906ms
2605 http fetch GET 200 https://cdn.npmmirror.com/packages/glob-parent/5.1.2/glob-parent-5.1.2.tgz 17496ms (cache miss)
2606 timing reifyNode:node_modules/netlify-cli/node_modules/glob-parent Completed in 17909ms
2607 http fetch GET 200 https://cdn.npmmirror.com/packages/glob/7.2.3/glob-7.2.3.tgz 17521ms (cache miss)
2608 timing reifyNode:node_modules/netlify-cli/node_modules/glob Completed in 17932ms
2609 http fetch GET 200 https://cdn.npmmirror.com/packages/has-own-prop/2.0.0/has-own-prop-2.0.0.tgz 17575ms (cache miss)
2610 timing reifyNode:node_modules/netlify-cli/node_modules/has-own-prop Completed in 17985ms
2611 http fetch GET 200 https://cdn.npmmirror.com/packages/got/12.6.1/got-12.6.1.tgz 17600ms (cache miss)
2612 timing reifyNode:node_modules/netlify-cli/node_modules/got Completed in 18010ms
2613 http fetch GET 200 https://cdn.npmmirror.com/packages/git-repo-info/2.1.1/git-repo-info-2.1.1.tgz 17649ms (cache miss)
2614 timing reifyNode:node_modules/netlify-cli/node_modules/git-repo-info Completed in 18062ms
2615 http fetch GET 200 https://cdn.npmmirror.com/packages/gitconfiglocal/2.1.0/gitconfiglocal-2.1.0.tgz 17796ms (cache miss)
2616 timing reifyNode:node_modules/netlify-cli/node_modules/gitconfiglocal Completed in 18210ms
2617 http fetch GET 200 https://cdn.npmmirror.com/packages/has/1.0.3/has-1.0.3.tgz 17826ms (cache miss)
2618 timing reifyNode:node_modules/netlify-cli/node_modules/has Completed in 18238ms
2619 http fetch GET 200 https://cdn.npmmirror.com/packages/github-from-package/0.0.0/github-from-package-0.0.0.tgz 17879ms (cache miss)
2620 timing reifyNode:node_modules/netlify-cli/node_modules/github-from-package Completed in 18292ms
2621 http fetch GET 200 https://cdn.npmmirror.com/packages/get-stream/6.0.1/get-stream-6.0.1.tgz 17893ms (cache miss)
2622 timing reifyNode:node_modules/netlify-cli/node_modules/get-stream Completed in 18308ms
2623 http fetch GET 200 https://cdn.npmmirror.com/packages/get-port/5.1.1/get-port-5.1.1.tgz 17948ms (cache miss)
2624 http fetch GET 200 https://cdn.npmmirror.com/packages/get-east-asian-width/1.2.0/get-east-asian-width-1.2.0.tgz 17949ms (cache miss)
2625 timing reifyNode:node_modules/netlify-cli/node_modules/get-port Completed in 18365ms
2626 timing reifyNode:node_modules/netlify-cli/node_modules/get-east-asian-width Completed in 18368ms
2627 http fetch GET 200 https://cdn.npmmirror.com/packages/get-port-please/3.1.2/get-port-please-3.1.2.tgz 17978ms (cache miss)
2628 timing reifyNode:node_modules/netlify-cli/node_modules/get-port-please Completed in 18398ms
2629 http fetch GET 200 https://cdn.npmmirror.com/packages/get-amd-module-type/5.0.1/get-amd-module-type-5.0.1.tgz 18001ms (cache miss)
2630 timing reifyNode:node_modules/netlify-cli/node_modules/get-amd-module-type Completed in 18416ms
2631 http fetch GET 200 https://cdn.npmmirror.com/packages/get-package-name/2.2.0/get-package-name-2.2.0.tgz 18003ms (cache miss)
2632 timing reifyNode:node_modules/netlify-cli/node_modules/get-package-name Completed in 18419ms
2633 http fetch GET 200 https://cdn.npmmirror.com/packages/global-cache-dir/4.4.0/global-cache-dir-4.4.0.tgz 18007ms (cache miss)
2634 timing reifyNode:node_modules/netlify-cli/node_modules/global-cache-dir Completed in 18421ms
2635 http fetch GET 200 https://cdn.npmmirror.com/packages/get-caller-file/2.0.5/get-caller-file-2.0.5.tgz 18035ms (cache miss)
2636 timing reifyNode:node_modules/netlify-cli/node_modules/get-caller-file Completed in 18452ms
2637 http fetch GET 200 https://cdn.npmmirror.com/packages/function-bind/1.1.2/function-bind-1.1.2.tgz 18136ms (cache miss)
2638 timing reifyNode:node_modules/netlify-cli/node_modules/function-bind Completed in 18560ms
2639 http fetch GET 200 https://cdn.npmmirror.com/packages/gonzales-pe/4.3.0/gonzales-pe-4.3.0.tgz 18198ms (cache miss)
2640 timing reifyNode:node_modules/netlify-cli/node_modules/gonzales-pe Completed in 18613ms
2641 http fetch GET 200 https://cdn.npmmirror.com/packages/graceful-fs/4.2.10/graceful-fs-4.2.10.tgz 18205ms (cache miss)
2642 timing reifyNode:node_modules/netlify-cli/node_modules/graceful-fs Completed in 18618ms
2643 http fetch GET 200 https://cdn.npmmirror.com/packages/get-intrinsic/1.2.4/get-intrinsic-1.2.4.tgz 18203ms (cache miss)
2644 timing reifyNode:node_modules/netlify-cli/node_modules/get-intrinsic Completed in 18620ms
2645 http fetch GET 200 https://cdn.npmmirror.com/packages/fs-constants/1.0.0/fs-constants-1.0.0.tgz 18329ms (cache miss)
2646 timing reifyNode:node_modules/netlify-cli/node_modules/fs-constants Completed in 18747ms
2647 http fetch GET 200 https://cdn.npmmirror.com/packages/from2/2.3.0/from2-2.3.0.tgz 18375ms (cache miss)
2648 timing reifyNode:node_modules/netlify-cli/node_modules/from2 Completed in 18795ms
2649 http fetch GET 200 https://cdn.npmmirror.com/packages/fs-minipass/2.1.0/fs-minipass-2.1.0.tgz 18438ms (cache miss)
2650 timing reifyNode:node_modules/netlify-cli/node_modules/fs-minipass Completed in 18860ms
2651 http fetch GET 200 https://cdn.npmmirror.com/packages/gauge/3.0.2/gauge-3.0.2.tgz 18448ms (cache miss)
2652 timing reifyNode:node_modules/netlify-cli/node_modules/gauge Completed in 18866ms
2653 http fetch GET 200 https://cdn.npmmirror.com/packages/fresh/0.5.2/fresh-0.5.2.tgz 18459ms (cache miss)
2654 timing reifyNode:node_modules/netlify-cli/node_modules/fresh Completed in 18881ms
2655 http fetch GET 200 https://cdn.npmmirror.com/packages/fs.realpath/1.0.0/fs.realpath-1.0.0.tgz 18465ms (cache miss)
2656 timing reifyNode:node_modules/netlify-cli/node_modules/fs.realpath Completed in 18883ms
2657 http fetch GET 200 https://cdn.npmmirror.com/packages/gh-release-fetch/4.0.3/gh-release-fetch-4.0.3.tgz 18482ms (cache miss)
2658 timing reifyNode:node_modules/netlify-cli/node_modules/gh-release-fetch Completed in 18896ms
2659 http fetch GET 200 https://cdn.npmmirror.com/packages/follow-redirects/1.15.6/follow-redirects-1.15.6.tgz 18474ms (cache miss)
2660 timing reifyNode:node_modules/netlify-cli/node_modules/follow-redirects Completed in 18896ms
2661 http fetch GET 200 https://cdn.npmmirror.com/packages/formdata-polyfill/4.0.10/formdata-polyfill-4.0.10.tgz 18489ms (cache miss)
2662 timing reifyNode:node_modules/netlify-cli/node_modules/formdata-polyfill Completed in 18912ms
2663 http fetch GET 200 https://cdn.npmmirror.com/packages/fuzzy/0.1.3/fuzzy-0.1.3.tgz 18500ms (cache miss)
2664 timing reifyNode:node_modules/netlify-cli/node_modules/fuzzy Completed in 18916ms
2665 http fetch GET 200 https://cdn.npmmirror.com/packages/from2-array/0.0.4/from2-array-0.0.4.tgz 18508ms (cache miss)
2666 timing reifyNode:node_modules/netlify-cli/node_modules/from2-array Completed in 18927ms
2667 http fetch GET 200 https://cdn.npmmirror.com/packages/folder-walker/3.2.0/folder-walker-3.2.0.tgz 18505ms (cache miss)
2668 timing reifyNode:node_modules/netlify-cli/node_modules/folder-walker Completed in 18928ms
2669 http fetch GET 200 https://cdn.npmmirror.com/packages/find-up-simple/1.0.0/find-up-simple-1.0.0.tgz 18628ms (cache miss)
2670 timing reifyNode:node_modules/netlify-cli/node_modules/find-up-simple Completed in 19054ms
2671 http fetch GET 200 https://cdn.npmmirror.com/packages/flush-write-stream/2.0.0/flush-write-stream-2.0.0.tgz 18667ms (cache miss)
2672 timing reifyNode:node_modules/netlify-cli/node_modules/flush-write-stream Completed in 19092ms
2673 http fetch GET 200 https://cdn.npmmirror.com/packages/foreground-child/3.1.1/foreground-child-3.1.1.tgz 18740ms (cache miss)
2674 timing reifyNode:node_modules/netlify-cli/node_modules/foreground-child Completed in 19163ms
2675 http fetch GET 200 https://cdn.npmmirror.com/packages/forwarded/0.2.0/forwarded-0.2.0.tgz 18766ms (cache miss)
2676 timing reifyNode:node_modules/netlify-cli/node_modules/forwarded Completed in 19189ms
2677 http fetch GET 200 https://cdn.npmmirror.com/packages/fn.name/1.1.0/fn.name-1.1.0.tgz 18822ms (cache miss)
2678 timing reifyNode:node_modules/netlify-cli/node_modules/fn.name Completed in 19249ms
2679 http fetch GET 200 https://cdn.npmmirror.com/packages/filter-obj/5.1.0/filter-obj-5.1.0.tgz 18865ms (cache miss)
2680 timing reifyNode:node_modules/netlify-cli/node_modules/filter-obj Completed in 19289ms
2681 http fetch GET 200 https://cdn.npmmirror.com/packages/hasbin/1.2.3/hasbin-1.2.3.tgz 18899ms (cache miss)
2682 timing reifyNode:node_modules/netlify-cli/node_modules/hasbin Completed in 19307ms
2683 http fetch GET 200 https://cdn.npmmirror.com/packages/form-data-encoder/2.1.3/form-data-encoder-2.1.3.tgz 18885ms (cache miss)
2684 timing reifyNode:node_modules/netlify-cli/node_modules/form-data-encoder Completed in 19328ms
2685 http fetch GET 200 https://cdn.npmmirror.com/packages/finalhandler/1.3.1/finalhandler-1.3.1.tgz 18986ms (cache miss)
2686 timing reifyNode:node_modules/netlify-cli/node_modules/finalhandler Completed in 19413ms
2687 http fetch GET 200 https://cdn.npmmirror.com/packages/file-uri-to-path/1.0.0/file-uri-to-path-1.0.0.tgz 18991ms (cache miss)
2688 timing reifyNode:node_modules/netlify-cli/node_modules/file-uri-to-path Completed in 19418ms
2689 http fetch GET 200 https://cdn.npmmirror.com/packages/find-up/7.0.0/find-up-7.0.0.tgz 19020ms (cache miss)
2690 timing reifyNode:node_modules/netlify-cli/node_modules/find-up Completed in 19446ms
2691 http fetch GET 200 https://cdn.npmmirror.com/packages/file-type/18.5.0/file-type-18.5.0.tgz 19027ms (cache miss)
2692 timing reifyNode:node_modules/netlify-cli/node_modules/file-type Completed in 19451ms
2693 http fetch GET 200 https://cdn.npmmirror.com/packages/fetch-node-website/7.3.0/fetch-node-website-7.3.0.tgz 19067ms (cache miss)
2694 timing reifyNode:node_modules/netlify-cli/node_modules/fetch-node-website Completed in 19497ms
2695 http fetch GET 200 https://cdn.npmmirror.com/packages/find-my-way/8.2.2/find-my-way-8.2.2.tgz 19084ms (cache miss)
2696 timing reifyNode:node_modules/netlify-cli/node_modules/find-my-way Completed in 19508ms
2697 http fetch GET 200 https://cdn.npmmirror.com/packages/fetch-blob/3.1.4/fetch-blob-3.1.4.tgz 19104ms (cache miss)
2698 timing reifyNode:node_modules/netlify-cli/node_modules/fetch-blob Completed in 19529ms
2699 http fetch GET 200 https://cdn.npmmirror.com/packages/fd-slicer/1.1.0/fd-slicer-1.1.0.tgz 19112ms (cache miss)
2700 timing reifyNode:node_modules/netlify-cli/node_modules/fd-slicer Completed in 19542ms
2701 http fetch GET 200 https://cdn.npmmirror.com/packages/h3/1.10.1/h3-1.10.1.tgz 19150ms (cache miss)
2702 timing reifyNode:node_modules/netlify-cli/node_modules/h3 Completed in 19561ms
2703 http fetch GET 200 https://cdn.npmmirror.com/packages/figures/3.2.0/figures-3.2.0.tgz 19132ms (cache miss)
2704 timing reifyNode:node_modules/netlify-cli/node_modules/figures Completed in 19557ms
2705 http fetch GET 200 https://cdn.npmmirror.com/packages/fecha/4.2.1/fecha-4.2.1.tgz 19170ms (cache miss)
2706 timing reifyNode:node_modules/netlify-cli/node_modules/fecha Completed in 19594ms
2707 http fetch GET 200 https://cdn.npmmirror.com/packages/fastest-levenshtein/1.0.16/fastest-levenshtein-1.0.16.tgz 19259ms (cache miss)
2708 timing reifyNode:node_modules/netlify-cli/node_modules/fastest-levenshtein Completed in 19695ms
2709 http fetch GET 200 https://cdn.npmmirror.com/packages/fastq/1.17.1/fastq-1.17.1.tgz 19361ms (cache miss)
2710 timing reifyNode:node_modules/netlify-cli/node_modules/fastq Completed in 19788ms
2711 http fetch GET 200 https://cdn.npmmirror.com/packages/fastify-plugin/4.4.0/fastify-plugin-4.4.0.tgz 19459ms (cache miss)
2712 timing reifyNode:node_modules/netlify-cli/node_modules/fastify-plugin Completed in 19886ms
2713 http fetch GET 200 https://cdn.npmmirror.com/packages/fill-range/7.1.1/fill-range-7.1.1.tgz 19495ms (cache miss)
2714 timing reifyNode:node_modules/netlify-cli/node_modules/fill-range Completed in 19921ms
2715 http fetch GET 200 https://cdn.npmmirror.com/packages/fast-safe-stringify/2.1.1/fast-safe-stringify-2.1.1.tgz 19498ms (cache miss)
2716 timing reifyNode:node_modules/netlify-cli/node_modules/fast-safe-stringify Completed in 19926ms
2717 http fetch GET 200 https://cdn.npmmirror.com/packages/fast-json-stable-stringify/2.1.0/fast-json-stable-stringify-2.1.0.tgz 19512ms (cache miss)
2718 timing reifyNode:node_modules/netlify-cli/node_modules/fast-json-stable-stringify Completed in 19940ms
2719 http fetch GET 200 https://cdn.npmmirror.com/packages/fast-deep-equal/3.1.3/fast-deep-equal-3.1.3.tgz 19611ms (cache miss)
2720 timing reifyNode:node_modules/netlify-cli/node_modules/fast-deep-equal Completed in 20045ms
2721 http fetch GET 200 https://cdn.npmmirror.com/packages/fast-glob/3.3.2/fast-glob-3.3.2.tgz 19653ms (cache miss)
2722 timing reifyNode:node_modules/netlify-cli/node_modules/fast-glob Completed in 20085ms
2723 http fetch GET 200 https://cdn.npmmirror.com/packages/fast-content-type-parse/1.1.0/fast-content-type-parse-1.1.0.tgz 19785ms (cache miss)
2724 timing reifyNode:node_modules/netlify-cli/node_modules/fast-content-type-parse Completed in 20217ms
2725 http fetch GET 200 https://cdn.npmmirror.com/packages/fast-equals/3.0.3/fast-equals-3.0.3.tgz 19805ms (cache miss)
2726 timing reifyNode:node_modules/netlify-cli/node_modules/fast-equals Completed in 20239ms
2727 http fetch GET 200 https://cdn.npmmirror.com/packages/fast-redact/3.1.2/fast-redact-3.1.2.tgz 19815ms (cache miss)
2728 timing reifyNode:node_modules/netlify-cli/node_modules/fast-redact Completed in 20244ms
2729 http fetch GET 200 https://cdn.npmmirror.com/packages/fast-diff/1.2.0/fast-diff-1.2.0.tgz 19850ms (cache miss)
2730 timing reifyNode:node_modules/netlify-cli/node_modules/fast-diff Completed in 20284ms
2731 http fetch GET 200 https://cdn.npmmirror.com/packages/ext-name/5.0.0/ext-name-5.0.0.tgz 19889ms (cache miss)
2732 timing reifyNode:node_modules/netlify-cli/node_modules/ext-name Completed in 20323ms
2733 http fetch GET 200 https://cdn.npmmirror.com/packages/fast-json-stringify/5.15.1/fast-json-stringify-5.15.1.tgz 19916ms (cache miss)
2734 timing reifyNode:node_modules/netlify-cli/node_modules/fast-json-stringify Completed in 20346ms
2735 http fetch GET 200 https://cdn.npmmirror.com/packages/external-editor/3.1.0/external-editor-3.1.0.tgz 19993ms (cache miss)
2736 timing reifyNode:node_modules/netlify-cli/node_modules/external-editor Completed in 20428ms
2737 http fetch GET 200 https://cdn.npmmirror.com/packages/extract-zip/2.0.1/extract-zip-2.0.1.tgz 20021ms (cache miss)
2738 timing reifyNode:node_modules/netlify-cli/node_modules/extract-zip Completed in 20461ms
2739 http fetch GET 200 https://cdn.npmmirror.com/packages/express-logging/1.1.1/express-logging-1.1.1.tgz 20030ms (cache miss)
2740 http fetch GET 200 https://cdn.npmmirror.com/packages/expand-template/2.0.3/expand-template-2.0.3.tgz 20029ms (cache miss)
2741 timing reifyNode:node_modules/netlify-cli/node_modules/expand-template Completed in 20467ms
2742 timing reifyNode:node_modules/netlify-cli/node_modules/express-logging Completed in 20473ms
2743 http fetch GET 200 https://cdn.npmmirror.com/packages/fast-fifo/1.3.0/fast-fifo-1.3.0.tgz 20074ms (cache miss)
2744 timing reifyNode:node_modules/netlify-cli/node_modules/fast-fifo Completed in 20509ms
2745 http fetch GET 200 https://cdn.npmmirror.com/packages/ext-list/2.2.2/ext-list-2.2.2.tgz 20122ms (cache miss)
2746 timing reifyNode:node_modules/netlify-cli/node_modules/ext-list Completed in 20559ms
2747 http fetch GET 200 https://cdn.npmmirror.com/packages/express/4.21.2/express-4.21.2.tgz 20127ms (cache miss)
2748 timing reifyNode:node_modules/netlify-cli/node_modules/express Completed in 20562ms
2749 http fetch GET 200 https://cdn.npmmirror.com/packages/events/3.3.0/events-3.3.0.tgz 20127ms (cache miss)
2750 timing reifyNode:node_modules/netlify-cli/node_modules/events Completed in 20564ms
2751 http fetch GET 200 https://cdn.npmmirror.com/packages/execa/5.1.1/execa-5.1.1.tgz 20151ms (cache miss)
2752 timing reifyNode:node_modules/netlify-cli/node_modules/execa Completed in 20594ms
2753 http fetch GET 200 https://cdn.npmmirror.com/packages/fast-uri/2.2.0/fast-uri-2.2.0.tgz 20195ms (cache miss)
2754 timing reifyNode:node_modules/netlify-cli/node_modules/fast-uri Completed in 20620ms
2755 http fetch GET 200 https://cdn.npmmirror.com/packages/etag/1.8.1/etag-1.8.1.tgz 20239ms (cache miss)
2756 timing reifyNode:node_modules/netlify-cli/node_modules/etag Completed in 20675ms
2757 http fetch GET 200 https://cdn.npmmirror.com/packages/event-target-shim/5.0.1/event-target-shim-5.0.1.tgz 20257ms (cache miss)
2758 timing reifyNode:node_modules/netlify-cli/node_modules/event-target-shim Completed in 20693ms
2759 http fetch GET 200 https://cdn.npmmirror.com/packages/fast-decode-uri-component/1.0.1/fast-decode-uri-component-1.0.1.tgz 20275ms (cache miss)
2760 timing reifyNode:node_modules/netlify-cli/node_modules/fast-decode-uri-component Completed in 20711ms
2761 http fetch GET 200 https://cdn.npmmirror.com/packages/eventemitter3/4.0.7/eventemitter3-4.0.7.tgz 20334ms (cache miss)
2762 timing reifyNode:node_modules/netlify-cli/node_modules/eventemitter3 Completed in 20779ms
2763 http fetch GET 200 https://cdn.npmmirror.com/packages/esutils/2.0.3/esutils-2.0.3.tgz 20375ms (cache miss)
2764 timing reifyNode:node_modules/netlify-cli/node_modules/esutils Completed in 20821ms
2765 http fetch GET 200 https://cdn.npmmirror.com/packages/escape-html/1.0.3/escape-html-1.0.3.tgz 20384ms (cache miss)
2766 timing reifyNode:node_modules/netlify-cli/node_modules/escape-html Completed in 20822ms
2767 http fetch GET 200 https://cdn.npmmirror.com/packages/fastify/4.28.1/fastify-4.28.1.tgz 20408ms (cache miss)
2768 timing reifyNode:node_modules/netlify-cli/node_modules/fastify Completed in 20836ms
2769 http fetch GET 200 https://cdn.npmmirror.com/packages/esprima/4.0.1/esprima-4.0.1.tgz 20418ms (cache miss)
2770 timing reifyNode:node_modules/netlify-cli/node_modules/esprima Completed in 20856ms
2771 http fetch GET 200 https://cdn.npmmirror.com/packages/estraverse/5.3.0/estraverse-5.3.0.tgz 20419ms (cache miss)
2772 timing reifyNode:node_modules/netlify-cli/node_modules/estraverse Completed in 20858ms
2773 http fetch GET 200 https://cdn.npmmirror.com/packages/estree-walker/2.0.2/estree-walker-2.0.2.tgz 20451ms (cache miss)
2774 timing reifyNode:node_modules/netlify-cli/node_modules/estree-walker Completed in 20889ms
2775 http fetch GET 200 https://cdn.npmmirror.com/packages/escape-goat/4.0.0/escape-goat-4.0.0.tgz 20486ms (cache miss)
2776 timing reifyNode:node_modules/netlify-cli/node_modules/escape-goat Completed in 20926ms
2777 http fetch GET 200 https://cdn.npmmirror.com/packages/es6-promisify/6.1.1/es6-promisify-6.1.1.tgz 20516ms (cache miss)
2778 timing reifyNode:node_modules/netlify-cli/node_modules/es6-promisify Completed in 20954ms
2779 http fetch GET 200 https://cdn.npmmirror.com/packages/escalade/3.1.1/escalade-3.1.1.tgz 20516ms (cache miss)
2780 timing reifyNode:node_modules/netlify-cli/node_modules/escalade Completed in 20955ms
2781 http fetch GET 200 https://cdn.npmmirror.com/packages/escodegen/2.1.0/escodegen-2.1.0.tgz 20536ms (cache miss)
2782 timing reifyNode:node_modules/netlify-cli/node_modules/escodegen Completed in 20975ms
2783 http fetch GET 200 https://cdn.npmmirror.com/packages/esbuild/0.19.11/esbuild-0.19.11.tgz 20587ms (cache miss)
2784 timing reifyNode:node_modules/netlify-cli/node_modules/esbuild Completed in 21025ms
2785 http fetch GET 200 https://cdn.npmmirror.com/packages/es-define-property/1.0.0/es-define-property-1.0.0.tgz 20595ms (cache miss)
2786 timing reifyNode:node_modules/netlify-cli/node_modules/es-define-property Completed in 21037ms
2787 http fetch GET 200 https://cdn.npmmirror.com/packages/environment/1.1.0/environment-1.1.0.tgz 20773ms (cache miss)
2788 timing reifyNode:node_modules/netlify-cli/node_modules/environment Completed in 21218ms
2789 http fetch GET 200 https://cdn.npmmirror.com/packages/es-errors/1.3.0/es-errors-1.3.0.tgz 20793ms (cache miss)
2790 timing reifyNode:node_modules/netlify-cli/node_modules/es-errors Completed in 21237ms
2791 http fetch GET 200 https://cdn.npmmirror.com/packages/envinfo/7.14.0/envinfo-7.14.0.tgz 20842ms (cache miss)
2792 timing reifyNode:node_modules/netlify-cli/node_modules/envinfo Completed in 21285ms
2793 http fetch GET 200 https://cdn.npmmirror.com/packages/end-of-stream/1.4.4/end-of-stream-1.4.4.tgz 20878ms (cache miss)
2794 timing reifyNode:node_modules/netlify-cli/node_modules/end-of-stream Completed in 21323ms
2795 http fetch GET 200 https://cdn.npmmirror.com/packages/es-module-lexer/1.5.3/es-module-lexer-1.5.3.tgz 21024ms (cache miss)
2796 timing reifyNode:node_modules/netlify-cli/node_modules/es-module-lexer Completed in 21463ms
2797 http fetch GET 200 https://cdn.npmmirror.com/packages/enabled/2.0.0/enabled-2.0.0.tgz 21022ms (cache miss)
2798 timing reifyNode:node_modules/netlify-cli/node_modules/enabled Completed in 21468ms
2799 http fetch GET 200 https://cdn.npmmirror.com/packages/entities/4.5.0/entities-4.5.0.tgz 21040ms (cache miss)
2800 timing reifyNode:node_modules/netlify-cli/node_modules/entities Completed in 21484ms
2801 http fetch GET 200 https://cdn.npmmirror.com/packages/ee-first/1.1.1/ee-first-1.1.1.tgz 21051ms (cache miss)
2802 timing reifyNode:node_modules/netlify-cli/node_modules/ee-first Completed in 21499ms
2803 http fetch GET 200 https://cdn.npmmirror.com/packages/ecdsa-sig-formatter/1.0.11/ecdsa-sig-formatter-1.0.11.tgz 21065ms (cache miss)
2804 timing reifyNode:node_modules/netlify-cli/node_modules/ecdsa-sig-formatter Completed in 21512ms
2805 http fetch GET 200 https://cdn.npmmirror.com/packages/error-stack-parser/2.1.4/error-stack-parser-2.1.4.tgz 21148ms (cache miss)
2806 timing reifyNode:node_modules/netlify-cli/node_modules/error-stack-parser Completed in 21592ms
2807 http fetch GET 200 https://cdn.npmmirror.com/packages/fdir/6.0.1/fdir-6.0.1.tgz 21196ms (cache miss)
2808 timing reifyNode:node_modules/netlify-cli/node_modules/fdir Completed in 21624ms
2809 http fetch GET 200 https://cdn.npmmirror.com/packages/domutils/3.1.0/domutils-3.1.0.tgz 21186ms (cache miss)
2810 timing reifyNode:node_modules/netlify-cli/node_modules/domutils Completed in 21633ms
2811 http fetch GET 200 https://cdn.npmmirror.com/packages/error-ex/1.3.2/error-ex-1.3.2.tgz 21228ms (cache miss)
2812 timing reifyNode:node_modules/netlify-cli/node_modules/error-ex Completed in 21676ms
2813 http fetch GET 200 https://cdn.npmmirror.com/packages/domhandler/5.0.3/domhandler-5.0.3.tgz 21244ms (cache miss)
2814 timing reifyNode:node_modules/netlify-cli/node_modules/domhandler Completed in 21690ms
2815 http fetch GET 200 https://cdn.npmmirror.com/packages/env-paths/3.0.0/env-paths-3.0.0.tgz 21259ms (cache miss)
2816 timing reifyNode:node_modules/netlify-cli/node_modules/env-paths Completed in 21705ms
2817 http fetch GET 200 https://cdn.npmmirror.com/packages/domelementtype/2.3.0/domelementtype-2.3.0.tgz 21297ms (cache miss)
2818 timing reifyNode:node_modules/netlify-cli/node_modules/domelementtype Completed in 21746ms
2819 http fetch GET 200 https://cdn.npmmirror.com/packages/dom-serializer/2.0.0/dom-serializer-2.0.0.tgz 21323ms (cache miss)
2820 timing reifyNode:node_modules/netlify-cli/node_modules/dom-serializer Completed in 21771ms
2821 http fetch GET 200 https://cdn.npmmirror.com/packages/dot-prop/9.0.0/dot-prop-9.0.0.tgz 21349ms (cache miss)
2822 timing reifyNode:node_modules/netlify-cli/node_modules/dot-prop Completed in 21798ms
2823 http fetch GET 200 https://cdn.npmmirror.com/packages/dotenv/16.4.7/dotenv-16.4.7.tgz 21353ms (cache miss)
2824 timing reifyNode:node_modules/netlify-cli/node_modules/dotenv Completed in 21800ms
2825 http fetch GET 200 https://cdn.npmmirror.com/packages/emoji-regex/8.0.0/emoji-regex-8.0.0.tgz 21372ms (cache miss)
2826 timing reifyNode:node_modules/netlify-cli/node_modules/emoji-regex Completed in 21823ms
2827 http fetch GET 200 https://cdn.npmmirror.com/packages/detective-typescript/11.2.0/detective-typescript-11.2.0.tgz 21401ms (cache miss)
2828 timing reifyNode:node_modules/netlify-cli/node_modules/detective-typescript Completed in 21849ms
2829 http fetch GET 200 https://cdn.npmmirror.com/packages/dir-glob/3.0.1/dir-glob-3.0.1.tgz 21485ms (cache miss)
2830 timing reifyNode:node_modules/netlify-cli/node_modules/dir-glob Completed in 21934ms
2831 http fetch GET 200 https://cdn.npmmirror.com/packages/eastasianwidth/0.2.0/eastasianwidth-0.2.0.tgz 21491ms (cache miss)
2832 timing reifyNode:node_modules/netlify-cli/node_modules/eastasianwidth Completed in 21937ms
2833 http fetch GET 200 https://cdn.npmmirror.com/packages/detective-stylus/4.0.0/detective-stylus-4.0.0.tgz 21516ms (cache miss)
2834 timing reifyNode:node_modules/netlify-cli/node_modules/detective-stylus Completed in 21965ms
2835 http fetch GET 200 https://cdn.npmmirror.com/packages/detective-postcss/6.1.3/detective-postcss-6.1.3.tgz 21520ms (cache miss)
2836 timing reifyNode:node_modules/netlify-cli/node_modules/detective-postcss Completed in 21971ms
2837 http fetch GET 200 https://cdn.npmmirror.com/packages/detective-sass/5.0.3/detective-sass-5.0.3.tgz 21545ms (cache miss)
2838 timing reifyNode:node_modules/netlify-cli/node_modules/detective-sass Completed in 21995ms
2839 http fetch GET 200 https://cdn.npmmirror.com/packages/detective-scss/4.0.3/detective-scss-4.0.3.tgz 21657ms (cache miss)
2840 timing reifyNode:node_modules/netlify-cli/node_modules/detective-scss Completed in 22107ms
2841 http fetch GET 200 https://cdn.npmmirror.com/packages/fast-querystring/1.0.0/fast-querystring-1.0.0.tgz 21687ms (cache miss)
2842 http fetch GET 200 https://cdn.npmmirror.com/packages/detective-es6/4.0.1/detective-es6-4.0.1.tgz 21663ms (cache miss)
2843 timing reifyNode:node_modules/netlify-cli/node_modules/detective-es6 Completed in 22113ms
2844 timing reifyNode:node_modules/netlify-cli/node_modules/fast-querystring Completed in 22129ms
2845 http fetch GET 200 https://cdn.npmmirror.com/packages/detective-amd/5.0.2/detective-amd-5.0.2.tgz 21731ms (cache miss)
2846 timing reifyNode:node_modules/netlify-cli/node_modules/detective-amd Completed in 22185ms
2847 http fetch GET 200 https://cdn.npmmirror.com/packages/detect-libc/2.0.2/detect-libc-2.0.2.tgz 21738ms (cache miss)
2848 http fetch GET 200 https://cdn.npmmirror.com/packages/encodeurl/2.0.0/encodeurl-2.0.0.tgz 21736ms (cache miss)
2849 timing reifyNode:node_modules/netlify-cli/node_modules/encodeurl Completed in 22190ms
2850 timing reifyNode:node_modules/netlify-cli/node_modules/detect-libc Completed in 22190ms
2851 http fetch GET 200 https://cdn.npmmirror.com/packages/detective-cjs/5.0.1/detective-cjs-5.0.1.tgz 21754ms (cache miss)
2852 timing reifyNode:node_modules/netlify-cli/node_modules/detective-cjs Completed in 22206ms
2853 http fetch GET 200 https://cdn.npmmirror.com/packages/deprecation/2.3.1/deprecation-2.3.1.tgz 21773ms (cache miss)
2854 timing reifyNode:node_modules/netlify-cli/node_modules/deprecation Completed in 22230ms
2855 http fetch GET 200 https://cdn.npmmirror.com/packages/destr/2.0.2/destr-2.0.2.tgz 21823ms (cache miss)
2856 timing reifyNode:node_modules/netlify-cli/node_modules/destr Completed in 22282ms
2857 http fetch GET 200 https://cdn.npmmirror.com/packages/destroy/1.2.0/destroy-1.2.0.tgz 21836ms (cache miss)
2858 timing reifyNode:node_modules/netlify-cli/node_modules/destroy Completed in 22291ms
2859 http fetch GET 200 https://cdn.npmmirror.com/packages/denque/2.1.0/denque-2.1.0.tgz 21920ms (cache miss)
2860 timing reifyNode:node_modules/netlify-cli/node_modules/denque Completed in 22375ms
2861 http fetch GET 200 https://cdn.npmmirror.com/packages/defu/6.1.4/defu-6.1.4.tgz 21979ms (cache miss)
2862 timing reifyNode:node_modules/netlify-cli/node_modules/defu Completed in 22440ms
2863 http fetch GET 200 https://cdn.npmmirror.com/packages/depd/1.1.2/depd-1.1.2.tgz 22011ms (cache miss)
2864 http fetch GET 200 https://cdn.npmmirror.com/packages/defer-to-connect/2.0.1/defer-to-connect-2.0.1.tgz 22017ms (cache miss)
2865 timing reifyNode:node_modules/netlify-cli/node_modules/defer-to-connect Completed in 22475ms
2866 timing reifyNode:node_modules/netlify-cli/node_modules/depd Completed in 22477ms
2867 http fetch GET 200 https://cdn.npmmirror.com/packages/delegates/1.0.0/delegates-1.0.0.tgz 22022ms (cache miss)
2868 timing reifyNode:node_modules/netlify-cli/node_modules/delegates Completed in 22478ms
2869 http fetch GET 200 https://cdn.npmmirror.com/packages/deepmerge/4.3.1/deepmerge-4.3.1.tgz 22059ms (cache miss)
2870 timing reifyNode:node_modules/netlify-cli/node_modules/deepmerge Completed in 22516ms
2871 http fetch GET 200 https://cdn.npmmirror.com/packages/define-lazy-prop/2.0.0/define-lazy-prop-2.0.0.tgz 22174ms (cache miss)
2872 http fetch GET 200 https://cdn.npmmirror.com/packages/deep-extend/0.6.0/deep-extend-0.6.0.tgz 22175ms (cache miss)
2873 timing reifyNode:node_modules/netlify-cli/node_modules/deep-extend Completed in 22632ms
2874 timing reifyNode:node_modules/netlify-cli/node_modules/define-lazy-prop Completed in 22633ms
2875 http fetch GET 200 https://cdn.npmmirror.com/packages/decache/4.6.2/decache-4.6.2.tgz 22194ms (cache miss)
2876 timing reifyNode:node_modules/netlify-cli/node_modules/decache Completed in 22653ms
2877 http fetch GET 200 https://cdn.npmmirror.com/packages/decompress-response/6.0.0/decompress-response-6.0.0.tgz 22209ms (cache miss)
2878 timing reifyNode:node_modules/netlify-cli/node_modules/decompress-response Completed in 22668ms
2879 http fetch GET 200 https://cdn.npmmirror.com/packages/debug/4.3.7/debug-4.3.7.tgz 22242ms (cache miss)
2880 timing reifyNode:node_modules/netlify-cli/node_modules/debug Completed in 22702ms
2881 http fetch GET 200 https://cdn.npmmirror.com/packages/data-uri-to-buffer/4.0.0/data-uri-to-buffer-4.0.0.tgz 22301ms (cache miss)
2882 timing reifyNode:node_modules/netlify-cli/node_modules/data-uri-to-buffer Completed in 22759ms
2883 http fetch GET 200 https://cdn.npmmirror.com/packages/define-data-property/1.1.4/define-data-property-1.1.4.tgz 22409ms (cache miss)
2884 timing reifyNode:node_modules/netlify-cli/node_modules/define-data-property Completed in 22867ms
2885 http fetch GET 200 https://cdn.npmmirror.com/packages/css-what/6.1.0/css-what-6.1.0.tgz 22517ms (cache miss)
2886 timing reifyNode:node_modules/netlify-cli/node_modules/css-what Completed in 22977ms
2887 http fetch GET 200 https://cdn.npmmirror.com/packages/cyclist/1.0.1/cyclist-1.0.1.tgz 22625ms (cache miss)
2888 timing reifyNode:node_modules/netlify-cli/node_modules/cyclist Completed in 23086ms
2889 http fetch GET 200 https://cdn.npmmirror.com/packages/cross-spawn/7.0.6/cross-spawn-7.0.6.tgz 22675ms (cache miss)
2890 timing reifyNode:node_modules/netlify-cli/node_modules/cross-spawn Completed in 23136ms
2891 http fetch GET 200 https://cdn.npmmirror.com/packages/date-time/3.1.0/date-time-3.1.0.tgz 22694ms (cache miss)
2892 timing reifyNode:node_modules/netlify-cli/node_modules/date-time Completed in 23153ms
2893 http fetch GET 200 https://cdn.npmmirror.com/packages/create-require/1.1.1/create-require-1.1.1.tgz 22693ms (cache miss)
2894 timing reifyNode:node_modules/netlify-cli/node_modules/create-require Completed in 23160ms
2895 http fetch GET 200 https://cdn.npmmirror.com/packages/css-select/5.1.0/css-select-5.1.0.tgz 22708ms (cache miss)
2896 timing reifyNode:node_modules/netlify-cli/node_modules/css-select Completed in 23168ms
2897 http fetch GET 200 https://cdn.npmmirror.com/packages/crc-32/1.2.2/crc-32-1.2.2.tgz 22715ms (cache miss)
2898 timing reifyNode:node_modules/netlify-cli/node_modules/crc-32 Completed in 23185ms
2899 http fetch GET 200 https://cdn.npmmirror.com/packages/cp-file/10.0.0/cp-file-10.0.0.tgz 22767ms (cache miss)
2900 timing reifyNode:node_modules/netlify-cli/node_modules/cp-file Completed in 23231ms
2901 http fetch GET 200 https://cdn.npmmirror.com/packages/cpy/9.0.1/cpy-9.0.1.tgz 22841ms (cache miss)
2902 timing reifyNode:node_modules/netlify-cli/node_modules/cpy Completed in 23302ms
2903 http fetch GET 200 https://cdn.npmmirror.com/packages/cron-parser/4.9.0/cron-parser-4.9.0.tgz 22858ms (cache miss)
2904 timing reifyNode:node_modules/netlify-cli/node_modules/cron-parser Completed in 23332ms
2905 http fetch GET 200 https://cdn.npmmirror.com/packages/csso/5.0.5/csso-5.0.5.tgz 22891ms (cache miss)
2906 timing reifyNode:node_modules/netlify-cli/node_modules/csso Completed in 23350ms
2907 http fetch GET 200 https://cdn.npmmirror.com/packages/crypto-random-string/4.0.0/crypto-random-string-4.0.0.tgz 22911ms (cache miss)
2908 timing reifyNode:node_modules/netlify-cli/node_modules/crypto-random-string Completed in 23373ms
2909 http fetch GET 200 https://cdn.npmmirror.com/packages/core-util-is/1.0.2/core-util-is-1.0.2.tgz 22970ms (cache miss)
2910 timing reifyNode:node_modules/netlify-cli/node_modules/core-util-is Completed in 23439ms
2911 http fetch GET 200 https://cdn.npmmirror.com/packages/content-type/1.0.5/content-type-1.0.5.tgz 23047ms (cache miss)
2912 timing reifyNode:node_modules/netlify-cli/node_modules/content-type Completed in 23512ms
2913 http fetch GET 200 https://cdn.npmmirror.com/packages/cookie/0.7.2/cookie-0.7.2.tgz 23053ms (cache miss)
2914 timing reifyNode:node_modules/netlify-cli/node_modules/cookie Completed in 23519ms
2915 http fetch GET 200 https://cdn.npmmirror.com/packages/crossws/0.1.1/crossws-0.1.1.tgz 23157ms (cache miss)
2916 timing reifyNode:node_modules/netlify-cli/node_modules/crossws Completed in 23617ms
2917 http fetch GET 200 https://cdn.npmmirror.com/packages/cookie-es/1.0.0/cookie-es-1.0.0.tgz 23167ms (cache miss)
2918 timing reifyNode:node_modules/netlify-cli/node_modules/cookie-es Completed in 23635ms
2919 http fetch GET 200 https://cdn.npmmirror.com/packages/configstore/6.0.0/configstore-6.0.0.tgz 23180ms (cache miss)
2920 timing reifyNode:node_modules/netlify-cli/node_modules/configstore Completed in 23647ms
2921 http fetch GET 200 https://cdn.npmmirror.com/packages/console-control-strings/1.1.0/console-control-strings-1.1.0.tgz 23201ms (cache miss)
2922 timing reifyNode:node_modules/netlify-cli/node_modules/console-control-strings Completed in 23668ms
2923 http fetch GET 200 https://cdn.npmmirror.com/packages/cssfilter/0.0.10/cssfilter-0.0.10.tgz 23279ms (cache miss)
2924 timing reifyNode:node_modules/netlify-cli/node_modules/cssfilter Completed in 23739ms
2925 http fetch GET 200 https://cdn.npmmirror.com/packages/cookie-signature/1.0.6/cookie-signature-1.0.6.tgz 23342ms (cache miss)
2926 timing reifyNode:node_modules/netlify-cli/node_modules/cookie-signature Completed in 23808ms
2927 http fetch GET 200 https://cdn.npmmirror.com/packages/common-path-prefix/3.0.0/common-path-prefix-3.0.0.tgz 23403ms (cache miss)
2928 timing reifyNode:node_modules/netlify-cli/node_modules/common-path-prefix Completed in 23872ms
2929 http fetch GET 200 https://cdn.npmmirror.com/packages/concat-map/0.0.1/concat-map-0.0.1.tgz 23507ms (cache miss)
2930 timing reifyNode:node_modules/netlify-cli/node_modules/concat-map Completed in 23975ms
2931 http fetch GET 200 https://cdn.npmmirror.com/packages/comment-json/4.2.5/comment-json-4.2.5.tgz 23510ms (cache miss)
2932 timing reifyNode:node_modules/netlify-cli/node_modules/comment-json Completed in 23982ms
2933 http fetch GET 200 https://cdn.npmmirror.com/packages/content-disposition/0.5.4/content-disposition-0.5.4.tgz 23535ms (cache miss)
2934 timing reifyNode:node_modules/netlify-cli/node_modules/content-disposition Completed in 24006ms
2935 http fetch GET 200 https://cdn.npmmirror.com/packages/commander/10.0.1/commander-10.0.1.tgz 23553ms (cache miss)
2936 timing reifyNode:node_modules/netlify-cli/node_modules/commander Completed in 24021ms
2937 http fetch GET 200 https://cdn.npmmirror.com/packages/compress-commons/6.0.2/compress-commons-6.0.2.tgz 23611ms (cache miss)
2938 timing reifyNode:node_modules/netlify-cli/node_modules/compress-commons Completed in 24080ms
2939 http fetch GET 200 https://cdn.npmmirror.com/packages/colorspace/1.1.4/colorspace-1.1.4.tgz 23634ms (cache miss)
2940 timing reifyNode:node_modules/netlify-cli/node_modules/colorspace Completed in 24102ms
2941 http fetch GET 200 https://cdn.npmmirror.com/packages/config-chain/1.1.13/config-chain-1.1.13.tgz 23746ms (cache miss)
2942 timing reifyNode:node_modules/netlify-cli/node_modules/config-chain Completed in 24214ms
2943 http fetch GET 200 https://cdn.npmmirror.com/packages/colors-option/3.0.0/colors-option-3.0.0.tgz 23763ms (cache miss)
2944 timing reifyNode:node_modules/netlify-cli/node_modules/colors-option Completed in 24237ms
2945 http fetch GET 200 https://cdn.npmmirror.com/packages/colors/1.4.0/colors-1.4.0.tgz 23772ms (cache miss)
2946 timing reifyNode:node_modules/netlify-cli/node_modules/colors Completed in 24242ms
2947 http fetch GET 200 https://cdn.npmmirror.com/packages/concordance/5.0.4/concordance-5.0.4.tgz 23793ms (cache miss)
2948 timing reifyNode:node_modules/netlify-cli/node_modules/concordance Completed in 24259ms
2949 http fetch GET 200 https://cdn.npmmirror.com/packages/color-string/1.9.0/color-string-1.9.0.tgz 23813ms (cache miss)
2950 timing reifyNode:node_modules/netlify-cli/node_modules/color-string Completed in 24282ms
2951 http fetch GET 200 https://cdn.npmmirror.com/packages/color-support/1.1.3/color-support-1.1.3.tgz 23832ms (cache miss)
2952 http fetch GET 200 https://cdn.npmmirror.com/packages/consola/3.2.3/consola-3.2.3.tgz 23838ms (cache miss)
2953 timing reifyNode:node_modules/netlify-cli/node_modules/consola Completed in 24305ms
2954 timing reifyNode:node_modules/netlify-cli/node_modules/color-support Completed in 24304ms
2955 http fetch GET 200 https://cdn.npmmirror.com/packages/color/3.2.1/color-3.2.1.tgz 23941ms (cache miss)
2956 timing reifyNode:node_modules/netlify-cli/node_modules/color Completed in 24412ms
2957 http fetch GET 200 https://cdn.npmmirror.com/packages/crc32-stream/6.0.0/crc32-stream-6.0.0.tgz 23954ms (cache miss)
2958 timing reifyNode:node_modules/netlify-cli/node_modules/crc32-stream Completed in 24417ms
2959 http fetch GET 200 https://cdn.npmmirror.com/packages/color-name/1.1.3/color-name-1.1.3.tgz 23986ms (cache miss)
2960 timing reifyNode:node_modules/netlify-cli/node_modules/color-name Completed in 24457ms
2961 http fetch GET 200 https://cdn.npmmirror.com/packages/cli-width/2.2.1/cli-width-2.2.1.tgz 24031ms (cache miss)
2962 timing reifyNode:node_modules/netlify-cli/node_modules/cli-width Completed in 24509ms
2963 http fetch GET 200 https://cdn.npmmirror.com/packages/cluster-key-slot/1.1.2/cluster-key-slot-1.1.2.tgz 24042ms (cache miss)
2964 timing reifyNode:node_modules/netlify-cli/node_modules/cluster-key-slot Completed in 24513ms
2965 http fetch GET 200 https://cdn.npmmirror.com/packages/color-convert/1.9.3/color-convert-1.9.3.tgz 24124ms (cache miss)
2966 timing reifyNode:node_modules/netlify-cli/node_modules/color-convert Completed in 24596ms
2967 http fetch GET 200 https://cdn.npmmirror.com/packages/cli-truncate/4.0.0/cli-truncate-4.0.0.tgz 24165ms (cache miss)
2968 timing reifyNode:node_modules/netlify-cli/node_modules/cli-truncate Completed in 24638ms
2969 http fetch GET 200 https://cdn.npmmirror.com/packages/cli-spinners/2.9.2/cli-spinners-2.9.2.tgz 24171ms (cache miss)
2970 timing reifyNode:node_modules/netlify-cli/node_modules/cli-spinners Completed in 24642ms
2971 http fetch GET 200 https://cdn.npmmirror.com/packages/clean-deep/3.4.0/clean-deep-3.4.0.tgz 24216ms (cache miss)
2972 timing reifyNode:node_modules/netlify-cli/node_modules/clean-deep Completed in 24697ms
2973 http fetch GET 200 https://cdn.npmmirror.com/packages/clean-stack/4.2.0/clean-stack-4.2.0.tgz 24235ms (cache miss)
2974 timing reifyNode:node_modules/netlify-cli/node_modules/clean-stack Completed in 24711ms
2975 http fetch GET 200 https://cdn.npmmirror.com/packages/cli-progress/3.12.0/cli-progress-3.12.0.tgz 24246ms (cache miss)
2976 timing reifyNode:node_modules/netlify-cli/node_modules/cli-progress Completed in 24722ms
2977 http fetch GET 200 https://cdn.npmmirror.com/packages/colorette/2.0.20/colorette-2.0.20.tgz 24315ms (cache miss)
2978 timing reifyNode:node_modules/netlify-cli/node_modules/colorette Completed in 24790ms
2979 http fetch GET 200 https://cdn.npmmirror.com/packages/citty/0.1.6/citty-0.1.6.tgz 24353ms (cache miss)
2980 timing reifyNode:node_modules/netlify-cli/node_modules/citty Completed in 24830ms
2981 http fetch GET 200 https://cdn.npmmirror.com/packages/ci-info/4.1.0/ci-info-4.1.0.tgz 24485ms (cache miss)
2982 timing reifyNode:node_modules/netlify-cli/node_modules/ci-info Completed in 24962ms
2983 http fetch GET 200 https://cdn.npmmirror.com/packages/chownr/2.0.0/chownr-2.0.0.tgz 24501ms (cache miss)
2984 timing reifyNode:node_modules/netlify-cli/node_modules/chownr Completed in 24978ms
2985 http fetch GET 200 https://cdn.npmmirror.com/packages/chardet/0.7.0/chardet-0.7.0.tgz 24503ms (cache miss)
2986 timing reifyNode:node_modules/netlify-cli/node_modules/chardet Completed in 24980ms
2987 http fetch GET 200 https://cdn.npmmirror.com/packages/cli-boxes/3.0.0/cli-boxes-3.0.0.tgz 24512ms (cache miss)
2988 timing reifyNode:node_modules/netlify-cli/node_modules/cli-boxes Completed in 24993ms
2989 http fetch GET 200 https://cdn.npmmirror.com/packages/cachedir/2.3.0/cachedir-2.3.0.tgz 24589ms (cache miss)
2990 http fetch GET 200 https://cdn.npmmirror.com/packages/cli-cursor/2.1.0/cli-cursor-2.1.0.tgz 24593ms (cache miss)
2991 timing reifyNode:node_modules/netlify-cli/node_modules/cli-cursor Completed in 25068ms
2992 timing reifyNode:node_modules/netlify-cli/node_modules/cachedir Completed in 25068ms
2993 http fetch GET 200 https://cdn.npmmirror.com/packages/cacheable-lookup/7.0.0/cacheable-lookup-7.0.0.tgz 24612ms (cache miss)
2994 timing reifyNode:node_modules/netlify-cli/node_modules/cacheable-lookup Completed in 25090ms
2995 http fetch GET 200 https://cdn.npmmirror.com/packages/call-bind/1.0.7/call-bind-1.0.7.tgz 24630ms (cache miss)
2996 http fetch GET 200 https://cdn.npmmirror.com/packages/chalk/5.3.0/chalk-5.3.0.tgz 24638ms (cache miss)
2997 timing reifyNode:node_modules/netlify-cli/node_modules/chalk Completed in 25116ms
2998 timing reifyNode:node_modules/netlify-cli/node_modules/call-bind Completed in 25116ms
2999 http fetch GET 200 https://cdn.npmmirror.com/packages/css-tree/2.3.1/css-tree-2.3.1.tgz 24672ms (cache miss)
3000 timing reifyNode:node_modules/netlify-cli/node_modules/css-tree Completed in 25133ms
3001 http fetch GET 200 https://cdn.npmmirror.com/packages/chokidar/3.6.0/chokidar-3.6.0.tgz 24655ms (cache miss)
3002 timing reifyNode:node_modules/netlify-cli/node_modules/chokidar Completed in 25132ms
3003 http fetch GET 200 https://cdn.npmmirror.com/packages/camelcase/6.3.0/camelcase-6.3.0.tgz 24724ms (cache miss)
3004 timing reifyNode:node_modules/netlify-cli/node_modules/camelcase Completed in 25203ms
3005 http fetch GET 200 https://cdn.npmmirror.com/packages/cacheable-request/10.2.14/cacheable-request-10.2.14.tgz 24770ms (cache miss)
3006 timing reifyNode:node_modules/netlify-cli/node_modules/cacheable-request Completed in 25250ms
3007 http fetch GET 200 https://cdn.npmmirror.com/packages/byline/5.0.0/byline-5.0.0.tgz 24778ms (cache miss)
3008 timing reifyNode:node_modules/netlify-cli/node_modules/byline Completed in 25257ms
3009 http fetch GET 200 https://cdn.npmmirror.com/packages/callsite/1.0.0/callsite-1.0.0.tgz 24797ms (cache miss)
3010 timing reifyNode:node_modules/netlify-cli/node_modules/callsite Completed in 25277ms
3011 http fetch GET 200 https://cdn.npmmirror.com/packages/buffer-equal-constant-time/1.0.1/buffer-equal-constant-time-1.0.1.tgz 24926ms (cache miss)
3012 timing reifyNode:node_modules/netlify-cli/node_modules/buffer-equal-constant-time Completed in 25408ms
3013 http fetch GET 200 https://cdn.npmmirror.com/packages/builtins/5.1.0/builtins-5.1.0.tgz 25013ms (cache miss)
3014 timing reifyNode:node_modules/netlify-cli/node_modules/builtins Completed in 25493ms
3015 http fetch GET 200 https://cdn.npmmirror.com/packages/buffer-crc32/0.2.13/buffer-crc32-0.2.13.tgz 25039ms (cache miss)
3016 timing reifyNode:node_modules/netlify-cli/node_modules/buffer-crc32 Completed in 25520ms
3017 http fetch GET 200 https://cdn.npmmirror.com/packages/boxen/7.1.1/boxen-7.1.1.tgz 25070ms (cache miss)
3018 timing reifyNode:node_modules/netlify-cli/node_modules/boxen Completed in 25554ms
3019 http fetch GET 200 https://cdn.npmmirror.com/packages/bytes/3.1.2/bytes-3.1.2.tgz 25081ms (cache miss)
3020 timing reifyNode:node_modules/netlify-cli/node_modules/bytes Completed in 25561ms
3021 http fetch GET 200 https://cdn.npmmirror.com/packages/clipboardy/4.0.0/clipboardy-4.0.0.tgz 25159ms (cache miss)
3022 timing reifyNode:node_modules/netlify-cli/node_modules/clipboardy Completed in 25632ms
3023 http fetch GET 200 https://cdn.npmmirror.com/packages/buffer/5.7.1/buffer-5.7.1.tgz 25175ms (cache miss)
3024 timing reifyNode:node_modules/netlify-cli/node_modules/buffer Completed in 25656ms
3025 http fetch GET 200 https://cdn.npmmirror.com/packages/braces/3.0.3/braces-3.0.3.tgz 25203ms (cache miss)
3026 timing reifyNode:node_modules/netlify-cli/node_modules/braces Completed in 25685ms
3027 http fetch GET 200 https://cdn.npmmirror.com/packages/bindings/1.5.0/bindings-1.5.0.tgz 25247ms (cache miss)
3028 timing reifyNode:node_modules/netlify-cli/node_modules/bindings Completed in 25735ms
3029 http fetch GET 200 https://cdn.npmmirror.com/packages/body-parser/1.20.3/body-parser-1.20.3.tgz 25257ms (cache miss)
3030 timing reifyNode:node_modules/netlify-cli/node_modules/body-parser Completed in 25740ms
3031 http fetch GET 200 https://cdn.npmmirror.com/packages/blueimp-md5/2.19.0/blueimp-md5-2.19.0.tgz 25263ms (cache miss)
3032 timing reifyNode:node_modules/netlify-cli/node_modules/blueimp-md5 Completed in 25746ms
3033 http fetch GET 200 https://cdn.npmmirror.com/packages/bl/4.1.0/bl-4.1.0.tgz 25277ms (cache miss)
3034 timing reifyNode:node_modules/netlify-cli/node_modules/bl Completed in 25763ms
3035 http fetch GET 200 https://cdn.npmmirror.com/packages/builtin-modules/3.2.0/builtin-modules-3.2.0.tgz 25362ms (cache miss)
3036 timing reifyNode:node_modules/netlify-cli/node_modules/builtin-modules Completed in 25847ms
3037 http fetch GET 200 https://cdn.npmmirror.com/packages/binary-extensions/2.2.0/binary-extensions-2.2.0.tgz 25397ms (cache miss)
3038 timing reifyNode:node_modules/netlify-cli/node_modules/binary-extensions Completed in 25890ms
3039 http fetch GET 200 https://cdn.npmmirror.com/packages/boolbase/1.0.0/boolbase-1.0.0.tgz 25417ms (cache miss)
3040 timing reifyNode:node_modules/netlify-cli/node_modules/boolbase Completed in 25898ms
3041 http fetch GET 200 https://cdn.npmmirror.com/packages/balanced-match/1.0.2/balanced-match-1.0.2.tgz 25521ms (cache miss)
3042 timing reifyNode:node_modules/netlify-cli/node_modules/balanced-match Completed in 26015ms
3043 http fetch GET 200 https://cdn.npmmirror.com/packages/brace-expansion/1.1.11/brace-expansion-1.1.11.tgz 25613ms (cache miss)
3044 timing reifyNode:node_modules/netlify-cli/node_modules/brace-expansion Completed in 26096ms
3045 http fetch GET 200 https://cdn.npmmirror.com/packages/base64-js/1.5.1/base64-js-1.5.1.tgz 25603ms (cache miss)
3046 timing reifyNode:node_modules/netlify-cli/node_modules/base64-js Completed in 26097ms
3047 http fetch GET 200 https://cdn.npmmirror.com/packages/before-after-hook/2.2.2/before-after-hook-2.2.2.tgz 25623ms (cache miss)
3048 timing reifyNode:node_modules/netlify-cli/node_modules/before-after-hook Completed in 26114ms
3049 http fetch GET 200 https://cdn.npmmirror.com/packages/better-ajv-errors/1.2.0/better-ajv-errors-1.2.0.tgz 25678ms (cache miss)
3050 timing reifyNode:node_modules/netlify-cli/node_modules/better-ajv-errors Completed in 26168ms
3051 http fetch GET 200 https://cdn.npmmirror.com/packages/b4a/1.6.4/b4a-1.6.4.tgz 25677ms (cache miss)
3052 timing reifyNode:node_modules/netlify-cli/node_modules/b4a Completed in 26171ms
3053 http fetch GET 200 https://cdn.npmmirror.com/packages/atomically/2.0.3/atomically-2.0.3.tgz 25731ms (cache miss)
3054 timing reifyNode:node_modules/netlify-cli/node_modules/atomically Completed in 26227ms
3055 http fetch GET 200 https://cdn.npmmirror.com/packages/backoff/2.5.0/backoff-2.5.0.tgz 25823ms (cache miss)
3056 timing reifyNode:node_modules/netlify-cli/node_modules/backoff Completed in 26316ms
3057 http fetch GET 200 https://cdn.npmmirror.com/packages/ascii-table/0.0.9/ascii-table-0.0.9.tgz 25822ms (cache miss)
3058 timing reifyNode:node_modules/netlify-cli/node_modules/ascii-table Completed in 26327ms
3059 http fetch GET 200 https://cdn.npmmirror.com/packages/array-union/2.1.0/array-union-2.1.0.tgz 25836ms (cache miss)
3060 timing reifyNode:node_modules/netlify-cli/node_modules/array-union Completed in 26334ms
3061 http fetch GET 200 https://cdn.npmmirror.com/packages/ast-module-types/5.0.0/ast-module-types-5.0.0.tgz 25860ms (cache miss)
3062 timing reifyNode:node_modules/netlify-cli/node_modules/ast-module-types Completed in 26358ms
3063 http fetch GET 200 https://cdn.npmmirror.com/packages/better-opn/3.0.2/better-opn-3.0.2.tgz 25892ms (cache miss)
3064 timing reifyNode:node_modules/netlify-cli/node_modules/better-opn Completed in 26382ms
3065 http fetch GET 200 https://cdn.npmmirror.com/packages/arrify/3.0.0/arrify-3.0.0.tgz 25936ms (cache miss)
3066 timing reifyNode:node_modules/netlify-cli/node_modules/arrify Completed in 26436ms
3067 http fetch GET 200 https://cdn.npmmirror.com/packages/async-sema/3.1.1/async-sema-3.1.1.tgz 25973ms (cache miss)
3068 timing reifyNode:node_modules/netlify-cli/node_modules/async-sema Completed in 26476ms
3069 http fetch GET 200 https://cdn.npmmirror.com/packages/buffer-from/1.1.2/buffer-from-1.1.2.tgz 26030ms (cache miss)
3070 timing reifyNode:node_modules/netlify-cli/node_modules/buffer-from Completed in 26511ms
3071 http fetch GET 200 https://cdn.npmmirror.com/packages/avvio/8.3.0/avvio-8.3.0.tgz 26109ms (cache miss)
3072 timing reifyNode:node_modules/netlify-cli/node_modules/avvio Completed in 26602ms
3073 http fetch GET 200 https://cdn.npmmirror.com/packages/atomic-sleep/1.0.0/atomic-sleep-1.0.0.tgz 26099ms (cache miss)
3074 timing reifyNode:node_modules/netlify-cli/node_modules/atomic-sleep Completed in 26605ms
3075 http fetch GET 200 https://cdn.npmmirror.com/packages/are-we-there-yet/2.0.0/are-we-there-yet-2.0.0.tgz 26121ms (cache miss)
3076 timing reifyNode:node_modules/netlify-cli/node_modules/are-we-there-yet Completed in 26630ms
3077 http fetch GET 200 https://cdn.npmmirror.com/packages/archy/1.0.0/archy-1.0.0.tgz 26152ms (cache miss)
3078 timing reifyNode:node_modules/netlify-cli/node_modules/archy Completed in 26665ms
3079 http fetch GET 200 https://cdn.npmmirror.com/packages/anymatch/3.1.3/anymatch-3.1.3.tgz 26162ms (cache miss)
3080 timing reifyNode:node_modules/netlify-cli/node_modules/anymatch Completed in 26669ms
3081 http fetch GET 200 https://cdn.npmmirror.com/packages/array-timsort/1.0.3/array-timsort-1.0.3.tgz 26179ms (cache miss)
3082 timing reifyNode:node_modules/netlify-cli/node_modules/array-timsort Completed in 26684ms
3083 http fetch GET 200 https://cdn.npmmirror.com/packages/argparse/2.0.1/argparse-2.0.1.tgz 26199ms (cache miss)
3084 timing reifyNode:node_modules/netlify-cli/node_modules/argparse Completed in 26701ms
3085 http fetch GET 200 https://cdn.npmmirror.com/packages/archiver-utils/5.0.2/archiver-utils-5.0.2.tgz 26237ms (cache miss)
3086 timing reifyNode:node_modules/netlify-cli/node_modules/archiver-utils Completed in 26744ms
3087 http fetch GET 200 https://cdn.npmmirror.com/packages/async/3.2.4/async-3.2.4.tgz 26333ms (cache miss)
3088 timing reifyNode:node_modules/netlify-cli/node_modules/async Completed in 26828ms
3089 http fetch GET 200 https://cdn.npmmirror.com/packages/ansi-styles/6.2.1/ansi-styles-6.2.1.tgz 26346ms (cache miss)
3090 timing reifyNode:node_modules/netlify-cli/node_modules/ansi-styles Completed in 26854ms
3091 http fetch GET 200 https://cdn.npmmirror.com/packages/array-flatten/1.1.1/array-flatten-1.1.1.tgz 26389ms (cache miss)
3092 timing reifyNode:node_modules/netlify-cli/node_modules/array-flatten Completed in 26890ms
3093 http fetch GET 200 https://cdn.npmmirror.com/packages/archiver/7.0.1/archiver-7.0.1.tgz 26420ms (cache miss)
3094 timing reifyNode:node_modules/netlify-cli/node_modules/archiver Completed in 26926ms
3095 http fetch GET 200 https://cdn.npmmirror.com/packages/ansi-to-html/0.7.2/ansi-to-html-0.7.2.tgz 26432ms (cache miss)
3096 http fetch GET 200 https://cdn.npmmirror.com/packages/ansi-regex/5.0.1/ansi-regex-5.0.1.tgz 26431ms (cache miss)
3097 timing reifyNode:node_modules/netlify-cli/node_modules/ansi-to-html Completed in 26939ms
3098 timing reifyNode:node_modules/netlify-cli/node_modules/ansi-regex Completed in 26940ms
3099 http fetch GET 200 https://cdn.npmmirror.com/packages/ansi-align/3.0.1/ansi-align-3.0.1.tgz 26486ms (cache miss)
3100 timing reifyNode:node_modules/netlify-cli/node_modules/ansi-align Completed in 26995ms
3101 http fetch GET 200 https://cdn.npmmirror.com/packages/ansi-escapes/7.0.0/ansi-escapes-7.0.0.tgz 26520ms (cache miss)
3102 timing reifyNode:node_modules/netlify-cli/node_modules/ansi-escapes Completed in 27028ms
3103 http fetch GET 200 https://cdn.npmmirror.com/packages/typescript/5.1.6/typescript-5.1.6.tgz 26829ms (cache miss)
3104 timing reifyNode:node_modules/netlify-cli/node_modules/typescript Completed in 27107ms
3105 http fetch GET 200 https://cdn.npmmirror.com/packages/agent-base/6.0.2/agent-base-6.0.2.tgz 26614ms (cache miss)
3106 timing reifyNode:node_modules/netlify-cli/node_modules/agent-base Completed in 27123ms
3107 http fetch GET 200 https://cdn.npmmirror.com/packages/aggregate-error/4.0.1/aggregate-error-4.0.1.tgz 26649ms (cache miss)
3108 timing reifyNode:node_modules/netlify-cli/node_modules/aggregate-error Completed in 27158ms
3109 http fetch GET 200 https://cdn.npmmirror.com/packages/aproba/2.0.0/aproba-2.0.0.tgz 26656ms (cache miss)
3110 timing reifyNode:node_modules/netlify-cli/node_modules/aproba Completed in 27161ms
3111 http fetch GET 200 https://cdn.npmmirror.com/packages/all-node-versions/11.3.0/all-node-versions-11.3.0.tgz 26682ms (cache miss)
3112 timing reifyNode:node_modules/netlify-cli/node_modules/all-node-versions Completed in 27190ms
3113 http fetch GET 200 https://cdn.npmmirror.com/packages/acorn-walk/8.3.2/acorn-walk-8.3.2.tgz 26705ms (cache miss)
3114 timing reifyNode:node_modules/netlify-cli/node_modules/acorn-walk Completed in 27218ms
3115 http fetch GET 200 https://cdn.npmmirror.com/packages/accepts/1.3.8/accepts-1.3.8.tgz 26755ms (cache miss)
3116 timing reifyNode:node_modules/netlify-cli/node_modules/accepts Completed in 27264ms
3117 http fetch GET 200 https://cdn.npmmirror.com/packages/ajv-formats/2.1.1/ajv-formats-2.1.1.tgz 26831ms (cache miss)
3118 http fetch GET 200 https://cdn.npmmirror.com/packages/arg/4.1.3/arg-4.1.3.tgz 26846ms (cache miss)
3119 timing reifyNode:node_modules/netlify-cli/node_modules/arg Completed in 27355ms
3120 timing reifyNode:node_modules/netlify-cli/node_modules/ajv-formats Completed in 27354ms
3121 http fetch GET 200 https://cdn.npmmirror.com/packages/abort-controller/3.0.0/abort-controller-3.0.0.tgz 26929ms (cache miss)
3122 timing reifyNode:node_modules/netlify-cli/node_modules/abort-controller Completed in 27438ms
3123 http fetch GET 200 https://cdn.npmmirror.com/packages/acorn-import-attributes/1.9.5/acorn-import-attributes-1.9.5.tgz 26984ms (cache miss)
3124 timing reifyNode:node_modules/netlify-cli/node_modules/acorn-import-attributes Completed in 27493ms
3125 http fetch GET 200 https://cdn.npmmirror.com/packages/abbrev/1.1.1/abbrev-1.1.1.tgz 27048ms (cache miss)
3126 timing reifyNode:node_modules/netlify-cli/node_modules/abbrev Completed in 27558ms
3127 http fetch GET 200 https://cdn.npmmirror.com/packages/abstract-logging/2.0.1/abstract-logging-2.0.1.tgz 27063ms (cache miss)
3128 timing reifyNode:node_modules/netlify-cli/node_modules/abstract-logging Completed in 27574ms
3129 http fetch GET 200 https://cdn.npmmirror.com/packages/acorn/8.11.3/acorn-8.11.3.tgz 27109ms (cache miss)
3130 timing reifyNode:node_modules/netlify-cli/node_modules/acorn Completed in 27617ms
3131 http fetch GET 200 https://cdn.npmmirror.com/packages/%40types/yargs-parser/20.2.1/yargs-parser-20.2.1.tgz 27129ms (cache miss)
3132 timing reifyNode:node_modules/netlify-cli/node_modules/@types/yargs-parser Completed in 27640ms
3133 http fetch GET 200 https://cdn.npmmirror.com/packages/%40types/yauzl/2.10.0/yauzl-2.10.0.tgz 27192ms (cache miss)
3134 timing reifyNode:node_modules/netlify-cli/node_modules/@types/yauzl Completed in 27704ms
3135 http fetch GET 200 https://cdn.npmmirror.com/packages/%40types/retry/0.12.1/retry-0.12.1.tgz 27287ms (cache miss)
3136 timing reifyNode:node_modules/netlify-cli/node_modules/@types/retry Completed in 27800ms
3137 http fetch GET 200 https://cdn.npmmirror.com/packages/%40types/range-parser/1.2.4/range-parser-1.2.4.tgz 27293ms (cache miss)
3138 timing reifyNode:node_modules/netlify-cli/node_modules/@types/range-parser Completed in 27805ms
3139 http fetch GET 200 https://cdn.npmmirror.com/packages/%40types/qs/6.9.7/qs-6.9.7.tgz 27318ms (cache miss)
3140 timing reifyNode:node_modules/netlify-cli/node_modules/@types/qs Completed in 27832ms
3141 http fetch GET 200 https://cdn.npmmirror.com/packages/%40types/serve-static/1.13.10/serve-static-1.13.10.tgz 27371ms (cache miss)
3142 timing reifyNode:node_modules/netlify-cli/node_modules/@types/serve-static Completed in 27885ms
3143 http fetch GET 200 https://cdn.npmmirror.com/packages/ajv/6.12.6/ajv-6.12.6.tgz 27398ms (cache miss)
3144 timing reifyNode:node_modules/netlify-cli/node_modules/ajv Completed in 27906ms
3145 http fetch GET 200 https://cdn.npmmirror.com/packages/%40types/normalize-package-data/2.4.4/normalize-package-data-2.4.4.tgz 27407ms (cache miss)
3146 timing reifyNode:node_modules/netlify-cli/node_modules/@types/normalize-package-data Completed in 27919ms
3147 http fetch GET 200 https://cdn.npmmirror.com/packages/%40types/mime/1.3.2/mime-1.3.2.tgz 27441ms (cache miss)
3148 timing reifyNode:node_modules/netlify-cli/node_modules/@types/mime Completed in 27955ms
3149 http fetch GET 200 https://cdn.npmmirror.com/packages/%40vercel/nft/0.27.7/nft-0.27.7.tgz 27520ms (cache miss)
3150 timing reifyNode:node_modules/netlify-cli/node_modules/@vercel/nft Completed in 28030ms
3151 http fetch GET 200 https://cdn.npmmirror.com/packages/%40types/istanbul-reports/3.0.1/istanbul-reports-3.0.1.tgz 27524ms (cache miss)
3152 timing reifyNode:node_modules/netlify-cli/node_modules/@types/istanbul-reports Completed in 28037ms
3153 http fetch GET 200 https://cdn.npmmirror.com/packages/%40types/istanbul-lib-report/3.0.0/istanbul-lib-report-3.0.0.tgz 27567ms (cache miss)
3154 timing reifyNode:node_modules/netlify-cli/node_modules/@types/istanbul-lib-report Completed in 28081ms
3155 http fetch GET 200 https://cdn.npmmirror.com/packages/%40types/http-proxy/1.17.8/http-proxy-1.17.8.tgz 27622ms (cache miss)
3156 timing reifyNode:node_modules/netlify-cli/node_modules/@types/http-proxy Completed in 28137ms
3157 http fetch GET 200 https://cdn.npmmirror.com/packages/%40types/express-serve-static-core/4.17.28/express-serve-static-core-4.17.28.tgz 27626ms (cache miss)
3158 timing reifyNode:node_modules/netlify-cli/node_modules/@types/express-serve-static-core Completed in 28140ms
3159 http fetch GET 200 https://cdn.npmmirror.com/packages/%40types/istanbul-lib-coverage/2.0.4/istanbul-lib-coverage-2.0.4.tgz 27672ms (cache miss)
3160 timing reifyNode:node_modules/netlify-cli/node_modules/@types/istanbul-lib-coverage Completed in 28188ms
3161 http fetch GET 200 https://cdn.npmmirror.com/packages/%40xhmikosr/downloader/13.0.1/downloader-13.0.1.tgz 27734ms (cache miss)
3162 timing reifyNode:node_modules/netlify-cli/node_modules/@xhmikosr/downloader Completed in 28244ms
3163 http fetch GET 200 https://cdn.npmmirror.com/packages/%40xhmikosr/decompress-unzip/6.0.0/decompress-unzip-6.0.0.tgz 27757ms (cache miss)
3164 timing reifyNode:node_modules/netlify-cli/node_modules/@xhmikosr/decompress-unzip Completed in 28267ms
3165 http fetch GET 200 https://cdn.npmmirror.com/packages/%40types/connect/3.4.35/connect-3.4.35.tgz 27784ms (cache miss)
3166 timing reifyNode:node_modules/netlify-cli/node_modules/@types/connect Completed in 28299ms
3167 http fetch GET 200 https://cdn.npmmirror.com/packages/%40tsconfig/node14/1.0.1/node14-1.0.1.tgz 27815ms (cache miss)
3168 timing reifyNode:node_modules/netlify-cli/node_modules/@tsconfig/node14 Completed in 28331ms
3169 http fetch GET 200 https://cdn.npmmirror.com/packages/%40types/express/4.17.13/express-4.17.13.tgz 27893ms (cache miss)
3170 timing reifyNode:node_modules/netlify-cli/node_modules/@types/express Completed in 28411ms
3171 http fetch GET 200 https://cdn.npmmirror.com/packages/%40xhmikosr/decompress-tar/7.0.0/decompress-tar-7.0.0.tgz 27906ms (cache miss)
3172 timing reifyNode:node_modules/netlify-cli/node_modules/@xhmikosr/decompress-tar Completed in 28415ms
3173 http fetch GET 200 https://cdn.npmmirror.com/packages/%40xhmikosr/decompress-tarbz2/7.0.0/decompress-tarbz2-7.0.0.tgz 27905ms (cache miss)
3174 timing reifyNode:node_modules/netlify-cli/node_modules/@xhmikosr/decompress-tarbz2 Completed in 28417ms
3175 http fetch GET 200 https://cdn.npmmirror.com/packages/%40tsconfig/node10/1.0.8/node10-1.0.8.tgz 28014ms (cache miss)
3176 timing reifyNode:node_modules/netlify-cli/node_modules/@tsconfig/node10 Completed in 28534ms
3177 http fetch GET 200 https://cdn.npmmirror.com/packages/%40tsconfig/node12/1.0.9/node12-1.0.9.tgz 28016ms (cache miss)
3178 http fetch GET 200 https://cdn.npmmirror.com/packages/%40tokenizer/token/0.3.0/token-0.3.0.tgz 28020ms (cache miss)
3179 timing reifyNode:node_modules/netlify-cli/node_modules/@tokenizer/token Completed in 28536ms
3180 timing reifyNode:node_modules/netlify-cli/node_modules/@tsconfig/node12 Completed in 28537ms
3181 http fetch GET 200 https://cdn.npmmirror.com/packages/%40types/body-parser/1.19.2/body-parser-1.19.2.tgz 28036ms (cache miss)
3182 timing reifyNode:node_modules/netlify-cli/node_modules/@types/body-parser Completed in 28553ms
3183 http fetch GET 200 https://cdn.npmmirror.com/packages/%40sindresorhus/is/5.6.0/is-5.6.0.tgz 28151ms (cache miss)
3184 timing reifyNode:node_modules/netlify-cli/node_modules/@sindresorhus/is Completed in 28671ms
3185 http fetch GET 200 https://cdn.npmmirror.com/packages/%40sindresorhus/transliterate/1.5.0/transliterate-1.5.0.tgz 28155ms (cache miss)
3186 http fetch GET 200 https://cdn.npmmirror.com/packages/%40szmarczak/http-timer/5.0.1/http-timer-5.0.1.tgz 28157ms (cache miss)
3187 timing reifyNode:node_modules/netlify-cli/node_modules/@szmarczak/http-timer Completed in 28680ms
3188 timing reifyNode:node_modules/netlify-cli/node_modules/@sindresorhus/transliterate Completed in 28680ms
3189 http fetch GET 200 https://cdn.npmmirror.com/packages/%40types/http-cache-semantics/4.0.4/http-cache-semantics-4.0.4.tgz 28230ms (cache miss)
3190 timing reifyNode:node_modules/netlify-cli/node_modules/@types/http-cache-semantics Completed in 28747ms
3191 http fetch GET 200 https://cdn.npmmirror.com/packages/%40types/estree/1.0.5/estree-1.0.5.tgz 28264ms (cache miss)
3192 timing reifyNode:node_modules/netlify-cli/node_modules/@types/estree Completed in 28784ms
3193 http fetch POST 404 https://registry.npmmirror.com/-/npm/v1/security/audits/quick 27443ms
3194 verbose audit error HttpErrorGeneral: 404 Not Found - POST https://registry.npmmirror.com/-/npm/v1/security/audits/quick - [NOT_IMPLEMENTED] /-/npm/v1/security/* not implemented yet
3194 verbose audit error     at E:\Production_tools\Nodejs\node_modules\npm\node_modules\npm-registry-fetch\lib\check-response.js:95:15
3194 verbose audit error     at process.processTicksAndRejections (node:internal/process/task_queues:95:5)
3194 verbose audit error     at async [getReport] (E:\Production_tools\Nodejs\node_modules\npm\node_modules\@npmcli\arborist\lib\audit-report.js:335:21)
3194 verbose audit error     at async AuditReport.run (E:\Production_tools\Nodejs\node_modules\npm\node_modules\@npmcli\arborist\lib\audit-report.js:106:19) {
3194 verbose audit error   headers: [Object: null prototype] {
3194 verbose audit error     server: [ 'Tengine' ],
3194 verbose audit error     date: [ 'Tue, 19 May 2026 08:19:09 GMT' ],
3194 verbose audit error     'content-type': [ 'application/json' ],
3194 verbose audit error     'transfer-encoding': [ 'chunked' ],
3194 verbose audit error     connection: [ 'keep-alive' ],
3194 verbose audit error     'strict-transport-security': [ 'max-age=5184000' ],
3194 verbose audit error     via: [ 'ens-cache17.us37[,404666]' ],
3194 verbose audit error     'timing-allow-origin': [ '*' ],
3194 verbose audit error     eagleid: [ '9b6682a517791787499132319e' ],
3194 verbose audit error     'x-fetch-attempts': [ '1' ]
3194 verbose audit error   },
3194 verbose audit error   statusCode: 404,
3194 verbose audit error   code: 'E404',
3194 verbose audit error   method: 'POST',
3194 verbose audit error   uri: 'https://registry.npmmirror.com/-/npm/v1/security/audits/quick',
3194 verbose audit error   body: {
3194 verbose audit error     error: '[NOT_IMPLEMENTED] /-/npm/v1/security/* not implemented yet'
3194 verbose audit error   },
3194 verbose audit error   pkgid: undefined
3194 verbose audit error }
3195 silly audit error [object Object]
3196 timing auditReport:getReport Completed in 28886ms
3197 silly audit report null
3198 timing reify:audit Completed in 28888ms
3199 http fetch GET 200 https://cdn.npmmirror.com/packages/%40sindresorhus/slugify/2.2.1/slugify-2.2.1.tgz 28267ms (cache miss)
3200 timing reifyNode:node_modules/netlify-cli/node_modules/@sindresorhus/slugify Completed in 28788ms
3201 http fetch GET 200 https://cdn.npmmirror.com/packages/%40xhmikosr/decompress/9.0.1/decompress-9.0.1.tgz 28430ms (cache miss)
3202 timing reifyNode:node_modules/netlify-cli/node_modules/@xhmikosr/decompress Completed in 28942ms
3203 http fetch GET 200 https://cdn.npmmirror.com/packages/%40rollup/pluginutils/5.1.3/pluginutils-5.1.3.tgz 28430ms (cache miss)
3204 timing reifyNode:node_modules/netlify-cli/node_modules/@rollup/pluginutils Completed in 28952ms
3205 http fetch GET 200 https://cdn.npmmirror.com/packages/%40parcel/watcher/2.4.0/watcher-2.4.0.tgz 28548ms (cache miss)
3206 timing reifyNode:node_modules/netlify-cli/node_modules/@parcel/watcher Completed in 29074ms
3207 http fetch GET 200 https://cdn.npmmirror.com/packages/%40pnpm/config.env-replace/1.1.0/config.env-replace-1.1.0.tgz 28567ms (cache miss)
3208 http fetch GET 200 https://cdn.npmmirror.com/packages/%40pnpm/network.ca-file/1.0.2/network.ca-file-1.0.2.tgz 28573ms (cache miss)
3209 timing reifyNode:node_modules/netlify-cli/node_modules/@pnpm/network.ca-file Completed in 29097ms
3210 timing reifyNode:node_modules/netlify-cli/node_modules/@pnpm/config.env-replace Completed in 29116ms
3211 http fetch GET 200 https://cdn.npmmirror.com/packages/%40pkgjs/parseargs/0.11.0/parseargs-0.11.0.tgz 28591ms (cache miss)
3212 timing reifyNode:node_modules/netlify-cli/node_modules/@pkgjs/parseargs Completed in 29118ms
3213 http fetch GET 200 https://cdn.npmmirror.com/packages/%40pnpm/npm-conf/2.3.1/npm-conf-2.3.1.tgz 28661ms (cache miss)
3214 timing reifyNode:node_modules/netlify-cli/node_modules/@pnpm/npm-conf Completed in 29190ms
3215 http fetch GET 200 https://cdn.npmmirror.com/packages/%40octokit/request-error/5.1.0/request-error-5.1.0.tgz 28694ms (cache miss)
3216 http fetch GET 200 https://cdn.npmmirror.com/packages/%40tsconfig/node16/1.0.2/node16-1.0.2.tgz 28706ms (cache miss)
3217 timing reifyNode:node_modules/netlify-cli/node_modules/@tsconfig/node16 Completed in 29225ms
3218 http fetch GET 200 https://cdn.npmmirror.com/packages/%40octokit/types/13.5.0/types-13.5.0.tgz 28700ms (cache miss)
3219 timing reifyNode:node_modules/netlify-cli/node_modules/@octokit/types Completed in 29227ms
3220 timing reifyNode:node_modules/netlify-cli/node_modules/@octokit/request-error Completed in 29230ms
3221 http fetch GET 200 https://cdn.npmmirror.com/packages/%40types/node/22.10.1/node-22.10.1.tgz 28827ms (cache miss)
3222 timing reifyNode:node_modules/netlify-cli/node_modules/@types/node Completed in 29341ms
3223 http fetch GET 200 https://cdn.npmmirror.com/packages/%40octokit/plugin-request-log/4.0.1/plugin-request-log-4.0.1.tgz 28823ms (cache miss)
3224 timing reifyNode:node_modules/netlify-cli/node_modules/@octokit/plugin-request-log Completed in 29360ms
3225 http fetch GET 200 https://cdn.npmmirror.com/packages/%40octokit/rest/20.1.1/rest-20.1.1.tgz 28912ms (cache miss)
3226 timing reifyNode:node_modules/netlify-cli/node_modules/@octokit/rest Completed in 29442ms
3227 http fetch GET 200 https://cdn.npmmirror.com/packages/%40nodelib/fs.walk/1.2.8/fs.walk-1.2.8.tgz 28977ms (cache miss)
3228 timing reifyNode:node_modules/netlify-cli/node_modules/@nodelib/fs.walk Completed in 29506ms
3229 http fetch GET 200 https://cdn.npmmirror.com/packages/%40octokit/auth-token/4.0.0/auth-token-4.0.0.tgz 29039ms (cache miss)
3230 timing reifyNode:node_modules/netlify-cli/node_modules/@octokit/auth-token Completed in 29586ms
3231 http fetch GET 200 https://cdn.npmmirror.com/packages/%40octokit/core/5.2.0/core-5.2.0.tgz 29064ms (cache miss)
3232 timing reifyNode:node_modules/netlify-cli/node_modules/@octokit/core Completed in 29595ms
3233 http fetch GET 200 https://cdn.npmmirror.com/packages/%40octokit/endpoint/9.0.5/endpoint-9.0.5.tgz 29071ms (cache miss)
3234 timing reifyNode:node_modules/netlify-cli/node_modules/@octokit/endpoint Completed in 29601ms
3235 http fetch GET 200 https://cdn.npmmirror.com/packages/%40xhmikosr/archive-type/6.0.1/archive-type-6.0.1.tgz 29108ms (cache miss)
3236 timing reifyNode:node_modules/netlify-cli/node_modules/@xhmikosr/archive-type Completed in 29621ms
3237 http fetch GET 200 https://cdn.npmmirror.com/packages/%40octokit/graphql/7.1.0/graphql-7.1.0.tgz 29094ms (cache miss)
3238 timing reifyNode:node_modules/netlify-cli/node_modules/@octokit/graphql Completed in 29626ms
3239 http fetch GET 200 https://cdn.npmmirror.com/packages/%40netlify/plugins-list/6.80.0/plugins-list-6.80.0.tgz 29172ms (cache miss)
3240 timing reifyNode:node_modules/netlify-cli/node_modules/@netlify/plugins-list Completed in 29705ms
3241 http fetch GET 200 https://cdn.npmmirror.com/packages/%40octokit/plugin-paginate-rest/11.3.1/plugin-paginate-rest-11.3.1.tgz 29188ms (cache miss)
3242 timing reifyNode:node_modules/netlify-cli/node_modules/@octokit/plugin-paginate-rest Completed in 29719ms
3243 http fetch GET 200 https://cdn.npmmirror.com/packages/%40netlify/run-utils/5.2.0/run-utils-5.2.0.tgz 29190ms (cache miss)
3244 timing reifyNode:node_modules/netlify-cli/node_modules/@netlify/run-utils Completed in 29723ms
3245 http fetch GET 200 https://cdn.npmmirror.com/packages/%40nodelib/fs.stat/2.0.5/fs.stat-2.0.5.tgz 29232ms (cache miss)
3246 timing reifyNode:node_modules/netlify-cli/node_modules/@nodelib/fs.stat Completed in 29764ms
3247 http fetch GET 200 https://cdn.npmmirror.com/packages/%40xhmikosr/decompress-targz/7.0.0/decompress-targz-7.0.0.tgz 29311ms (cache miss)
3248 timing reifyNode:node_modules/netlify-cli/node_modules/@xhmikosr/decompress-targz Completed in 29829ms
3249 http fetch GET 200 https://cdn.npmmirror.com/packages/%40opentelemetry/api/1.8.0/api-1.8.0.tgz 29455ms (cache miss)
3250 timing reifyNode:node_modules/netlify-cli/node_modules/@opentelemetry/api Completed in 29984ms
3251 http fetch GET 200 https://cdn.npmmirror.com/packages/%40netlify/redirect-parser/14.5.0/redirect-parser-14.5.0.tgz 29462ms (cache miss)
3252 timing reifyNode:node_modules/netlify-cli/node_modules/@netlify/redirect-parser Completed in 30012ms
3253 http fetch GET 200 https://cdn.npmmirror.com/packages/%40octokit/request/8.4.0/request-8.4.0.tgz 29506ms (cache miss)
3254 timing reifyNode:node_modules/netlify-cli/node_modules/@octokit/request Completed in 30036ms
3255 http fetch GET 200 https://cdn.npmmirror.com/packages/%40trysound/sax/0.2.0/sax-0.2.0.tgz 29564ms (cache miss)
3256 timing reifyNode:node_modules/netlify-cli/node_modules/@trysound/sax Completed in 30083ms
3257 http fetch GET 200 https://cdn.npmmirror.com/packages/%40netlify/headers-parser/7.3.0/headers-parser-7.3.0.tgz 29562ms (cache miss)
3258 http fetch GET 200 https://cdn.npmmirror.com/packages/%40octokit/plugin-rest-endpoint-methods/13.2.2/plugin-rest-endpoint-methods-13.2.2.tgz 29590ms (cache miss)
3259 timing reifyNode:node_modules/netlify-cli/node_modules/@octokit/plugin-rest-endpoint-methods Completed in 30118ms
3260 timing reifyNode:node_modules/netlify-cli/node_modules/@netlify/headers-parser Completed in 30115ms
3261 http fetch GET 200 https://cdn.npmmirror.com/packages/%40netlify/git-utils/5.2.0/git-utils-5.2.0.tgz 29687ms (cache miss)
3262 timing reifyNode:node_modules/netlify-cli/node_modules/@netlify/git-utils Completed in 30231ms
3263 http fetch GET 200 https://cdn.npmmirror.com/packages/%40nodelib/fs.scandir/2.1.5/fs.scandir-2.1.5.tgz 29743ms (cache miss)
3264 timing reifyNode:node_modules/netlify-cli/node_modules/@nodelib/fs.scandir Completed in 30275ms
3265 http fetch GET 200 https://cdn.npmmirror.com/packages/%40netlify/node-cookies/0.1.0/node-cookies-0.1.0.tgz 29850ms (cache miss)
3266 timing reifyNode:node_modules/netlify-cli/node_modules/@netlify/node-cookies Completed in 30383ms
3267 http fetch GET 200 https://cdn.npmmirror.com/packages/%40netlify/cache-utils/5.2.0/cache-utils-5.2.0.tgz 30034ms (cache miss)
3268 timing reifyNode:node_modules/netlify-cli/node_modules/@netlify/cache-utils Completed in 30582ms
3269 http fetch GET 200 https://cdn.npmmirror.com/packages/%40parcel/watcher-win32-x64/2.4.0/watcher-win32-x64-2.4.0.tgz 30089ms (cache miss)
3270 timing reifyNode:node_modules/netlify-cli/node_modules/@parcel/watcher-win32-x64 Completed in 30611ms
3271 http fetch GET 200 https://cdn.npmmirror.com/packages/%40jridgewell/resolve-uri/3.1.0/resolve-uri-3.1.0.tgz 30152ms (cache miss)
3272 timing reifyNode:node_modules/netlify-cli/node_modules/@jridgewell/resolve-uri Completed in 30678ms
3273 http fetch GET 200 https://cdn.npmmirror.com/packages/%40lukeed/ms/2.0.1/ms-2.0.1.tgz 30319ms (cache miss)
3274 timing reifyNode:node_modules/netlify-cli/node_modules/@lukeed/ms Completed in 30848ms
3275 http fetch GET 200 https://cdn.npmmirror.com/packages/%40netlify/binary-info/1.0.0/binary-info-1.0.0.tgz 30321ms (cache miss)
3276 timing reifyNode:node_modules/netlify-cli/node_modules/@netlify/binary-info Completed in 30848ms
3277 http fetch GET 200 https://cdn.npmmirror.com/packages/%40jridgewell/trace-mapping/0.3.9/trace-mapping-0.3.9.tgz 30471ms (cache miss)
3278 timing reifyNode:node_modules/netlify-cli/node_modules/@jridgewell/trace-mapping Completed in 30999ms
3279 http fetch GET 200 https://cdn.npmmirror.com/packages/%40mapbox/node-pre-gyp/1.0.11/node-pre-gyp-1.0.11.tgz 30516ms (cache miss)
3280 timing reifyNode:node_modules/netlify-cli/node_modules/@mapbox/node-pre-gyp Completed in 31043ms
3281 http fetch GET 200 https://cdn.npmmirror.com/packages/%40netlify/zip-it-and-ship-it/9.42.1/zip-it-and-ship-it-9.42.1.tgz 30553ms (cache miss)
3282 timing reifyNode:node_modules/netlify-cli/node_modules/@netlify/zip-it-and-ship-it Completed in 31086ms
3283 http fetch GET 200 https://cdn.npmmirror.com/packages/%40jest/types/27.5.1/types-27.5.1.tgz 30569ms (cache miss)
3284 timing reifyNode:node_modules/netlify-cli/node_modules/@jest/types Completed in 31106ms
3285 http fetch GET 200 https://cdn.npmmirror.com/packages/%40netlify/functions-utils/5.3.1/functions-utils-5.3.1.tgz 30720ms (cache miss)
3286 timing reifyNode:node_modules/netlify-cli/node_modules/@netlify/functions-utils Completed in 31258ms
3287 http fetch GET 200 https://cdn.npmmirror.com/packages/%40isaacs/cliui/8.0.2/cliui-8.0.2.tgz 30716ms (cache miss)
3288 timing reifyNode:node_modules/netlify-cli/node_modules/@isaacs/cliui Completed in 31249ms
3289 http fetch GET 200 https://cdn.npmmirror.com/packages/%40ioredis/commands/1.2.0/commands-1.2.0.tgz 30751ms (cache miss)
3290 timing reifyNode:node_modules/netlify-cli/node_modules/@ioredis/commands Completed in 31285ms
3291 http fetch GET 200 https://cdn.npmmirror.com/packages/%40netlify/config/20.21.0/config-20.21.0.tgz 30769ms (cache miss)
3292 timing reifyNode:node_modules/netlify-cli/node_modules/@netlify/config Completed in 31302ms
3293 http fetch GET 200 https://cdn.npmmirror.com/packages/%40import-maps/resolve/1.0.1/resolve-1.0.1.tgz 30805ms (cache miss)
3294 timing reifyNode:node_modules/netlify-cli/node_modules/@import-maps/resolve Completed in 31353ms
3295 http fetch GET 200 https://cdn.npmmirror.com/packages/%40netlify/local-functions-proxy/1.1.1/local-functions-proxy-1.1.1.tgz 30862ms (cache miss)
3296 timing reifyNode:node_modules/netlify-cli/node_modules/@netlify/local-functions-proxy Completed in 31395ms
3297 http fetch GET 200 https://cdn.npmmirror.com/packages/%40netlify/framework-info/9.9.0/framework-info-9.9.0.tgz 30862ms (cache miss)
3298 timing reifyNode:node_modules/netlify-cli/node_modules/@netlify/framework-info Completed in 31395ms
3299 http fetch GET 200 https://cdn.npmmirror.com/packages/%40netlify/edge-functions/2.11.1/edge-functions-2.11.1.tgz 30984ms (cache miss)
3300 timing reifyNode:node_modules/netlify-cli/node_modules/@netlify/edge-functions Completed in 31537ms
3301 http fetch GET 200 https://cdn.npmmirror.com/packages/%40iarna/toml/2.2.5/toml-2.2.5.tgz 31083ms (cache miss)
3302 timing reifyNode:node_modules/netlify-cli/node_modules/@iarna/toml Completed in 31616ms
3303 http fetch GET 200 https://cdn.npmmirror.com/packages/%40fastify/merge-json-schemas/0.1.1/merge-json-schemas-0.1.1.tgz 31086ms (cache miss)
3304 timing reifyNode:node_modules/netlify-cli/node_modules/@fastify/merge-json-schemas Completed in 31617ms
3305 http fetch GET 200 https://cdn.npmmirror.com/packages/%40jridgewell/sourcemap-codec/1.4.15/sourcemap-codec-1.4.15.tgz 31122ms (cache miss)
3306 timing reifyNode:node_modules/netlify-cli/node_modules/@jridgewell/sourcemap-codec Completed in 31657ms
3307 http fetch GET 200 https://cdn.npmmirror.com/packages/%40humanwhocodes/momoa/2.0.4/momoa-2.0.4.tgz 31155ms (cache miss)
3308 timing reifyNode:node_modules/netlify-cli/node_modules/@humanwhocodes/momoa Completed in 31688ms
3309 http fetch GET 200 https://cdn.npmmirror.com/packages/%40netlify/opentelemetry-utils/1.3.0/opentelemetry-utils-1.3.0.tgz 31249ms (cache miss)
3310 timing reifyNode:node_modules/netlify-cli/node_modules/@netlify/opentelemetry-utils Completed in 31785ms
3311 http fetch GET 200 https://cdn.npmmirror.com/packages/%40fastify/error/3.4.1/error-3.4.1.tgz 31269ms (cache miss)
3312 http fetch GET 200 https://cdn.npmmirror.com/packages/%40fastify/fast-json-stringify-compiler/4.3.0/fast-json-stringify-compiler-4.3.0.tgz 31281ms (cache miss)
3313 timing reifyNode:node_modules/netlify-cli/node_modules/@fastify/fast-json-stringify-compiler Completed in 31815ms
3314 timing reifyNode:node_modules/netlify-cli/node_modules/@fastify/error Completed in 31817ms
3315 http fetch GET 200 https://cdn.npmmirror.com/packages/%40octokit/openapi-types/22.2.0/openapi-types-22.2.0.tgz 31317ms (cache miss)
3316 timing reifyNode:node_modules/netlify-cli/node_modules/@octokit/openapi-types Completed in 31847ms
3317 http fetch GET 200 https://cdn.npmmirror.com/packages/%40dependents/detective-less/4.1.0/detective-less-4.1.0.tgz 31330ms (cache miss)
3318 timing reifyNode:node_modules/netlify-cli/node_modules/@dependents/detective-less Completed in 31863ms
3319 http fetch GET 200 https://cdn.npmmirror.com/packages/%40netlify/build/29.58.0/build-29.58.0.tgz 31345ms (cache miss)
3320 timing reifyNode:node_modules/netlify-cli/node_modules/@netlify/build Completed in 31873ms
3321 http fetch GET 200 https://cdn.npmmirror.com/packages/strip-ansi/6.0.1/strip-ansi-6.0.1.tgz 31338ms (cache hit)
3322 timing reifyNode:node_modules/netlify-cli/node_modules/yargs/node_modules/strip-ansi Completed in 31984ms
3323 http fetch GET 200 https://cdn.npmmirror.com/packages/%40fastify/accept-negotiator/1.1.0/accept-negotiator-1.1.0.tgz 31405ms (cache miss)
3324 timing reifyNode:node_modules/netlify-cli/node_modules/@fastify/accept-negotiator Completed in 31939ms
3325 http fetch GET 200 https://cdn.npmmirror.com/packages/%40rollup/rollup-win32-x64-msvc/4.22.4/rollup-win32-x64-msvc-4.22.4.tgz 31512ms (cache miss)
3326 timing reifyNode:node_modules/netlify-cli/node_modules/@rollup/rollup-win32-x64-msvc Completed in 32035ms
3327 http fetch GET 200 https://cdn.npmmirror.com/packages/%40cspotcode/source-map-support/0.8.1/source-map-support-0.8.1.tgz 31511ms (cache miss)
3328 timing reifyNode:node_modules/netlify-cli/node_modules/@cspotcode/source-map-support Completed in 32045ms
3329 http fetch GET 200 https://cdn.npmmirror.com/packages/%40netlify/blobs/8.1.0/blobs-8.1.0.tgz 31524ms (cache miss)
3330 timing reifyNode:node_modules/netlify-cli/node_modules/@netlify/blobs Completed in 32053ms
3331 http fetch GET 200 https://cdn.npmmirror.com/packages/strip-ansi/6.0.1/strip-ansi-6.0.1.tgz 31555ms (cache hit)
3332 http fetch GET 200 https://cdn.npmmirror.com/packages/%40bugsnag/safe-json-stringify/6.0.0/safe-json-stringify-6.0.0.tgz 31568ms (cache miss)
3333 timing reifyNode:node_modules/netlify-cli/node_modules/@bugsnag/safe-json-stringify Completed in 32101ms
3334 timing reifyNode:node_modules/netlify-cli/node_modules/wrap-ansi-cjs/node_modules/strip-ansi Completed in 32205ms
3335 http fetch GET 200 https://cdn.npmmirror.com/packages/%40bugsnag/js/7.25.0/js-7.25.0.tgz 31589ms (cache miss)
3336 timing reifyNode:node_modules/netlify-cli/node_modules/@bugsnag/js Completed in 32129ms
3337 http fetch GET 200 https://cdn.npmmirror.com/packages/%40colors/colors/1.5.0/colors-1.5.0.tgz 31601ms (cache miss)
3338 timing reifyNode:node_modules/netlify-cli/node_modules/@colors/colors Completed in 32135ms
3339 http fetch GET 200 https://cdn.npmmirror.com/packages/%40fastify/ajv-compiler/3.5.0/ajv-compiler-3.5.0.tgz 31735ms (cache miss)
3340 timing reifyNode:node_modules/netlify-cli/node_modules/@fastify/ajv-compiler Completed in 32270ms
3341 http fetch GET 200 https://cdn.npmmirror.com/packages/strip-ansi/6.0.1/strip-ansi-6.0.1.tgz 31769ms (cache hit)
3342 timing reifyNode:node_modules/netlify-cli/node_modules/wrap-ansi/node_modules/strip-ansi Completed in 32415ms
3343 http fetch GET 200 https://cdn.npmmirror.com/packages/%40babel/helper-string-parser/7.25.9/helper-string-parser-7.25.9.tgz 31871ms (cache miss)
3344 timing reifyNode:node_modules/netlify-cli/node_modules/@babel/helper-string-parser Completed in 32413ms
3345 http fetch GET 200 https://cdn.npmmirror.com/packages/%40netlify/open-api/2.35.0/open-api-2.35.0.tgz 31911ms (cache miss)
3346 timing reifyNode:node_modules/netlify-cli/node_modules/@netlify/open-api Completed in 32444ms
3347 http fetch GET 200 https://cdn.npmmirror.com/packages/string_decoder/1.3.0/string_decoder-1.3.0.tgz 31956ms (cache miss)
3348 timing reifyNode:node_modules/netlify-cli/node_modules/zip-stream/node_modules/string_decoder Completed in 32599ms
3349 http fetch GET 200 https://cdn.npmmirror.com/packages/%40bugsnag/browser/7.25.0/browser-7.25.0.tgz 31978ms (cache miss)
3350 timing reifyNode:node_modules/netlify-cli/node_modules/@bugsnag/browser Completed in 32516ms
3351 http fetch GET 200 https://cdn.npmmirror.com/packages/%40fastify/static/7.0.4/static-7.0.4.tgz 32022ms (cache miss)
3352 timing reifyNode:node_modules/netlify-cli/node_modules/@fastify/static Completed in 32556ms
3353 http fetch GET 200 https://cdn.npmmirror.com/packages/cliui/8.0.1/cliui-8.0.1.tgz 32127ms (cache miss)
3354 timing reifyNode:node_modules/netlify-cli/node_modules/yargs/node_modules/cliui Completed in 32778ms
3355 http fetch GET 200 https://cdn.npmmirror.com/packages/commander/2.20.3/commander-2.20.3.tgz 32222ms (cache miss)
3356 timing reifyNode:node_modules/netlify-cli/node_modules/xss/node_modules/commander Completed in 32863ms
3357 http fetch GET 200 https://cdn.npmmirror.com/packages/readable-stream/4.5.2/readable-stream-4.5.2.tgz 32255ms (cache miss)
3358 timing reifyNode:node_modules/netlify-cli/node_modules/zip-stream/node_modules/readable-stream Completed in 32897ms
3359 http fetch GET 200 https://cdn.npmmirror.com/packages/safe-buffer/5.2.1/safe-buffer-5.2.1.tgz 32364ms (cache miss)
3360 timing reifyNode:node_modules/netlify-cli/node_modules/zip-stream/node_modules/safe-buffer Completed in 33008ms
3361 http fetch GET 200 https://cdn.npmmirror.com/packages/%40babel/code-frame/7.26.0/code-frame-7.26.0.tgz 32372ms (cache miss)
3362 timing reifyNode:node_modules/netlify-cli/node_modules/@babel/code-frame Completed in 32913ms
3363 http fetch GET 200 https://cdn.npmmirror.com/packages/%40babel/types/7.26.3/types-7.26.3.tgz 32442ms (cache miss)
3364 timing reifyNode:node_modules/netlify-cli/node_modules/@babel/types Completed in 32979ms
3365 http fetch GET 200 https://cdn.npmmirror.com/packages/%40bugsnag/cuid/3.1.1/cuid-3.1.1.tgz 32460ms (cache miss)
3366 http fetch GET 200 https://cdn.npmmirror.com/packages/color-name/1.1.4/color-name-1.1.4.tgz 32459ms (cache miss)
3367 timing reifyNode:node_modules/netlify-cli/node_modules/wrap-ansi-cjs/node_modules/color-name Completed in 33100ms
3368 http fetch GET 200 https://cdn.npmmirror.com/packages/%40bugsnag/node/7.25.0/node-7.25.0.tgz 32468ms (cache miss)
3369 timing reifyNode:node_modules/netlify-cli/node_modules/@bugsnag/node Completed in 33003ms
3370 timing reifyNode:node_modules/netlify-cli/node_modules/@bugsnag/cuid Completed in 33005ms
3371 http fetch GET 200 https://cdn.npmmirror.com/packages/%40dabh/diagnostics/2.0.2/diagnostics-2.0.2.tgz 32530ms (cache miss)
3372 timing reifyNode:node_modules/netlify-cli/node_modules/@dabh/diagnostics Completed in 33063ms
3373 http fetch GET 200 https://cdn.npmmirror.com/packages/%40babel/helper-validator-identifier/7.25.9/helper-validator-identifier-7.25.9.tgz 32536ms (cache miss)
3374 timing reifyNode:node_modules/netlify-cli/node_modules/@babel/helper-validator-identifier Completed in 33081ms
3375 http fetch GET 200 https://cdn.npmmirror.com/packages/ansi-styles/4.3.0/ansi-styles-4.3.0.tgz 32664ms (cache miss)
3376 timing reifyNode:node_modules/netlify-cli/node_modules/wrap-ansi-cjs/node_modules/ansi-styles Completed in 33309ms
3377 http fetch GET 200 https://cdn.npmmirror.com/packages/yargs-parser/21.1.1/yargs-parser-21.1.1.tgz 32675ms (cache miss)
3378 timing reifyNode:node_modules/netlify-cli/node_modules/yargs/node_modules/yargs-parser Completed in 33319ms
3379 http fetch GET 200 https://cdn.npmmirror.com/packages/ansi-styles/4.3.0/ansi-styles-4.3.0.tgz 32700ms (cache miss)
3380 http fetch GET 200 https://cdn.npmmirror.com/packages/is-stream/2.0.1/is-stream-2.0.1.tgz 32703ms (cache miss)
3381 timing reifyNode:node_modules/netlify-cli/node_modules/winston/node_modules/is-stream Completed in 33346ms
3382 timing reifyNode:node_modules/netlify-cli/node_modules/wrap-ansi/node_modules/ansi-styles Completed in 33347ms
3383 http fetch GET 200 https://cdn.npmmirror.com/packages/buffer/6.0.3/buffer-6.0.3.tgz 32758ms (cache miss)
3384 timing reifyNode:node_modules/netlify-cli/node_modules/zip-stream/node_modules/buffer Completed in 33404ms
3385 http fetch GET 200 https://cdn.npmmirror.com/packages/color-name/1.1.4/color-name-1.1.4.tgz 32788ms (cache hit)
3386 http fetch GET 200 https://cdn.npmmirror.com/packages/isexe/2.0.0/isexe-2.0.0.tgz 32794ms (cache miss)
3387 timing reifyNode:node_modules/netlify-cli/node_modules/which/node_modules/isexe Completed in 33438ms
3388 timing reifyNode:node_modules/netlify-cli/node_modules/wait-port/node_modules/color-name Completed in 33437ms
3389 http fetch GET 200 https://cdn.npmmirror.com/packages/emoji-regex/9.2.2/emoji-regex-9.2.2.tgz 32799ms (cache miss)
3390 timing reifyNode:node_modules/netlify-cli/node_modules/widest-line/node_modules/emoji-regex Completed in 33444ms
3391 http fetch GET 200 https://cdn.npmmirror.com/packages/%40bugsnag/core/7.25.0/core-7.25.0.tgz 32846ms (cache miss)
3392 timing reifyNode:node_modules/netlify-cli/node_modules/@bugsnag/core Completed in 33386ms
3393 http fetch GET 200 https://cdn.npmmirror.com/packages/%40babel/parser/7.26.1/parser-7.26.1.tgz 32881ms (cache miss)
3394 timing reifyNode:node_modules/netlify-cli/node_modules/@babel/parser Completed in 33418ms
3395 http fetch GET 200 https://cdn.npmmirror.com/packages/string-width/5.1.2/string-width-5.1.2.tgz 32918ms (cache miss)
3396 timing reifyNode:node_modules/netlify-cli/node_modules/widest-line/node_modules/string-width Completed in 33565ms
3397 http fetch GET 200 https://cdn.npmmirror.com/packages/color-name/1.1.4/color-name-1.1.4.tgz 32949ms (cache miss)
3398 timing reifyNode:node_modules/netlify-cli/node_modules/wrap-ansi/node_modules/color-name Completed in 33591ms
3399 http fetch GET 200 https://cdn.npmmirror.com/packages/webidl-conversions/3.0.1/webidl-conversions-3.0.1.tgz 32950ms (cache miss)
3400 timing reifyNode:node_modules/netlify-cli/node_modules/whatwg-url/node_modules/webidl-conversions Completed in 33594ms
3401 http fetch GET 200 https://cdn.npmmirror.com/packages/wrap-ansi/9.0.0/wrap-ansi-9.0.0.tgz 33011ms (cache miss)
3402 timing reifyNode:node_modules/netlify-cli/node_modules/update-notifier/node_modules/wrap-ansi Completed in 33655ms
3403 http fetch GET 200 https://cdn.npmmirror.com/packages/supports-color/7.2.0/supports-color-7.2.0.tgz 33033ms (cache miss)
3404 timing reifyNode:node_modules/netlify-cli/node_modules/wait-port/node_modules/supports-color Completed in 33679ms
3405 http fetch GET 200 https://cdn.npmmirror.com/packages/color-convert/2.0.1/color-convert-2.0.1.tgz 33040ms (cache miss)
3406 timing reifyNode:node_modules/netlify-cli/node_modules/wrap-ansi-cjs/node_modules/color-convert Completed in 33681ms
3407 http fetch GET 200 https://cdn.npmmirror.com/packages/commander/9.5.0/commander-9.5.0.tgz 33063ms (cache miss)
3408 timing reifyNode:node_modules/netlify-cli/node_modules/wait-port/node_modules/commander Completed in 33706ms
3409 http fetch GET 200 https://cdn.npmmirror.com/packages/ansi-styles/4.3.0/ansi-styles-4.3.0.tgz 33114ms (cache miss)
3410 timing reifyNode:node_modules/netlify-cli/node_modules/wait-port/node_modules/ansi-styles Completed in 33759ms
3411 http fetch GET 200 https://cdn.npmmirror.com/packages/color-convert/2.0.1/color-convert-2.0.1.tgz 33160ms (cache miss)
3412 timing reifyNode:node_modules/netlify-cli/node_modules/wrap-ansi/node_modules/color-convert Completed in 33807ms
3413 http fetch GET 200 https://cdn.npmmirror.com/packages/chalk/4.1.2/chalk-4.1.2.tgz 33188ms (cache miss)
3414 timing reifyNode:node_modules/netlify-cli/node_modules/wait-port/node_modules/chalk Completed in 33844ms
3415 http fetch GET 200 https://cdn.npmmirror.com/packages/strip-ansi/6.0.1/strip-ansi-6.0.1.tgz 33193ms (cache hit)
3416 timing reifyNode:node_modules/netlify-cli/node_modules/string-width/node_modules/strip-ansi Completed in 33844ms
3417 http fetch GET 200 https://cdn.npmmirror.com/packages/signal-exit/4.1.0/signal-exit-4.1.0.tgz 33235ms (cache miss)
3418 http fetch GET 200 https://cdn.npmmirror.com/packages/%40fastify/send/2.0.1/send-2.0.1.tgz 33252ms (cache miss)
3419 timing reifyNode:node_modules/netlify-cli/node_modules/@fastify/send Completed in 33785ms
3420 http fetch GET 200 https://cdn.npmmirror.com/packages/graceful-fs/4.2.11/graceful-fs-4.2.11.tgz 33245ms (cache miss)
3421 timing reifyNode:node_modules/netlify-cli/node_modules/update-notifier/node_modules/graceful-fs Completed in 33892ms
3422 http fetch GET 200 https://cdn.npmmirror.com/packages/string-width/7.2.0/string-width-7.2.0.tgz 33250ms (cache miss)
3423 timing reifyNode:node_modules/netlify-cli/node_modules/update-notifier/node_modules/string-width Completed in 33898ms
3424 timing reifyNode:node_modules/netlify-cli/node_modules/write-file-atomic/node_modules/signal-exit Completed in 33912ms
3425 http fetch GET 200 https://cdn.npmmirror.com/packages/boxen/8.0.1/boxen-8.0.1.tgz 33294ms (cache miss)
3426 timing reifyNode:node_modules/netlify-cli/node_modules/update-notifier/node_modules/boxen Completed in 33946ms
3427 http fetch GET 200 https://cdn.npmmirror.com/packages/color-name/1.1.4/color-name-1.1.4.tgz 33289ms (cache hit)
3428 http fetch GET 200 https://cdn.npmmirror.com/packages/color-convert/2.0.1/color-convert-2.0.1.tgz 33308ms (cache miss)
3429 timing reifyNode:node_modules/netlify-cli/node_modules/sharp/node_modules/color-name Completed in 33944ms
3430 timing reifyNode:node_modules/netlify-cli/node_modules/wait-port/node_modules/color-convert Completed in 33960ms
3431 http fetch GET 200 https://cdn.npmmirror.com/packages/emoji-regex/10.4.0/emoji-regex-10.4.0.tgz 33330ms (cache miss)
3432 timing reifyNode:node_modules/netlify-cli/node_modules/update-notifier/node_modules/emoji-regex Completed in 33977ms
3433 http fetch GET 200 https://cdn.npmmirror.com/packages/type-fest/4.26.1/type-fest-4.26.1.tgz 33362ms (cache miss)
3434 timing reifyNode:node_modules/netlify-cli/node_modules/update-notifier/node_modules/type-fest Completed in 34005ms
3435 http fetch GET 200 https://cdn.npmmirror.com/packages/%40colors/colors/1.6.0/colors-1.6.0.tgz 33394ms (cache miss)
3436 timing reifyNode:node_modules/netlify-cli/node_modules/winston/node_modules/@colors/colors Completed in 34038ms
3437 http fetch GET 200 https://cdn.npmmirror.com/packages/camelcase/8.0.0/camelcase-8.0.0.tgz 33394ms (cache miss)
3438 timing reifyNode:node_modules/netlify-cli/node_modules/update-notifier/node_modules/camelcase Completed in 34044ms
3439 http fetch GET 200 https://cdn.npmmirror.com/packages/mime/3.0.0/mime-3.0.0.tgz 33432ms (cache miss)
3440 timing reifyNode:node_modules/netlify-cli/node_modules/unenv/node_modules/mime Completed in 34081ms
3441 http fetch GET 200 https://cdn.npmmirror.com/packages/commander/2.20.3/commander-2.20.3.tgz 33435ms (cache hit)
3442 http fetch GET 200 https://cdn.npmmirror.com/packages/ansi-escapes/5.0.0/ansi-escapes-5.0.0.tgz 33447ms (cache miss)
3443 timing reifyNode:node_modules/netlify-cli/node_modules/terminal-link/node_modules/ansi-escapes Completed in 34093ms
3444 timing reifyNode:node_modules/netlify-cli/node_modules/seek-bzip/node_modules/commander Completed in 34090ms
3445 http fetch GET 200 https://cdn.npmmirror.com/packages/normalize-path/2.1.1/normalize-path-2.1.1.tgz 33488ms (cache miss)
3446 timing reifyNode:node_modules/netlify-cli/node_modules/unixify/node_modules/normalize-path Completed in 34137ms
3447 http fetch GET 200 https://cdn.npmmirror.com/packages/tmp/0.2.1/tmp-0.2.1.tgz 33527ms (cache miss)
3448 timing reifyNode:node_modules/netlify-cli/node_modules/tmp-promise/node_modules/tmp Completed in 34175ms
3449 http fetch GET 200 https://cdn.npmmirror.com/packages/mkdirp/1.0.4/mkdirp-1.0.4.tgz 33551ms (cache miss)
3450 http fetch GET 200 https://cdn.npmmirror.com/packages/color-convert/2.0.1/color-convert-2.0.1.tgz 33550ms (cache hit)
3451 timing reifyNode:node_modules/netlify-cli/node_modules/tar/node_modules/mkdirp Completed in 34209ms
3452 timing reifyNode:node_modules/netlify-cli/node_modules/sharp/node_modules/color-convert Completed in 34207ms
3453 http fetch GET 200 https://cdn.npmmirror.com/packages/supports-color/7.2.0/supports-color-7.2.0.tgz 33578ms (cache miss)
3454 http fetch GET 200 https://cdn.npmmirror.com/packages/widest-line/5.0.0/widest-line-5.0.0.tgz 33585ms (cache miss)
3455 timing reifyNode:node_modules/netlify-cli/node_modules/supports-hyperlinks/node_modules/supports-color Completed in 34229ms
3456 timing reifyNode:node_modules/netlify-cli/node_modules/update-notifier/node_modules/widest-line Completed in 34236ms
3457 http fetch GET 200 https://cdn.npmmirror.com/packages/commander/7.2.0/commander-7.2.0.tgz 33612ms (cache miss)
3458 timing reifyNode:node_modules/netlify-cli/node_modules/svgo/node_modules/commander Completed in 34260ms
3459 http fetch GET 200 https://cdn.npmmirror.com/packages/is-plain-obj/1.1.0/is-plain-obj-1.1.0.tgz 33619ms (cache miss)
3460 timing reifyNode:node_modules/netlify-cli/node_modules/strip-dirs/node_modules/is-plain-obj Completed in 34265ms
3461 http fetch GET 200 https://cdn.npmmirror.com/packages/ansi-regex/6.0.1/ansi-regex-6.0.1.tgz 33633ms (cache miss)
3462 timing reifyNode:node_modules/netlify-cli/node_modules/strip-ansi/node_modules/ansi-regex Completed in 34282ms
3463 http fetch GET 200 https://cdn.npmmirror.com/packages/type-fest/1.4.0/type-fest-1.4.0.tgz 33656ms (cache miss)
3464 timing reifyNode:node_modules/netlify-cli/node_modules/terminal-link/node_modules/type-fest Completed in 34302ms
3465 http fetch GET 200 https://cdn.npmmirror.com/packages/is-fullwidth-code-point/3.0.0/is-fullwidth-code-point-3.0.0.tgz 33701ms (cache miss)
3466 timing reifyNode:node_modules/netlify-cli/node_modules/string-width/node_modules/is-fullwidth-code-point Completed in 34349ms
3467 http fetch GET 200 https://cdn.npmmirror.com/packages/%40netlify/build-info/7.17.0/build-info-7.17.0.tgz 33750ms (cache miss)
3468 timing reifyNode:node_modules/netlify-cli/node_modules/@netlify/build-info Completed in 34281ms
3469 http fetch GET 200 https://cdn.npmmirror.com/packages/is-arrayish/0.3.2/is-arrayish-0.3.2.tgz 33762ms (cache miss)
3470 timing reifyNode:node_modules/netlify-cli/node_modules/simple-swizzle/node_modules/is-arrayish Completed in 34406ms
3471 http fetch GET 200 https://cdn.npmmirror.com/packages/is-plain-obj/1.1.0/is-plain-obj-1.1.0.tgz 33765ms (cache miss)
3472 timing reifyNode:node_modules/netlify-cli/node_modules/sort-keys/node_modules/is-plain-obj Completed in 34415ms
3473 http fetch GET 200 https://cdn.npmmirror.com/packages/is-fullwidth-code-point/3.0.0/is-fullwidth-code-point-3.0.0.tgz 33851ms (cache miss)
3474 timing reifyNode:node_modules/netlify-cli/node_modules/string-width-cjs/node_modules/is-fullwidth-code-point Completed in 34498ms
3475 http fetch GET 200 https://cdn.npmmirror.com/packages/depd/2.0.0/depd-2.0.0.tgz 33861ms (cache miss)
3476 timing reifyNode:node_modules/netlify-cli/node_modules/send/node_modules/depd Completed in 34512ms
3477 http fetch GET 200 https://cdn.npmmirror.com/packages/diff/4.0.2/diff-4.0.2.tgz 33874ms (cache miss)
3478 timing reifyNode:node_modules/netlify-cli/node_modules/ts-node/node_modules/diff Completed in 34525ms
3479 http fetch GET 200 https://cdn.npmmirror.com/packages/strip-ansi/6.0.1/strip-ansi-6.0.1.tgz 33903ms (cache hit)
3480 timing reifyNode:node_modules/netlify-cli/node_modules/string-width-cjs/node_modules/strip-ansi Completed in 34562ms
3481 http fetch GET 200 https://cdn.npmmirror.com/packages/http-errors/2.0.0/http-errors-2.0.0.tgz 33914ms (cache miss)
3482 http fetch GET 200 https://cdn.npmmirror.com/packages/configstore/7.0.0/configstore-7.0.0.tgz 33925ms (cache miss)
3483 http fetch GET 200 https://cdn.npmmirror.com/packages/is-stream/3.0.0/is-stream-3.0.0.tgz 33924ms (cache miss)
3484 timing reifyNode:node_modules/netlify-cli/node_modules/update-notifier/node_modules/configstore Completed in 34575ms
3485 timing reifyNode:node_modules/netlify-cli/node_modules/send/node_modules/http-errors Completed in 34565ms
3486 timing reifyNode:node_modules/netlify-cli/node_modules/tempy/node_modules/is-stream Completed in 34572ms
3487 http fetch GET 200 https://cdn.npmmirror.com/packages/node-addon-api/6.1.0/node-addon-api-6.1.0.tgz 33947ms (cache miss)
3488 timing reifyNode:node_modules/netlify-cli/node_modules/sharp/node_modules/node-addon-api Completed in 34591ms
3489 http fetch GET 200 https://cdn.npmmirror.com/packages/debug/2.6.9/debug-2.6.9.tgz 33955ms (cache miss)
3490 timing reifyNode:node_modules/netlify-cli/node_modules/send/node_modules/debug Completed in 34602ms
3491 http fetch GET 200 https://cdn.npmmirror.com/packages/mimic-fn/1.2.0/mimic-fn-1.2.0.tgz 33980ms (cache miss)
3492 timing reifyNode:node_modules/netlify-cli/node_modules/restore-cursor/node_modules/mimic-fn Completed in 34626ms
3493 http fetch GET 200 https://cdn.npmmirror.com/packages/ret/0.4.3/ret-0.4.3.tgz 33996ms (cache miss)
3494 timing reifyNode:node_modules/netlify-cli/node_modules/safe-regex2/node_modules/ret Completed in 34642ms
3495 http fetch GET 200 https://cdn.npmmirror.com/packages/ms/2.0.0/ms-2.0.0.tgz 34045ms (cache miss)
3496 timing reifyNode:node_modules/netlify-cli/node_modules/send/node_modules/debug/node_modules/ms Completed in 34693ms
3497 http fetch GET 200 https://cdn.npmmirror.com/packages/encodeurl/1.0.2/encodeurl-1.0.2.tgz 34100ms (cache miss)
3498 timing reifyNode:node_modules/netlify-cli/node_modules/send/node_modules/encodeurl Completed in 34750ms
3499 http fetch GET 200 https://cdn.npmmirror.com/packages/minimatch/5.1.6/minimatch-5.1.6.tgz 34125ms (cache miss)
3500 http fetch GET 200 https://cdn.npmmirror.com/packages/color/4.2.3/color-4.2.3.tgz 34128ms (cache miss)
3501 timing reifyNode:node_modules/netlify-cli/node_modules/sharp/node_modules/color Completed in 34777ms
3502 http fetch GET 200 https://cdn.npmmirror.com/packages/brace-expansion/2.0.1/brace-expansion-2.0.1.tgz 34127ms (cache miss)
3503 timing reifyNode:node_modules/netlify-cli/node_modules/readdir-glob/node_modules/minimatch Completed in 34773ms
3504 timing reifyNode:node_modules/netlify-cli/node_modules/readdir-glob/node_modules/brace-expansion Completed in 34774ms
3505 http fetch GET 200 https://cdn.npmmirror.com/packages/read-pkg/9.0.1/read-pkg-9.0.1.tgz 34163ms (cache miss)
3506 timing reifyNode:node_modules/netlify-cli/node_modules/read-package-up/node_modules/read-pkg Completed in 34809ms
3507 http fetch GET 200 https://cdn.npmmirror.com/packages/onetime/2.0.1/onetime-2.0.1.tgz 34266ms (cache miss)
3508 timing reifyNode:node_modules/netlify-cli/node_modules/restore-cursor/node_modules/onetime Completed in 34914ms
3509 http fetch GET 200 https://cdn.npmmirror.com/packages/depd/2.0.0/depd-2.0.0.tgz 34266ms (cache hit)
3510 timing reifyNode:node_modules/netlify-cli/node_modules/raw-body/node_modules/depd Completed in 34923ms
3511 http fetch GET 200 https://cdn.npmmirror.com/packages/http-errors/2.0.0/http-errors-2.0.0.tgz 34279ms (cache hit)
3512 timing reifyNode:node_modules/netlify-cli/node_modules/raw-body/node_modules/http-errors Completed in 34935ms
3513 http fetch GET 200 https://cdn.npmmirror.com/packages/parse-json/8.1.0/parse-json-8.1.0.tgz 34341ms (cache miss)
3514 timing reifyNode:node_modules/netlify-cli/node_modules/read-package-up/node_modules/parse-json Completed in 34988ms
3515 http fetch GET 200 https://cdn.npmmirror.com/packages/safe-buffer/5.2.1/safe-buffer-5.2.1.tgz 34345ms (cache hit)
3516 timing reifyNode:node_modules/netlify-cli/node_modules/pino-abstract-transport/node_modules/safe-buffer Completed in 34997ms
3517 http fetch GET 200 https://cdn.npmmirror.com/packages/strip-json-comments/2.0.1/strip-json-comments-2.0.1.tgz 34436ms (cache miss)
3518 timing reifyNode:node_modules/netlify-cli/node_modules/rc/node_modules/strip-json-comments Completed in 35084ms
3519 http fetch GET 200 https://cdn.npmmirror.com/packages/%40netlify/edge-bundler/12.3.1/edge-bundler-12.3.1.tgz 34498ms (cache miss)
3520 timing reifyNode:node_modules/netlify-cli/node_modules/@netlify/edge-bundler Completed in 35032ms
3521 http fetch GET 200 https://cdn.npmmirror.com/packages/normalize-package-data/6.0.0/normalize-package-data-6.0.0.tgz 34460ms (cache miss)
3522 timing reifyNode:node_modules/netlify-cli/node_modules/read-package-up/node_modules/normalize-package-data Completed in 35113ms
3523 http fetch GET 200 https://cdn.npmmirror.com/packages/hosted-git-info/7.0.1/hosted-git-info-7.0.1.tgz 34470ms (cache miss)
3524 timing reifyNode:node_modules/netlify-cli/node_modules/read-package-up/node_modules/hosted-git-info Completed in 35118ms
3525 http fetch GET 200 https://cdn.npmmirror.com/packages/ini/1.3.8/ini-1.3.8.tgz 34531ms (cache miss)
3526 timing reifyNode:node_modules/netlify-cli/node_modules/rc/node_modules/ini Completed in 35181ms
3527 http fetch GET 200 https://cdn.npmmirror.com/packages/type-fest/4.12.0/type-fest-4.12.0.tgz 34599ms (cache miss)
3528 timing reifyNode:node_modules/netlify-cli/node_modules/read-package-up/node_modules/type-fest Completed in 35246ms
3529 http fetch GET 200 https://cdn.npmmirror.com/packages/tar-stream/2.2.0/tar-stream-2.2.0.tgz 34648ms (cache miss)
3530 timing reifyNode:node_modules/netlify-cli/node_modules/prebuild-install/node_modules/tar-stream Completed in 35299ms
3531 http fetch GET 200 https://cdn.npmmirror.com/packages/chownr/1.1.4/chownr-1.1.4.tgz 34654ms (cache miss)
3532 timing reifyNode:node_modules/netlify-cli/node_modules/prebuild-install/node_modules/chownr Completed in 35302ms
3533 http fetch GET 200 https://cdn.npmmirror.com/packages/color-name/1.1.4/color-name-1.1.4.tgz 34687ms (cache hit)
3534 timing reifyNode:node_modules/netlify-cli/node_modules/postcss-values-parser/node_modules/color-name Completed in 35341ms
3535 http fetch GET 200 https://cdn.npmmirror.com/packages/split2/4.2.0/split2-4.2.0.tgz 34735ms (cache miss)
3536 timing reifyNode:node_modules/netlify-cli/node_modules/pino-abstract-transport/node_modules/split2 Completed in 35385ms
3537 http fetch GET 200 https://cdn.npmmirror.com/packages/string-width/7.2.0/string-width-7.2.0.tgz 34854ms (cache hit)
3538 http fetch GET 200 https://cdn.npmmirror.com/packages/tar-fs/2.1.1/tar-fs-2.1.1.tgz 34872ms (cache miss)
3539 timing reifyNode:node_modules/netlify-cli/node_modules/prebuild-install/node_modules/tar-fs Completed in 35519ms
3540 timing reifyNode:node_modules/netlify-cli/node_modules/ora/node_modules/string-width Completed in 35516ms
3541 http fetch GET 200 https://cdn.npmmirror.com/packages/signal-exit/4.1.0/signal-exit-4.1.0.tgz 34905ms (cache hit)
3542 http fetch GET 200 https://cdn.npmmirror.com/packages/ansi-styles/5.2.0/ansi-styles-5.2.0.tgz 34923ms (cache miss)
3543 timing reifyNode:node_modules/netlify-cli/node_modules/pretty-format/node_modules/ansi-styles Completed in 35572ms
3544 http fetch GET 200 https://cdn.npmmirror.com/packages/string_decoder/1.3.0/string_decoder-1.3.0.tgz 34942ms (cache hit)
3545 http fetch GET 200 https://cdn.npmmirror.com/packages/sonic-boom/4.2.0/sonic-boom-4.2.0.tgz 34949ms (cache miss)
3546 timing reifyNode:node_modules/netlify-cli/node_modules/pino/node_modules/sonic-boom Completed in 35598ms
3547 timing reifyNode:node_modules/netlify-cli/node_modules/ora/node_modules/signal-exit Completed in 35598ms
3548 timing reifyNode:node_modules/netlify-cli/node_modules/pino-abstract-transport/node_modules/string_decoder Completed in 35603ms
3549 http fetch GET 200 https://cdn.npmmirror.com/packages/p-timeout/5.1.0/p-timeout-5.1.0.tgz 35006ms (cache miss)
3550 http fetch GET 200 https://cdn.npmmirror.com/packages/readable-stream/4.5.2/readable-stream-4.5.2.tgz 35011ms (cache hit)
3551 timing reifyNode:node_modules/netlify-cli/node_modules/p-event/node_modules/p-timeout Completed in 35659ms
3552 http fetch GET 200 https://cdn.npmmirror.com/packages/process-warning/4.0.0/process-warning-4.0.0.tgz 35036ms (cache miss)
3553 timing reifyNode:node_modules/netlify-cli/node_modules/pino/node_modules/process-warning Completed in 35690ms
3554 timing reifyNode:node_modules/netlify-cli/node_modules/pino-abstract-transport/node_modules/readable-stream Completed in 35716ms
3555 http fetch GET 200 https://cdn.npmmirror.com/packages/p-map/2.1.0/p-map-2.1.0.tgz 35080ms (cache miss)
3556 timing reifyNode:node_modules/netlify-cli/node_modules/p-every/node_modules/p-map Completed in 35732ms
3557 http fetch GET 200 https://cdn.npmmirror.com/packages/restore-cursor/5.1.0/restore-cursor-5.1.0.tgz 35108ms (cache miss)
3558 timing reifyNode:node_modules/netlify-cli/node_modules/ora/node_modules/restore-cursor Completed in 35762ms
3559 http fetch GET 200 https://cdn.npmmirror.com/packages/emoji-regex/10.4.0/emoji-regex-10.4.0.tgz 35117ms (cache hit)
3560 timing reifyNode:node_modules/netlify-cli/node_modules/ora/node_modules/emoji-regex Completed in 35776ms
3561 http fetch GET 200 https://cdn.npmmirror.com/packages/readable-stream/2.3.8/readable-stream-2.3.8.tgz 35137ms (cache miss)
3562 timing reifyNode:node_modules/netlify-cli/node_modules/parallel-transform/node_modules/readable-stream Completed in 35792ms
3563 http fetch GET 200 https://cdn.npmmirror.com/packages/lru-cache/10.2.0/lru-cache-10.2.0.tgz 35191ms (cache miss)
3564 timing reifyNode:node_modules/netlify-cli/node_modules/read-package-up/node_modules/lru-cache Completed in 35838ms
3565 http fetch GET 200 https://cdn.npmmirror.com/packages/is-wsl/2.2.0/is-wsl-2.2.0.tgz 35211ms (cache miss)
3566 timing reifyNode:node_modules/netlify-cli/node_modules/open/node_modules/is-wsl Completed in 35866ms
3567 http fetch GET 200 https://cdn.npmmirror.com/packages/lru-cache/10.2.2/lru-cache-10.2.2.tgz 35260ms (cache miss)
3568 timing reifyNode:node_modules/netlify-cli/node_modules/path-scurry/node_modules/lru-cache Completed in 35908ms
3569 http fetch GET 200 https://cdn.npmmirror.com/packages/buffer/6.0.3/buffer-6.0.3.tgz 35289ms (cache hit)
3570 timing reifyNode:node_modules/netlify-cli/node_modules/pino-abstract-transport/node_modules/buffer Completed in 35949ms
3571 http fetch GET 200 https://cdn.npmmirror.com/packages/p-timeout/5.1.0/p-timeout-5.1.0.tgz 35324ms (cache hit)
3572 timing reifyNode:node_modules/netlify-cli/node_modules/netlify/node_modules/p-timeout Completed in 35982ms
3573 http fetch GET 200 https://cdn.npmmirror.com/packages/is-unicode-supported/2.1.0/is-unicode-supported-2.1.0.tgz 35400ms (cache miss)
3574 timing reifyNode:node_modules/netlify-cli/node_modules/ora/node_modules/is-unicode-supported Completed in 36055ms
3575 http fetch GET 200 https://cdn.npmmirror.com/packages/is-docker/2.2.1/is-docker-2.2.1.tgz 35415ms (cache miss)
3576 timing reifyNode:node_modules/netlify-cli/node_modules/open/node_modules/is-docker Completed in 36070ms
3577 http fetch GET 200 https://cdn.npmmirror.com/packages/%40netlify/local-functions-proxy-win32-x64/1.1.1/local-functions-proxy-win32-x64-1.1.1.tgz 35532ms (cache miss)
3578 timing reifyNode:node_modules/netlify-cli/node_modules/@netlify/local-functions-proxy-win32-x64 Completed in 36064ms
3579 http fetch GET 200 https://cdn.npmmirror.com/packages/cli-cursor/5.0.0/cli-cursor-5.0.0.tgz 35466ms (cache miss)
3580 timing reifyNode:node_modules/netlify-cli/node_modules/ora/node_modules/cli-cursor Completed in 36122ms
3581 http fetch GET 200 https://cdn.npmmirror.com/packages/path-exists/5.0.0/path-exists-5.0.0.tgz 35492ms (cache miss)
3582 timing reifyNode:node_modules/netlify-cli/node_modules/node-version-alias/node_modules/path-exists Completed in 36147ms
3583 http fetch GET 200 https://cdn.npmmirror.com/packages/safe-buffer/5.2.1/safe-buffer-5.2.1.tgz 35504ms (cache hit)
3584 timing reifyNode:node_modules/netlify-cli/node_modules/multiparty/node_modules/safe-buffer Completed in 36167ms
3585 http fetch GET 200 https://cdn.npmmirror.com/packages/path-key/3.1.1/path-key-3.1.1.tgz 35581ms (cache miss)
3586 timing reifyNode:node_modules/netlify-cli/node_modules/npm-run-path/node_modules/path-key Completed in 36238ms
3587 http fetch GET 200 https://cdn.npmmirror.com/packages/p-wait-for/4.1.0/p-wait-for-4.1.0.tgz 35584ms (cache miss)
3588 timing reifyNode:node_modules/netlify-cli/node_modules/netlify/node_modules/p-wait-for Completed in 36238ms
3589 http fetch GET 200 https://cdn.npmmirror.com/packages/path-exists/5.0.0/path-exists-5.0.0.tgz 35644ms (cache hit)
3590 http fetch GET 200 https://cdn.npmmirror.com/packages/is-plain-obj/2.1.0/is-plain-obj-2.1.0.tgz 35649ms (cache miss)
3591 timing reifyNode:node_modules/netlify-cli/node_modules/merge-options/node_modules/is-plain-obj Completed in 36302ms
3592 timing reifyNode:node_modules/netlify-cli/node_modules/move-file/node_modules/path-exists Completed in 36309ms
3593 http fetch GET 200 https://cdn.npmmirror.com/packages/through2/2.0.5/through2-2.0.5.tgz 35683ms (cache miss)
3594 timing reifyNode:node_modules/netlify-cli/node_modules/maxstache-stream/node_modules/through2 Completed in 36335ms
3595 http fetch GET 200 https://cdn.npmmirror.com/packages/string-width/7.2.0/string-width-7.2.0.tgz 35719ms (cache hit)
3596 timing reifyNode:node_modules/netlify-cli/node_modules/log-update/node_modules/string-width Completed in 36377ms
3597 http fetch GET 200 https://cdn.npmmirror.com/packages/minipass/3.3.6/minipass-3.3.6.tgz 35754ms (cache miss)
3598 timing reifyNode:node_modules/netlify-cli/node_modules/minizlib/node_modules/minipass Completed in 36409ms
3599 http fetch GET 200 https://cdn.npmmirror.com/packages/cli-cursor/5.0.0/cli-cursor-5.0.0.tgz 35770ms (cache hit)
3600 http fetch GET 200 https://cdn.npmmirror.com/packages/readable-stream/2.3.8/readable-stream-2.3.8.tgz 35776ms (cache hit)
3601 timing reifyNode:node_modules/netlify-cli/node_modules/log-update/node_modules/cli-cursor Completed in 36436ms
3602 http fetch GET 200 https://cdn.npmmirror.com/packages/restore-cursor/5.1.0/restore-cursor-5.1.0.tgz 35797ms (cache hit)
3603 timing reifyNode:node_modules/netlify-cli/node_modules/maxstache-stream/node_modules/readable-stream Completed in 36460ms
3604 timing reifyNode:node_modules/netlify-cli/node_modules/log-update/node_modules/restore-cursor Completed in 36460ms
3605 http fetch GET 200 https://cdn.npmmirror.com/packages/mimic-fn/2.1.0/mimic-fn-2.1.0.tgz 35839ms (cache miss)
3606 timing reifyNode:node_modules/netlify-cli/node_modules/onetime/node_modules/mimic-fn Completed in 36496ms
3607 http fetch GET 200 https://cdn.npmmirror.com/packages/split2/1.1.1/split2-1.1.1.tgz 35851ms (cache miss)
3608 timing reifyNode:node_modules/netlify-cli/node_modules/maxstache-stream/node_modules/split2 Completed in 36509ms
3609 http fetch GET 200 https://cdn.npmmirror.com/packages/pump/1.0.3/pump-1.0.3.tgz 35858ms (cache miss)
3610 timing reifyNode:node_modules/netlify-cli/node_modules/maxstache-stream/node_modules/pump Completed in 36513ms
3611 http fetch GET 200 https://cdn.npmmirror.com/packages/wrap-ansi/9.0.0/wrap-ansi-9.0.0.tgz 35888ms (cache hit)
3612 timing reifyNode:node_modules/netlify-cli/node_modules/log-update/node_modules/wrap-ansi Completed in 36551ms
3613 http fetch GET 200 https://cdn.npmmirror.com/packages/signal-exit/4.1.0/signal-exit-4.1.0.tgz 35922ms (cache hit)
3614 http fetch GET 200 https://cdn.npmmirror.com/packages/onetime/7.0.0/onetime-7.0.0.tgz 35936ms (cache miss)
3615 timing reifyNode:node_modules/netlify-cli/node_modules/ora/node_modules/onetime Completed in 36591ms
3616 timing reifyNode:node_modules/netlify-cli/node_modules/log-update/node_modules/signal-exit Completed in 36609ms
3617 http fetch GET 200 https://cdn.npmmirror.com/packages/slice-ansi/7.1.0/slice-ansi-7.1.0.tgz 36000ms (cache miss)
3618 timing reifyNode:node_modules/netlify-cli/node_modules/log-update/node_modules/slice-ansi Completed in 36659ms
3619 http fetch GET 200 https://cdn.npmmirror.com/packages/semver/6.3.1/semver-6.3.1.tgz 36064ms (cache miss)
3620 timing reifyNode:node_modules/netlify-cli/node_modules/make-dir/node_modules/semver Completed in 36722ms
3621 http fetch GET 200 https://cdn.npmmirror.com/packages/emoji-regex/10.4.0/emoji-regex-10.4.0.tgz 36113ms (cache hit)
3622 timing reifyNode:node_modules/netlify-cli/node_modules/log-update/node_modules/emoji-regex Completed in 36781ms
3623 http fetch GET 200 https://cdn.npmmirror.com/packages/is-fullwidth-code-point/5.0.0/is-fullwidth-code-point-5.0.0.tgz 36122ms (cache miss)
3624 timing reifyNode:node_modules/netlify-cli/node_modules/log-update/node_modules/is-fullwidth-code-point Completed in 36784ms
3625 http fetch GET 200 https://cdn.npmmirror.com/packages/wrap-ansi/9.0.0/wrap-ansi-9.0.0.tgz 36205ms (cache hit)
3626 timing reifyNode:node_modules/netlify-cli/node_modules/listr2/node_modules/wrap-ansi Completed in 36871ms
3627 http fetch GET 200 https://cdn.npmmirror.com/packages/string-width/7.2.0/string-width-7.2.0.tgz 36247ms (cache hit)
3628 timing reifyNode:node_modules/netlify-cli/node_modules/listr2/node_modules/string-width Completed in 36914ms
3629 http fetch GET 200 https://cdn.npmmirror.com/packages/map-obj/5.0.2/map-obj-5.0.2.tgz 36319ms (cache miss)
3630 timing reifyNode:node_modules/netlify-cli/node_modules/log-process-errors/node_modules/map-obj Completed in 36980ms
3631 http fetch GET 200 https://cdn.npmmirror.com/packages/supports-color/7.2.0/supports-color-7.2.0.tgz 36372ms (cache hit)
3632 http fetch GET 200 https://cdn.npmmirror.com/packages/filter-obj/3.0.0/filter-obj-3.0.0.tgz 36375ms (cache miss)
3633 http fetch GET 200 https://cdn.npmmirror.com/packages/escape-string-regexp/5.0.0/escape-string-regexp-5.0.0.tgz 36375ms (cache miss)
3634 timing reifyNode:node_modules/netlify-cli/node_modules/log-process-errors/node_modules/escape-string-regexp Completed in 37038ms
3635 timing reifyNode:node_modules/netlify-cli/node_modules/log-process-errors/node_modules/filter-obj Completed in 37039ms
3636 timing reifyNode:node_modules/netlify-cli/node_modules/jest-validate/node_modules/supports-color Completed in 37040ms
3637 http fetch GET 200 https://cdn.npmmirror.com/packages/figures/4.0.1/figures-4.0.1.tgz 36397ms (cache miss)
3638 timing reifyNode:node_modules/netlify-cli/node_modules/log-process-errors/node_modules/figures Completed in 37060ms
3639 http fetch GET 200 https://cdn.npmmirror.com/packages/p-locate/6.0.0/p-locate-6.0.0.tgz 36520ms (cache miss)
3640 timing reifyNode:node_modules/netlify-cli/node_modules/locate-path/node_modules/p-locate Completed in 37184ms
3641 http fetch GET 200 https://cdn.npmmirror.com/packages/color-name/1.1.4/color-name-1.1.4.tgz 36557ms (cache hit)
3642 http fetch GET 200 https://cdn.npmmirror.com/packages/chalk/4.1.2/chalk-4.1.2.tgz 36558ms (cache hit)
3643 timing reifyNode:node_modules/netlify-cli/node_modules/jest-validate/node_modules/color-name Completed in 37221ms
3644 timing reifyNode:node_modules/netlify-cli/node_modules/jest-validate/node_modules/chalk Completed in 37224ms
3645 http fetch GET 200 https://cdn.npmmirror.com/packages/lru-cache/10.2.0/lru-cache-10.2.0.tgz 36575ms (cache hit)
3646 http fetch GET 200 https://cdn.npmmirror.com/packages/ansi-styles/4.3.0/ansi-styles-4.3.0.tgz 36594ms (cache hit)
3647 timing reifyNode:node_modules/netlify-cli/node_modules/jest-validate/node_modules/ansi-styles Completed in 37261ms
3648 timing reifyNode:node_modules/netlify-cli/node_modules/ipx/node_modules/lru-cache Completed in 37259ms
3649 http fetch GET 200 https://cdn.npmmirror.com/packages/yocto-queue/1.0.0/yocto-queue-1.0.0.tgz 36699ms (cache miss)
3650 timing reifyNode:node_modules/netlify-cli/node_modules/locate-path/node_modules/yocto-queue Completed in 37362ms
3651 http fetch GET 200 https://cdn.npmmirror.com/packages/color-convert/2.0.1/color-convert-2.0.1.tgz 36704ms (cache hit)
3652 http fetch GET 200 https://cdn.npmmirror.com/packages/eventemitter3/5.0.1/eventemitter3-5.0.1.tgz 36711ms (cache miss)
3653 timing reifyNode:node_modules/netlify-cli/node_modules/listr2/node_modules/eventemitter3 Completed in 37374ms
3654 timing reifyNode:node_modules/netlify-cli/node_modules/jest-validate/node_modules/color-convert Completed in 37372ms
3655 http fetch GET 200 https://cdn.npmmirror.com/packages/color-name/1.1.4/color-name-1.1.4.tgz 36771ms (cache hit)
3656 timing reifyNode:node_modules/netlify-cli/node_modules/inquirer-autocomplete-prompt/node_modules/color-name Completed in 37434ms
3657 http fetch GET 200 https://cdn.npmmirror.com/packages/process-warning/3.0.0/process-warning-3.0.0.tgz 37017ms (cache miss)
3658 timing reifyNode:node_modules/netlify-cli/node_modules/light-my-request/node_modules/process-warning Completed in 37678ms
3659 http fetch GET 200 https://cdn.npmmirror.com/packages/supports-color/7.2.0/supports-color-7.2.0.tgz 37023ms (cache hit)
3660 timing reifyNode:node_modules/netlify-cli/node_modules/inquirer-autocomplete-prompt/node_modules/supports-color Completed in 37690ms
3661 http fetch GET 200 https://cdn.npmmirror.com/packages/chalk/4.1.2/chalk-4.1.2.tgz 37040ms (cache hit)
3662 timing reifyNode:node_modules/netlify-cli/node_modules/inquirer-autocomplete-prompt/node_modules/chalk Completed in 37711ms
3663 http fetch GET 200 https://cdn.npmmirror.com/packages/onetime/7.0.0/onetime-7.0.0.tgz 37125ms (cache hit)
3664 timing reifyNode:node_modules/netlify-cli/node_modules/log-update/node_modules/onetime Completed in 37791ms
3665 http fetch GET 200 https://cdn.npmmirror.com/packages/ansi-styles/4.3.0/ansi-styles-4.3.0.tgz 37160ms (cache hit)
3666 http fetch GET 200 https://cdn.npmmirror.com/packages/emoji-regex/10.4.0/emoji-regex-10.4.0.tgz 37172ms (cache hit)
3667 http fetch GET 200 https://cdn.npmmirror.com/packages/readable-stream/2.3.8/readable-stream-2.3.8.tgz 37177ms (cache hit)
3668 timing reifyNode:node_modules/netlify-cli/node_modules/inquirer-autocomplete-prompt/node_modules/ansi-styles Completed in 37833ms
3669 timing reifyNode:node_modules/netlify-cli/node_modules/listr2/node_modules/emoji-regex Completed in 37841ms
3670 timing reifyNode:node_modules/netlify-cli/node_modules/lazystream/node_modules/readable-stream Completed in 37862ms
3671 http fetch GET 200 https://cdn.npmmirror.com/packages/p-limit/4.0.0/p-limit-4.0.0.tgz 37252ms (cache miss)
3672 timing reifyNode:node_modules/netlify-cli/node_modules/locate-path/node_modules/p-limit Completed in 37918ms
3673 http fetch GET 200 https://cdn.npmmirror.com/packages/unstorage/1.10.1/unstorage-1.10.1.tgz 37299ms (cache miss)
3674 timing reifyNode:node_modules/netlify-cli/node_modules/ipx/node_modules/unstorage Completed in 37960ms
3675 http fetch GET 200 https://cdn.npmmirror.com/packages/type-fest/0.21.3/type-fest-0.21.3.tgz 37321ms (cache miss)
3676 timing reifyNode:node_modules/netlify-cli/node_modules/inquirer-autocomplete-prompt/node_modules/type-fest Completed in 37983ms
3677 http fetch GET 200 https://cdn.npmmirror.com/packages/color-convert/2.0.1/color-convert-2.0.1.tgz 37364ms (cache hit)
3678 timing reifyNode:node_modules/netlify-cli/node_modules/inquirer-autocomplete-prompt/node_modules/color-convert Completed in 38033ms
3679 http fetch GET 200 https://cdn.npmmirror.com/packages/strip-ansi/4.0.0/strip-ansi-4.0.0.tgz 37467ms (cache miss)
3680 timing reifyNode:node_modules/netlify-cli/node_modules/inquirer/node_modules/string-width/node_modules/strip-ansi Completed in 38131ms
3681 http fetch GET 200 https://cdn.npmmirror.com/packages/ansi-escapes/4.3.2/ansi-escapes-4.3.2.tgz 37482ms (cache miss)
3682 timing reifyNode:node_modules/netlify-cli/node_modules/inquirer-autocomplete-prompt/node_modules/ansi-escapes Completed in 38151ms
3683 http fetch GET 200 https://cdn.npmmirror.com/packages/supports-color/5.5.0/supports-color-5.5.0.tgz 37506ms (cache miss)
3684 timing reifyNode:node_modules/netlify-cli/node_modules/inquirer/node_modules/supports-color Completed in 38173ms
3685 http fetch GET 200 https://cdn.npmmirror.com/packages/string-width/2.1.1/string-width-2.1.1.tgz 37509ms (cache miss)
3686 timing reifyNode:node_modules/netlify-cli/node_modules/inquirer/node_modules/string-width Completed in 38174ms
3687 http fetch GET 200 https://cdn.npmmirror.com/packages/ansi-regex/3.0.1/ansi-regex-3.0.1.tgz 37609ms (cache miss)
3688 timing reifyNode:node_modules/netlify-cli/node_modules/inquirer/node_modules/string-width/node_modules/ansi-regex Completed in 38275ms
3689 http fetch GET 200 https://cdn.npmmirror.com/packages/strip-ansi/5.2.0/strip-ansi-5.2.0.tgz 37619ms (cache miss)
3690 timing reifyNode:node_modules/netlify-cli/node_modules/inquirer/node_modules/strip-ansi Completed in 38286ms
3691 http fetch GET 200 https://cdn.npmmirror.com/packages/is-fullwidth-code-point/2.0.0/is-fullwidth-code-point-2.0.0.tgz 37673ms (cache miss)
3692 timing reifyNode:node_modules/netlify-cli/node_modules/inquirer/node_modules/is-fullwidth-code-point Completed in 38339ms
3693 http fetch GET 200 https://cdn.npmmirror.com/packages/has-flag/3.0.0/has-flag-3.0.0.tgz 37737ms (cache miss)
3694 timing reifyNode:node_modules/netlify-cli/node_modules/inquirer/node_modules/has-flag Completed in 38404ms
3695 http fetch GET 200 https://cdn.npmmirror.com/packages/escape-string-regexp/1.0.5/escape-string-regexp-1.0.5.tgz 37757ms (cache miss)
3696 timing reifyNode:node_modules/netlify-cli/node_modules/inquirer/node_modules/escape-string-regexp Completed in 38423ms
3697 http fetch GET 200 https://cdn.npmmirror.com/packages/ansi-styles/3.2.1/ansi-styles-3.2.1.tgz 37834ms (cache miss)
3698 timing reifyNode:node_modules/netlify-cli/node_modules/inquirer/node_modules/ansi-styles Completed in 38502ms
3699 http fetch GET 200 https://cdn.npmmirror.com/packages/ini/1.3.8/ini-1.3.8.tgz 37845ms (cache hit)
3700 timing reifyNode:node_modules/netlify-cli/node_modules/gitconfiglocal/node_modules/ini Completed in 38512ms
3701 http fetch GET 200 https://cdn.npmmirror.com/packages/is-plain-obj/3.0.0/is-plain-obj-3.0.0.tgz 37885ms (cache miss)
3702 timing reifyNode:node_modules/netlify-cli/node_modules/http-proxy-middleware/node_modules/is-plain-obj Completed in 38551ms
3703 http fetch GET 200 https://cdn.npmmirror.com/packages/%40netlify/blobs/6.5.0/blobs-6.5.0.tgz 37897ms (cache miss)
3704 timing reifyNode:node_modules/netlify-cli/node_modules/ipx/node_modules/@netlify/blobs Completed in 38557ms
3705 http fetch GET 200 https://cdn.npmmirror.com/packages/figures/2.0.0/figures-2.0.0.tgz 37906ms (cache miss)
3706 timing reifyNode:node_modules/netlify-cli/node_modules/inquirer/node_modules/figures Completed in 38573ms
3707 http fetch GET 200 https://cdn.npmmirror.com/packages/is-stream/2.0.1/is-stream-2.0.1.tgz 37916ms (cache hit)
3708 timing reifyNode:node_modules/netlify-cli/node_modules/hasha/node_modules/is-stream Completed in 38588ms
3709 http fetch GET 200 https://cdn.npmmirror.com/packages/agent-base/7.1.1/agent-base-7.1.1.tgz 37926ms (cache miss)
3710 http fetch GET 200 https://cdn.npmmirror.com/packages/chalk/2.4.2/chalk-2.4.2.tgz 37933ms (cache miss)
3711 timing reifyNode:node_modules/netlify-cli/node_modules/inquirer/node_modules/chalk Completed in 38603ms
3712 timing reifyNode:node_modules/netlify-cli/node_modules/https-proxy-agent/node_modules/agent-base Completed in 38603ms
3713 http fetch GET 200 https://cdn.npmmirror.com/packages/statuses/1.5.0/statuses-1.5.0.tgz 37966ms (cache miss)
3714 timing reifyNode:node_modules/netlify-cli/node_modules/http-errors/node_modules/statuses Completed in 38632ms
3715 http fetch GET 200 https://cdn.npmmirror.com/packages/path-exists/5.0.0/path-exists-5.0.0.tgz 37983ms (cache hit)
3716 timing reifyNode:node_modules/netlify-cli/node_modules/global-cache-dir/node_modules/path-exists Completed in 38650ms
3717 http fetch GET 200 https://cdn.npmmirror.com/packages/ansi-regex/4.1.1/ansi-regex-4.1.1.tgz 37997ms (cache miss)
3718 timing reifyNode:node_modules/netlify-cli/node_modules/inquirer/node_modules/ansi-regex Completed in 38665ms
3719 http fetch GET 200 https://cdn.npmmirror.com/packages/ansi-escapes/3.2.0/ansi-escapes-3.2.0.tgz 38028ms (cache miss)
3720 timing reifyNode:node_modules/netlify-cli/node_modules/inquirer/node_modules/ansi-escapes Completed in 38698ms
3721 http fetch GET 200 https://cdn.npmmirror.com/packages/type-fest/0.8.1/type-fest-0.8.1.tgz 38030ms (cache miss)
3722 timing reifyNode:node_modules/netlify-cli/node_modules/hasha/node_modules/type-fest Completed in 38696ms
3723 http fetch GET 200 https://cdn.npmmirror.com/packages/ms/2.0.0/ms-2.0.0.tgz 38044ms (cache hit)
3724 timing reifyNode:node_modules/netlify-cli/node_modules/finalhandler/node_modules/ms Completed in 38709ms
3725 http fetch GET 200 https://cdn.npmmirror.com/packages/strip-ansi/6.0.1/strip-ansi-6.0.1.tgz 38080ms (cache hit)
3726 timing reifyNode:node_modules/netlify-cli/node_modules/gauge/node_modules/strip-ansi Completed in 38748ms
3727 http fetch GET 200 https://cdn.npmmirror.com/packages/readable-stream/2.3.8/readable-stream-2.3.8.tgz 38116ms (cache hit)
3728 http fetch GET 200 https://cdn.npmmirror.com/packages/ini/4.1.1/ini-4.1.1.tgz 38146ms (cache miss)
3729 timing reifyNode:node_modules/netlify-cli/node_modules/global-directory/node_modules/ini Completed in 38810ms
3730 timing reifyNode:node_modules/netlify-cli/node_modules/from2/node_modules/readable-stream Completed in 38810ms
3731 http fetch GET 200 https://cdn.npmmirror.com/packages/minipass/3.3.6/minipass-3.3.6.tgz 38156ms (cache hit)
3732 timing reifyNode:node_modules/netlify-cli/node_modules/fs-minipass/node_modules/minipass Completed in 38827ms
3733 http fetch GET 200 https://cdn.npmmirror.com/packages/signal-exit/4.1.0/signal-exit-4.1.0.tgz 38161ms (cache hit)
3734 http fetch GET 200 https://cdn.npmmirror.com/packages/debug/2.6.9/debug-2.6.9.tgz 38175ms (cache hit)
3735 timing reifyNode:node_modules/netlify-cli/node_modules/finalhandler/node_modules/debug Completed in 38858ms
3736 timing reifyNode:node_modules/netlify-cli/node_modules/foreground-child/node_modules/signal-exit Completed in 38860ms
3737 http fetch GET 200 https://cdn.npmmirror.com/packages/path-exists/5.0.0/path-exists-5.0.0.tgz 38222ms (cache hit)
3738 timing reifyNode:node_modules/netlify-cli/node_modules/find-up/node_modules/path-exists Completed in 38893ms
3739 http fetch GET 200 https://cdn.npmmirror.com/packages/escape-string-regexp/1.0.5/escape-string-regexp-1.0.5.tgz 38232ms (cache hit)
3740 timing reifyNode:node_modules/netlify-cli/node_modules/figures/node_modules/escape-string-regexp Completed in 38903ms
3741 http fetch GET 200 https://cdn.npmmirror.com/packages/escape-string-regexp/5.0.0/escape-string-regexp-5.0.0.tgz 38329ms (cache hit)
3742 http fetch GET 200 https://cdn.npmmirror.com/packages/process-warning/3.0.0/process-warning-3.0.0.tgz 38333ms (cache hit)
3743 timing reifyNode:node_modules/netlify-cli/node_modules/fetch-node-website/node_modules/escape-string-regexp Completed in 39006ms
3744 http fetch GET 200 https://cdn.npmmirror.com/packages/async/1.5.2/async-1.5.2.tgz 38354ms (cache miss)
3745 timing reifyNode:node_modules/netlify-cli/node_modules/hasbin/node_modules/async Completed in 39021ms
3746 timing reifyNode:node_modules/netlify-cli/node_modules/fastify/node_modules/process-warning Completed in 39025ms
3747 http fetch GET 200 https://cdn.npmmirror.com/packages/figures/5.0.0/figures-5.0.0.tgz 38422ms (cache miss)
3748 timing reifyNode:node_modules/netlify-cli/node_modules/fetch-node-website/node_modules/figures Completed in 39088ms
3749 http fetch GET 200 https://cdn.npmmirror.com/packages/is-stream/2.0.1/is-stream-2.0.1.tgz 38622ms (cache hit)
3750 http fetch GET 200 https://cdn.npmmirror.com/packages/path-to-regexp/0.1.12/path-to-regexp-0.1.12.tgz 38625ms (cache miss)
3751 timing reifyNode:node_modules/netlify-cli/node_modules/express/node_modules/path-to-regexp Completed in 39292ms
3752 timing reifyNode:node_modules/netlify-cli/node_modules/execa/node_modules/is-stream Completed in 39295ms
3753 http fetch GET 200 https://cdn.npmmirror.com/packages/json-schema-traverse/1.0.0/json-schema-traverse-1.0.0.tgz 38648ms (cache miss)
3754 timing reifyNode:node_modules/netlify-cli/node_modules/fast-json-stringify/node_modules/json-schema-traverse Completed in 39315ms
3755 http fetch GET 200 https://cdn.npmmirror.com/packages/safe-buffer/5.2.1/safe-buffer-5.2.1.tgz 38670ms (cache hit)
3756 timing reifyNode:node_modules/netlify-cli/node_modules/express/node_modules/safe-buffer Completed in 39342ms
3757 http fetch GET 200 https://cdn.npmmirror.com/packages/colors-option/4.5.0/colors-option-4.5.0.tgz 38703ms (cache miss)
3758 timing reifyNode:node_modules/netlify-cli/node_modules/fetch-node-website/node_modules/colors-option Completed in 39374ms
3759 http fetch GET 200 https://cdn.npmmirror.com/packages/depd/2.0.0/depd-2.0.0.tgz 38735ms (cache hit)
3760 timing reifyNode:node_modules/netlify-cli/node_modules/express/node_modules/depd Completed in 39410ms
3761 http fetch GET 200 https://cdn.npmmirror.com/packages/debug/2.6.9/debug-2.6.9.tgz 38849ms (cache hit)
3762 http fetch GET 200 https://cdn.npmmirror.com/packages/type-fest/1.4.0/type-fest-1.4.0.tgz 38862ms (cache hit)
3763 timing reifyNode:node_modules/netlify-cli/node_modules/express/node_modules/debug Completed in 39539ms
3764 timing reifyNode:node_modules/netlify-cli/node_modules/crypto-random-string/node_modules/type-fest Completed in 39585ms
3765 http fetch GET 200 https://cdn.npmmirror.com/packages/%40typescript-eslint/visitor-keys/5.62.0/visitor-keys-5.62.0.tgz 38977ms (cache miss)
3766 timing reifyNode:node_modules/netlify-cli/node_modules/detective-typescript/node_modules/@typescript-eslint/visitor-keys Completed in 39642ms
3767 http fetch GET 200 https://cdn.npmmirror.com/packages/ajv-formats/3.0.1/ajv-formats-3.0.1.tgz 39011ms (cache miss)
3768 timing reifyNode:node_modules/netlify-cli/node_modules/fast-json-stringify/node_modules/ajv-formats Completed in 39679ms
3769 http fetch GET 200 https://cdn.npmmirror.com/packages/http-errors/2.0.0/http-errors-2.0.0.tgz 39040ms (cache hit)
3770 timing reifyNode:node_modules/netlify-cli/node_modules/express/node_modules/http-errors Completed in 39713ms
3771 http fetch GET 200 https://cdn.npmmirror.com/packages/ms/2.0.0/ms-2.0.0.tgz 39075ms (cache hit)
3772 http fetch GET 200 https://cdn.npmmirror.com/packages/mimic-response/3.1.0/mimic-response-3.1.0.tgz 39074ms (cache miss)
3773 timing reifyNode:node_modules/netlify-cli/node_modules/decompress-response/node_modules/mimic-response Completed in 39742ms
3774 timing reifyNode:node_modules/netlify-cli/node_modules/express/node_modules/ms Completed in 39750ms
3775 http fetch GET 200 https://cdn.npmmirror.com/packages/safe-buffer/5.2.1/safe-buffer-5.2.1.tgz 39172ms (cache hit)
3776 timing reifyNode:node_modules/netlify-cli/node_modules/crc32-stream/node_modules/safe-buffer Completed in 39844ms
3777 http fetch GET 200 https://cdn.npmmirror.com/packages/get-stream/5.2.0/get-stream-5.2.0.tgz 39204ms (cache miss)
3778 timing reifyNode:node_modules/netlify-cli/node_modules/extract-zip/node_modules/get-stream Completed in 39874ms
3779 http fetch GET 200 https://cdn.npmmirror.com/packages/path-key/3.1.1/path-key-3.1.1.tgz 39250ms (cache hit)
3780 timing reifyNode:node_modules/netlify-cli/node_modules/cross-spawn/node_modules/path-key Completed in 39921ms
3781 http fetch GET 200 https://cdn.npmmirror.com/packages/type-fest/4.18.2/type-fest-4.18.2.tgz 39317ms (cache miss)
3782 timing reifyNode:node_modules/netlify-cli/node_modules/dot-prop/node_modules/type-fest Completed in 39984ms
3783 http fetch GET 200 https://cdn.npmmirror.com/packages/readable-stream/4.5.2/readable-stream-4.5.2.tgz 39336ms (cache hit)
3784 timing reifyNode:node_modules/netlify-cli/node_modules/crc32-stream/node_modules/readable-stream Completed in 40044ms
3785 http fetch GET 200 https://cdn.npmmirror.com/packages/ajv/8.12.0/ajv-8.12.0.tgz 39445ms (cache miss)
3786 timing reifyNode:node_modules/netlify-cli/node_modules/fast-json-stringify/node_modules/ajv Completed in 40113ms
3787 http fetch GET 200 https://cdn.npmmirror.com/packages/%40typescript-eslint/types/5.62.0/types-5.62.0.tgz 39449ms (cache miss)
3788 timing reifyNode:node_modules/netlify-cli/node_modules/detective-typescript/node_modules/@typescript-eslint/types Completed in 40117ms
3789 http fetch GET 200 https://cdn.npmmirror.com/packages/string_decoder/1.3.0/string_decoder-1.3.0.tgz 39530ms (cache hit)
3790 timing reifyNode:node_modules/netlify-cli/node_modules/crc32-stream/node_modules/string_decoder Completed in 40209ms
3791 http fetch GET 200 https://cdn.npmmirror.com/packages/cookie/0.7.1/cookie-0.7.1.tgz 39546ms (cache miss)
3792 timing reifyNode:node_modules/netlify-cli/node_modules/express/node_modules/cookie Completed in 40217ms
3793 http fetch GET 200 https://cdn.npmmirror.com/packages/slash/4.0.0/slash-4.0.0.tgz 39544ms (cache miss)
3794 timing reifyNode:node_modules/netlify-cli/node_modules/cpy/node_modules/slash Completed in 40212ms
3795 http fetch GET 200 https://cdn.npmmirror.com/packages/safe-buffer/5.2.1/safe-buffer-5.2.1.tgz 39591ms (cache hit)
3796 timing reifyNode:node_modules/netlify-cli/node_modules/content-disposition/node_modules/safe-buffer Completed in 40268ms
3797 http fetch GET 200 https://cdn.npmmirror.com/packages/p-map/5.5.0/p-map-5.5.0.tgz 39625ms (cache miss)
3798 timing reifyNode:node_modules/netlify-cli/node_modules/cpy/node_modules/p-map Completed in 40294ms
3799 http fetch GET 200 https://cdn.npmmirror.com/packages/eslint-visitor-keys/3.4.3/eslint-visitor-keys-3.4.3.tgz 39700ms (cache miss)
3800 timing reifyNode:node_modules/netlify-cli/node_modules/detective-typescript/node_modules/eslint-visitor-keys Completed in 40375ms
3801 http fetch GET 200 https://cdn.npmmirror.com/packages/mdn-data/2.0.28/mdn-data-2.0.28.tgz 39717ms (cache miss)
3802 http fetch GET 200 https://cdn.npmmirror.com/packages/ini/1.3.8/ini-1.3.8.tgz 39709ms (cache hit)
3803 timing reifyNode:node_modules/netlify-cli/node_modules/csso/node_modules/mdn-data Completed in 40384ms
3804 timing reifyNode:node_modules/netlify-cli/node_modules/config-chain/node_modules/ini Completed in 40385ms
3805 http fetch GET 200 https://cdn.npmmirror.com/packages/%40typescript-eslint/typescript-estree/5.62.0/typescript-estree-5.62.0.tgz 39769ms (cache miss)
3806 timing reifyNode:node_modules/netlify-cli/node_modules/detective-typescript/node_modules/@typescript-eslint/typescript-estree Completed in 40439ms
3807 http fetch GET 200 https://cdn.npmmirror.com/packages/readable-stream/4.5.2/readable-stream-4.5.2.tgz 39771ms (cache hit)
3808 timing reifyNode:node_modules/netlify-cli/node_modules/compress-commons/node_modules/readable-stream Completed in 40481ms
3809 http fetch GET 200 https://cdn.npmmirror.com/packages/globby/13.2.2/globby-13.2.2.tgz 39837ms (cache miss)
3810 timing reifyNode:node_modules/netlify-cli/node_modules/cpy/node_modules/globby Completed in 40508ms
3811 http fetch GET 200 https://cdn.npmmirror.com/packages/string_decoder/1.3.0/string_decoder-1.3.0.tgz 39839ms (cache hit)
3812 timing reifyNode:node_modules/netlify-cli/node_modules/compress-commons/node_modules/string_decoder Completed in 40515ms
3813 http fetch GET 200 https://cdn.npmmirror.com/packages/safe-buffer/5.2.1/safe-buffer-5.2.1.tgz 39911ms (cache hit)
3814 http fetch GET 200 https://cdn.npmmirror.com/packages/write-file-atomic/3.0.3/write-file-atomic-3.0.3.tgz 39921ms (cache miss)
3815 timing reifyNode:node_modules/netlify-cli/node_modules/configstore/node_modules/write-file-atomic Completed in 40592ms
3816 timing reifyNode:node_modules/netlify-cli/node_modules/compress-commons/node_modules/safe-buffer Completed in 40594ms
3817 http fetch GET 200 https://cdn.npmmirror.com/packages/dot-prop/6.0.1/dot-prop-6.0.1.tgz 39957ms (cache miss)
3818 timing reifyNode:node_modules/netlify-cli/node_modules/configstore/node_modules/dot-prop Completed in 40630ms
3819 http fetch GET 200 https://cdn.npmmirror.com/packages/p-event/4.2.0/p-event-4.2.0.tgz 39962ms (cache miss)
3820 timing reifyNode:node_modules/netlify-cli/node_modules/cpy/node_modules/p-event Completed in 40633ms
3821 http fetch GET 200 https://cdn.npmmirror.com/packages/p-filter/3.0.0/p-filter-3.0.0.tgz 39978ms (cache miss)
3822 timing reifyNode:node_modules/netlify-cli/node_modules/cpy/node_modules/p-filter Completed in 40649ms
3823 http fetch GET 200 https://cdn.npmmirror.com/packages/p-timeout/3.2.0/p-timeout-3.2.0.tgz 40008ms (cache miss)
3824 timing reifyNode:node_modules/netlify-cli/node_modules/cpy/node_modules/p-timeout Completed in 40677ms
3825 http fetch GET 200 https://cdn.npmmirror.com/packages/filter-obj/3.0.0/filter-obj-3.0.0.tgz 40006ms (cache hit)
3826 timing reifyNode:node_modules/netlify-cli/node_modules/colors-option/node_modules/filter-obj Completed in 40682ms
3827 http fetch GET 200 https://cdn.npmmirror.com/packages/is-stream/2.0.1/is-stream-2.0.1.tgz 40055ms (cache hit)
3828 timing reifyNode:node_modules/netlify-cli/node_modules/compress-commons/node_modules/is-stream Completed in 40733ms
3829 http fetch GET 200 https://cdn.npmmirror.com/packages/strip-final-newline/3.0.0/strip-final-newline-3.0.0.tgz 40073ms (cache miss)
3830 timing reifyNode:node_modules/netlify-cli/node_modules/clipboardy/node_modules/strip-final-newline Completed in 40746ms
3831 http fetch GET 200 https://cdn.npmmirror.com/packages/signal-exit/4.1.0/signal-exit-4.1.0.tgz 40227ms (cache hit)
3832 http fetch GET 200 https://cdn.npmmirror.com/packages/cp-file/9.1.0/cp-file-9.1.0.tgz 40238ms (cache miss)
3833 timing reifyNode:node_modules/netlify-cli/node_modules/cpy/node_modules/cp-file Completed in 40916ms
3834 timing reifyNode:node_modules/netlify-cli/node_modules/clipboardy/node_modules/signal-exit Completed in 40934ms
3835 http fetch GET 200 https://cdn.npmmirror.com/packages/css-tree/2.2.1/css-tree-2.2.1.tgz 40317ms (cache miss)
3836 timing reifyNode:node_modules/netlify-cli/node_modules/csso/node_modules/css-tree Completed in 40984ms
3837 http fetch GET 200 https://cdn.npmmirror.com/packages/buffer/6.0.3/buffer-6.0.3.tgz 40329ms (cache hit)
3838 timing reifyNode:node_modules/netlify-cli/node_modules/crc32-stream/node_modules/buffer Completed in 41005ms
3839 http fetch GET 200 https://cdn.npmmirror.com/packages/escape-string-regexp/5.0.0/escape-string-regexp-5.0.0.tgz 40371ms (cache hit)
3840 timing reifyNode:node_modules/netlify-cli/node_modules/clean-stack/node_modules/escape-string-regexp Completed in 41057ms
3841 http fetch GET 200 https://cdn.npmmirror.com/packages/core-util-is/1.0.3/core-util-is-1.0.3.tgz 40388ms (cache miss)
3842 timing reifyNode:node_modules/netlify-cli/node_modules/comment-json/node_modules/core-util-is Completed in 41065ms
3843 http fetch GET 200 https://cdn.npmmirror.com/packages/npm-run-path/5.2.0/npm-run-path-5.2.0.tgz 40392ms (cache miss)
3844 timing reifyNode:node_modules/netlify-cli/node_modules/clipboardy/node_modules/npm-run-path Completed in 41067ms
3845 http fetch GET 200 https://cdn.npmmirror.com/packages/is-stream/3.0.0/is-stream-3.0.0.tgz 40418ms (cache hit)
3846 timing reifyNode:node_modules/netlify-cli/node_modules/clipboardy/node_modules/is-stream Completed in 41097ms
3847 http fetch GET 200 https://cdn.npmmirror.com/packages/onetime/6.0.0/onetime-6.0.0.tgz 40489ms (cache miss)
3848 timing reifyNode:node_modules/netlify-cli/node_modules/clipboardy/node_modules/onetime Completed in 41166ms
3849 http fetch GET 200 https://cdn.npmmirror.com/packages/wrap-ansi/8.1.0/wrap-ansi-8.1.0.tgz 40532ms (cache miss)
3850 timing reifyNode:node_modules/netlify-cli/node_modules/boxen/node_modules/wrap-ansi Completed in 41206ms
3851 http fetch GET 200 https://cdn.npmmirror.com/packages/buffer/6.0.3/buffer-6.0.3.tgz 40539ms (cache hit)
3852 timing reifyNode:node_modules/netlify-cli/node_modules/compress-commons/node_modules/buffer Completed in 41221ms
3853 http fetch GET 200 https://cdn.npmmirror.com/packages/get-stream/8.0.1/get-stream-8.0.1.tgz 40579ms (cache miss)
3854 timing reifyNode:node_modules/netlify-cli/node_modules/clipboardy/node_modules/get-stream Completed in 41261ms
3855 http fetch GET 200 https://cdn.npmmirror.com/packages/string-width/7.1.0/string-width-7.1.0.tgz 40609ms (cache miss)
3856 timing reifyNode:node_modules/netlify-cli/node_modules/cli-truncate/node_modules/string-width Completed in 41286ms
3857 http fetch GET 200 https://cdn.npmmirror.com/packages/string-width/5.1.2/string-width-5.1.2.tgz 40625ms (cache hit)
3858 http fetch GET 200 https://cdn.npmmirror.com/packages/human-signals/5.0.0/human-signals-5.0.0.tgz 40631ms (cache miss)
3859 timing reifyNode:node_modules/netlify-cli/node_modules/clipboardy/node_modules/human-signals Completed in 41311ms
3860 timing reifyNode:node_modules/netlify-cli/node_modules/boxen/node_modules/string-width Completed in 41309ms
3861 http fetch GET 200 https://cdn.npmmirror.com/packages/depd/2.0.0/depd-2.0.0.tgz 40708ms (cache hit)
3862 timing reifyNode:node_modules/netlify-cli/node_modules/body-parser/node_modules/depd Completed in 41392ms
3863 http fetch GET 200 https://cdn.npmmirror.com/packages/http-errors/2.0.0/http-errors-2.0.0.tgz 40755ms (cache hit)
3864 timing reifyNode:node_modules/netlify-cli/node_modules/body-parser/node_modules/http-errors Completed in 41441ms
3865 http fetch GET 200 https://cdn.npmmirror.com/packages/color-convert/2.0.1/color-convert-2.0.1.tgz 40781ms (cache hit)
3866 timing reifyNode:node_modules/netlify-cli/node_modules/better-ajv-errors/node_modules/color-convert Completed in 41464ms
3867 http fetch GET 200 https://cdn.npmmirror.com/packages/emoji-regex/9.2.2/emoji-regex-9.2.2.tgz 40807ms (cache hit)
3868 timing reifyNode:node_modules/netlify-cli/node_modules/boxen/node_modules/emoji-regex Completed in 41501ms
3869 http fetch GET 200 https://cdn.npmmirror.com/packages/chalk/4.1.2/chalk-4.1.2.tgz 40840ms (cache hit)
3870 timing reifyNode:node_modules/netlify-cli/node_modules/better-ajv-errors/node_modules/chalk Completed in 41526ms
3871 http fetch GET 200 https://cdn.npmmirror.com/packages/emoji-regex/10.3.0/emoji-regex-10.3.0.tgz 40863ms (cache miss)
3872 timing reifyNode:node_modules/netlify-cli/node_modules/cli-truncate/node_modules/emoji-regex Completed in 41543ms
3873 http fetch GET 200 https://cdn.npmmirror.com/packages/safe-buffer/5.2.1/safe-buffer-5.2.1.tgz 40872ms (cache hit)
3874 timing reifyNode:node_modules/netlify-cli/node_modules/archiver-utils/node_modules/safe-buffer Completed in 41555ms
3875 http fetch GET 200 https://cdn.npmmirror.com/packages/ms/2.0.0/ms-2.0.0.tgz 40945ms (cache hit)
3876 timing reifyNode:node_modules/netlify-cli/node_modules/body-parser/node_modules/ms Completed in 41628ms
3877 http fetch GET 200 https://cdn.npmmirror.com/packages/debug/2.6.9/debug-2.6.9.tgz 40962ms (cache hit)
3878 timing reifyNode:node_modules/netlify-cli/node_modules/body-parser/node_modules/debug Completed in 41659ms
3879 http fetch GET 200 https://cdn.npmmirror.com/packages/string_decoder/1.3.0/string_decoder-1.3.0.tgz 40994ms (cache hit)
3880 timing reifyNode:node_modules/netlify-cli/node_modules/archiver-utils/node_modules/string_decoder Completed in 41689ms
3881 http fetch GET 200 https://cdn.npmmirror.com/packages/color-name/1.1.4/color-name-1.1.4.tgz 41096ms (cache hit)
3882 http fetch GET 200 https://cdn.npmmirror.com/packages/camelcase/7.0.1/camelcase-7.0.1.tgz 41100ms (cache miss)
3883 timing reifyNode:node_modules/netlify-cli/node_modules/boxen/node_modules/camelcase Completed in 41778ms
3884 timing reifyNode:node_modules/netlify-cli/node_modules/better-ajv-errors/node_modules/color-name Completed in 41780ms
3885 http fetch GET 200 https://cdn.npmmirror.com/packages/readable-stream/4.5.2/readable-stream-4.5.2.tgz 41108ms (cache hit)
3886 timing reifyNode:node_modules/netlify-cli/node_modules/archiver-utils/node_modules/readable-stream Completed in 41829ms
3887 http fetch GET 200 https://cdn.npmmirror.com/packages/ansi-styles/4.3.0/ansi-styles-4.3.0.tgz 41266ms (cache hit)
3888 timing reifyNode:node_modules/netlify-cli/node_modules/better-ajv-errors/node_modules/ansi-styles Completed in 41956ms
3889 http fetch GET 200 https://cdn.npmmirror.com/packages/minimatch/9.0.4/minimatch-9.0.4.tgz 41340ms (cache miss)
3890 timing reifyNode:node_modules/netlify-cli/node_modules/archiver-utils/node_modules/minimatch Completed in 42020ms
3891 http fetch GET 200 https://cdn.npmmirror.com/packages/readable-stream/4.5.2/readable-stream-4.5.2.tgz 41343ms (cache hit)
3892 http fetch GET 200 https://cdn.npmmirror.com/packages/brace-expansion/2.0.1/brace-expansion-2.0.1.tgz 41346ms (cache hit)
3893 timing reifyNode:node_modules/netlify-cli/node_modules/archiver-utils/node_modules/brace-expansion Completed in 42034ms
3894 timing reifyNode:node_modules/netlify-cli/node_modules/archiver/node_modules/readable-stream Completed in 42062ms
3895 http fetch GET 200 https://cdn.npmmirror.com/packages/execa/8.0.1/execa-8.0.1.tgz 41414ms (cache miss)
3896 timing reifyNode:node_modules/netlify-cli/node_modules/clipboardy/node_modules/execa Completed in 42089ms
3897 http fetch GET 200 https://cdn.npmmirror.com/packages/buffer/6.0.3/buffer-6.0.3.tgz 41453ms (cache hit)
3898 timing reifyNode:node_modules/netlify-cli/node_modules/archiver/node_modules/buffer Completed in 42140ms
3899 http fetch GET 200 https://cdn.npmmirror.com/packages/supports-color/7.2.0/supports-color-7.2.0.tgz 41471ms (cache hit)
3900 timing reifyNode:node_modules/netlify-cli/node_modules/better-ajv-errors/node_modules/supports-color Completed in 42157ms
3901 http fetch GET 200 https://cdn.npmmirror.com/packages/buffer/6.0.3/buffer-6.0.3.tgz 41668ms (cache hit)
3902 timing reifyNode:node_modules/netlify-cli/node_modules/archiver-utils/node_modules/buffer Completed in 42361ms
3903 http fetch GET 200 https://cdn.npmmirror.com/packages/jackspeak/3.1.2/jackspeak-3.1.2.tgz 41687ms (cache miss)
3904 timing reifyNode:node_modules/netlify-cli/node_modules/archiver-utils/node_modules/jackspeak Completed in 42368ms
3905 http fetch GET 200 https://cdn.npmmirror.com/packages/minipass/7.1.2/minipass-7.1.2.tgz 41725ms (cache miss)
3906 timing reifyNode:node_modules/netlify-cli/node_modules/archiver-utils/node_modules/minipass Completed in 42405ms
3907 http fetch GET 200 https://cdn.npmmirror.com/packages/ajv/8.12.0/ajv-8.12.0.tgz 41762ms (cache hit)
3908 http fetch GET 200 https://cdn.npmmirror.com/packages/escape-string-regexp/5.0.0/escape-string-regexp-5.0.0.tgz 41797ms (cache hit)
3909 timing reifyNode:node_modules/netlify-cli/node_modules/@xhmikosr/downloader/node_modules/escape-string-regexp Completed in 42492ms
3910 http fetch GET 200 https://cdn.npmmirror.com/packages/safe-buffer/5.2.1/safe-buffer-5.2.1.tgz 41815ms (cache hit)
3911 http fetch GET 200 https://cdn.npmmirror.com/packages/buffer-crc32/1.0.0/buffer-crc32-1.0.0.tgz 41818ms (cache miss)
3912 timing reifyNode:node_modules/netlify-cli/node_modules/archiver/node_modules/buffer-crc32 Completed in 42502ms
3913 timing reifyNode:node_modules/netlify-cli/node_modules/archiver/node_modules/safe-buffer Completed in 42503ms
3914 http fetch GET 200 https://cdn.npmmirror.com/packages/path-exists/5.0.0/path-exists-5.0.0.tgz 41827ms (cache hit)
3915 http fetch GET 200 https://cdn.npmmirror.com/packages/is-stream/2.0.1/is-stream-2.0.1.tgz 41840ms (cache hit)
3916 http fetch GET 200 https://cdn.npmmirror.com/packages/write-file-atomic/4.0.2/write-file-atomic-4.0.2.tgz 41841ms (cache miss)
3917 timing reifyNode:node_modules/netlify-cli/node_modules/all-node-versions/node_modules/write-file-atomic Completed in 42524ms
3918 timing reifyNode:node_modules/netlify-cli/node_modules/all-node-versions/node_modules/path-exists Completed in 42524ms
3919 timing reifyNode:node_modules/netlify-cli/node_modules/archiver-utils/node_modules/is-stream Completed in 42528ms
3920 http fetch GET 200 https://cdn.npmmirror.com/packages/string_decoder/1.3.0/string_decoder-1.3.0.tgz 41862ms (cache hit)
3921 timing reifyNode:node_modules/netlify-cli/node_modules/archiver/node_modules/string_decoder Completed in 42550ms
3922 http fetch GET 200 https://cdn.npmmirror.com/packages/glob/10.4.1/glob-10.4.1.tgz 41880ms (cache miss)
3923 timing reifyNode:node_modules/netlify-cli/node_modules/archiver-utils/node_modules/glob Completed in 42560ms
3924 http fetch GET 200 https://cdn.npmmirror.com/packages/entities/2.2.0/entities-2.2.0.tgz 41988ms (cache miss)
3925 timing reifyNode:node_modules/netlify-cli/node_modules/ansi-to-html/node_modules/entities Completed in 42676ms
3926 http fetch GET 200 https://cdn.npmmirror.com/packages/filenamify/5.1.1/filenamify-5.1.1.tgz 42018ms (cache miss)
3927 timing reifyNode:node_modules/netlify-cli/node_modules/@xhmikosr/downloader/node_modules/filenamify Completed in 42705ms
3928 http fetch GET 200 https://cdn.npmmirror.com/packages/graceful-fs/4.2.11/graceful-fs-4.2.11.tgz 42034ms (cache hit)
3929 timing reifyNode:node_modules/netlify-cli/node_modules/@xhmikosr/decompress/node_modules/graceful-fs Completed in 42727ms
3930 timing reifyNode:node_modules/netlify-cli/node_modules/ajv-formats/node_modules/ajv Completed in 42891ms
3931 http fetch GET 200 https://cdn.npmmirror.com/packages/json-schema-traverse/1.0.0/json-schema-traverse-1.0.0.tgz 42210ms (cache hit)
3932 timing reifyNode:node_modules/netlify-cli/node_modules/ajv-formats/node_modules/json-schema-traverse Completed in 42904ms
3933 http fetch GET 200 https://cdn.npmmirror.com/packages/escape-string-regexp/5.0.0/escape-string-regexp-5.0.0.tgz 42236ms (cache hit)
3934 timing reifyNode:node_modules/netlify-cli/node_modules/@sindresorhus/transliterate/node_modules/escape-string-regexp Completed in 42927ms
3935 http fetch GET 200 https://cdn.npmmirror.com/packages/make-dir/4.0.0/make-dir-4.0.0.tgz 42278ms (cache miss)
3936 timing reifyNode:node_modules/netlify-cli/node_modules/@xhmikosr/decompress/node_modules/make-dir Completed in 42969ms
3937 http fetch GET 200 https://cdn.npmmirror.com/packages/path-exists/5.0.0/path-exists-5.0.0.tgz 42313ms (cache hit)
3938 timing reifyNode:node_modules/netlify-cli/node_modules/@netlify/zip-it-and-ship-it/node_modules/path-exists Completed in 43000ms
3939 http fetch GET 200 https://cdn.npmmirror.com/packages/filename-reserved-regex/3.0.0/filename-reserved-regex-3.0.0.tgz 42401ms (cache miss)
3940 timing reifyNode:node_modules/netlify-cli/node_modules/@xhmikosr/downloader/node_modules/filename-reserved-regex Completed in 43091ms
3941 http fetch GET 200 https://cdn.npmmirror.com/packages/escape-string-regexp/5.0.0/escape-string-regexp-5.0.0.tgz 42444ms (cache hit)
3942 timing reifyNode:node_modules/netlify-cli/node_modules/@sindresorhus/slugify/node_modules/escape-string-regexp Completed in 43134ms
3943 http fetch GET 200 https://cdn.npmmirror.com/packages/onetime/6.0.0/onetime-6.0.0.tgz 42517ms (cache hit)
3944 timing reifyNode:node_modules/netlify-cli/node_modules/@netlify/zip-it-and-ship-it/node_modules/onetime Completed in 43210ms
3945 http fetch GET 200 https://cdn.npmmirror.com/packages/indent-string/5.0.0/indent-string-5.0.0.tgz 42594ms (cache miss)
3946 timing reifyNode:node_modules/netlify-cli/node_modules/aggregate-error/node_modules/indent-string Completed in 43285ms
3947 http fetch GET 200 https://cdn.npmmirror.com/packages/picomatch/4.0.2/picomatch-4.0.2.tgz 42644ms (cache miss)
3948 timing reifyNode:node_modules/netlify-cli/node_modules/@rollup/pluginutils/node_modules/picomatch Completed in 43330ms
3949 http fetch GET 200 https://cdn.npmmirror.com/packages/p-map/5.5.0/p-map-5.5.0.tgz 42686ms (cache hit)
3950 http fetch GET 200 https://cdn.npmmirror.com/packages/trim-repeated/2.0.0/trim-repeated-2.0.0.tgz 42692ms (cache miss)
3951 timing reifyNode:node_modules/netlify-cli/node_modules/@xhmikosr/downloader/node_modules/trim-repeated Completed in 43380ms
3952 timing reifyNode:node_modules/netlify-cli/node_modules/@netlify/zip-it-and-ship-it/node_modules/p-map Completed in 43377ms
3953 http fetch GET 200 https://cdn.npmmirror.com/packages/strip-final-newline/3.0.0/strip-final-newline-3.0.0.tgz 42778ms (cache hit)
3954 http fetch GET 200 https://cdn.npmmirror.com/packages/npm-run-path/5.3.0/npm-run-path-5.3.0.tgz 42782ms (cache miss)
3955 timing reifyNode:node_modules/netlify-cli/node_modules/@netlify/zip-it-and-ship-it/node_modules/strip-final-newline Completed in 43469ms
3956 timing reifyNode:node_modules/netlify-cli/node_modules/@netlify/zip-it-and-ship-it/node_modules/npm-run-path Completed in 43469ms
3957 http fetch GET 200 https://cdn.npmmirror.com/packages/brace-expansion/2.0.1/brace-expansion-2.0.1.tgz 42828ms (cache hit)
3958 timing reifyNode:node_modules/netlify-cli/node_modules/@netlify/zip-it-and-ship-it/node_modules/brace-expansion Completed in 43523ms
3959 http fetch GET 200 https://cdn.npmmirror.com/packages/strip-outer/2.0.0/strip-outer-2.0.0.tgz 42875ms (cache miss)
3960 timing reifyNode:node_modules/netlify-cli/node_modules/@xhmikosr/downloader/node_modules/strip-outer Completed in 43567ms
3961 http fetch GET 200 https://cdn.npmmirror.com/packages/onetime/6.0.0/onetime-6.0.0.tgz 43937ms (cache hit)
3962 http fetch GET 200 https://cdn.npmmirror.com/packages/is-stream/3.0.0/is-stream-3.0.0.tgz 43944ms (cache hit)
3963 http fetch GET 200 https://cdn.npmmirror.com/packages/is-stream/3.0.0/is-stream-3.0.0.tgz 43948ms (cache hit)
3964 timing reifyNode:node_modules/netlify-cli/node_modules/@netlify/zip-it-and-ship-it/node_modules/is-stream Completed in 44635ms
3965 timing reifyNode:node_modules/netlify-cli/node_modules/@netlify/run-utils/node_modules/onetime Completed in 44634ms
3966 timing reifyNode:node_modules/netlify-cli/node_modules/@xhmikosr/decompress-tarbz2/node_modules/is-stream Completed in 44642ms
3967 http fetch GET 200 https://cdn.npmmirror.com/packages/%40esbuild/win32-x64/0.19.11/win32-x64-0.19.11.tgz 44106ms (cache miss)
3968 timing reifyNode:node_modules/netlify-cli/node_modules/@esbuild/win32-x64 Completed in 44640ms
3969 http fetch GET 200 https://cdn.npmmirror.com/packages/is-stream/3.0.0/is-stream-3.0.0.tgz 44076ms (cache hit)
3970 timing reifyNode:node_modules/netlify-cli/node_modules/@xhmikosr/decompress-targz/node_modules/is-stream Completed in 44769ms
3971 http fetch GET 200 https://cdn.npmmirror.com/packages/human-signals/3.0.1/human-signals-3.0.1.tgz 44110ms (cache miss)
3972 timing reifyNode:node_modules/netlify-cli/node_modules/@netlify/zip-it-and-ship-it/node_modules/human-signals Completed in 44798ms
3973 http fetch GET 200 https://cdn.npmmirror.com/packages/minimatch/9.0.5/minimatch-9.0.5.tgz 44341ms (cache miss)
3974 timing reifyNode:node_modules/netlify-cli/node_modules/@netlify/zip-it-and-ship-it/node_modules/minimatch Completed in 45028ms
3975 http fetch GET 200 https://cdn.npmmirror.com/packages/glob/8.1.0/glob-8.1.0.tgz 44344ms (cache miss)
3976 warn deprecated glob@8.1.0: Glob versions prior to v9 are no longer supported
3977 timing reifyNode:node_modules/netlify-cli/node_modules/@netlify/zip-it-and-ship-it/node_modules/glob Completed in 45033ms
3978 http fetch GET 200 https://cdn.npmmirror.com/packages/minimatch/5.1.6/minimatch-5.1.6.tgz 44425ms (cache hit)
3979 http fetch GET 200 https://cdn.npmmirror.com/packages/path-exists/5.0.0/path-exists-5.0.0.tgz 44421ms (cache hit)
3980 timing reifyNode:node_modules/netlify-cli/node_modules/@netlify/git-utils/node_modules/path-exists Completed in 45118ms
3981 timing reifyNode:node_modules/netlify-cli/node_modules/@netlify/zip-it-and-ship-it/node_modules/glob/node_modules/minimatch Completed in 45123ms
3982 http fetch GET 200 https://cdn.npmmirror.com/packages/map-obj/5.0.2/map-obj-5.0.2.tgz 44436ms (cache hit)
3983 http fetch GET 200 https://cdn.npmmirror.com/packages/human-signals/3.0.1/human-signals-3.0.1.tgz 44441ms (cache hit)
3984 http fetch GET 200 https://cdn.npmmirror.com/packages/is-stream/3.0.0/is-stream-3.0.0.tgz 44446ms (cache hit)
3985 timing reifyNode:node_modules/netlify-cli/node_modules/@netlify/headers-parser/node_modules/map-obj Completed in 45138ms
3986 timing reifyNode:node_modules/netlify-cli/node_modules/@netlify/run-utils/node_modules/is-stream Completed in 45144ms
3987 timing reifyNode:node_modules/netlify-cli/node_modules/@netlify/run-utils/node_modules/human-signals Completed in 45152ms
3988 http fetch GET 200 https://cdn.npmmirror.com/packages/strip-final-newline/3.0.0/strip-final-newline-3.0.0.tgz 44489ms (cache hit)
3989 timing reifyNode:node_modules/netlify-cli/node_modules/@netlify/run-utils/node_modules/strip-final-newline Completed in 45181ms
3990 http fetch GET 200 https://cdn.npmmirror.com/packages/is-stream/3.0.0/is-stream-3.0.0.tgz 44584ms (cache hit)
3991 timing reifyNode:node_modules/netlify-cli/node_modules/@xhmikosr/decompress-tar/node_modules/is-stream Completed in 45278ms
3992 http fetch GET 200 https://cdn.npmmirror.com/packages/find-up/6.3.0/find-up-6.3.0.tgz 44617ms (cache miss)
3993 timing reifyNode:node_modules/netlify-cli/node_modules/@netlify/zip-it-and-ship-it/node_modules/find-up Completed in 45311ms
3994 http fetch GET 200 https://cdn.npmmirror.com/packages/path-exists/5.0.0/path-exists-5.0.0.tgz 44635ms (cache hit)
3995 timing reifyNode:node_modules/netlify-cli/node_modules/@netlify/headers-parser/node_modules/path-exists Completed in 45331ms
3996 http fetch GET 200 https://cdn.npmmirror.com/packages/npm-run-path/5.1.0/npm-run-path-5.1.0.tgz 44650ms (cache miss)
3997 timing reifyNode:node_modules/netlify-cli/node_modules/@netlify/run-utils/node_modules/npm-run-path Completed in 45343ms
3998 http fetch GET 200 https://cdn.npmmirror.com/packages/detect-libc/1.0.3/detect-libc-1.0.3.tgz 44747ms (cache miss)
3999 timing reifyNode:node_modules/netlify-cli/node_modules/@parcel/watcher/node_modules/detect-libc Completed in 45434ms
4000 http fetch GET 200 https://cdn.npmmirror.com/packages/path-exists/5.0.0/path-exists-5.0.0.tgz 44855ms (cache hit)
4001 timing reifyNode:node_modules/netlify-cli/node_modules/@netlify/redirect-parser/node_modules/path-exists Completed in 45552ms
4002 http fetch GET 200 https://cdn.npmmirror.com/packages/onetime/6.0.0/onetime-6.0.0.tgz 44873ms (cache hit)
4003 timing reifyNode:node_modules/netlify-cli/node_modules/@netlify/git-utils/node_modules/onetime Completed in 45573ms
4004 http fetch GET 200 https://cdn.npmmirror.com/packages/execa/6.1.0/execa-6.1.0.tgz 44891ms (cache miss)
4005 timing reifyNode:node_modules/netlify-cli/node_modules/@netlify/run-utils/node_modules/execa Completed in 45585ms
4006 http fetch GET 200 https://cdn.npmmirror.com/packages/execa/6.1.0/execa-6.1.0.tgz 44907ms (cache miss)
4007 timing reifyNode:node_modules/netlify-cli/node_modules/@netlify/zip-it-and-ship-it/node_modules/execa Completed in 45597ms
4008 http fetch GET 200 https://cdn.npmmirror.com/packages/strip-final-newline/3.0.0/strip-final-newline-3.0.0.tgz 44912ms (cache hit)
4009 timing reifyNode:node_modules/netlify-cli/node_modules/@netlify/git-utils/node_modules/strip-final-newline Completed in 45610ms
4010 http fetch GET 200 https://cdn.npmmirror.com/packages/map-obj/5.0.2/map-obj-5.0.2.tgz 44921ms (cache hit)
4011 timing reifyNode:node_modules/netlify-cli/node_modules/@netlify/git-utils/node_modules/map-obj Completed in 45620ms
4012 http fetch GET 200 https://cdn.npmmirror.com/packages/npm-run-path/5.1.0/npm-run-path-5.1.0.tgz 44936ms (cache hit)
4013 timing reifyNode:node_modules/netlify-cli/node_modules/@netlify/git-utils/node_modules/npm-run-path Completed in 45636ms
4014 http fetch GET 200 https://cdn.npmmirror.com/packages/is-stream/3.0.0/is-stream-3.0.0.tgz 44945ms (cache hit)
4015 timing reifyNode:node_modules/netlify-cli/node_modules/@netlify/git-utils/node_modules/is-stream Completed in 45645ms
4016 http fetch GET 200 https://cdn.npmmirror.com/packages/path-exists/5.0.0/path-exists-5.0.0.tgz 44956ms (cache hit)
4017 http fetch GET 200 https://cdn.npmmirror.com/packages/execa/6.1.0/execa-6.1.0.tgz 44957ms (cache hit)
4018 http fetch GET 200 https://cdn.npmmirror.com/packages/yocto-queue/1.0.0/yocto-queue-1.0.0.tgz 44963ms (cache hit)
4019 timing reifyNode:node_modules/netlify-cli/node_modules/@netlify/framework-info/node_modules/path-exists Completed in 45660ms
4020 timing reifyNode:node_modules/netlify-cli/node_modules/@netlify/framework-info/node_modules/yocto-queue Completed in 45663ms
4021 timing reifyNode:node_modules/netlify-cli/node_modules/@netlify/git-utils/node_modules/execa Completed in 45666ms
4022 http fetch GET 200 https://cdn.npmmirror.com/packages/escape-string-regexp/5.0.0/escape-string-regexp-5.0.0.tgz 44980ms (cache hit)
4023 timing reifyNode:node_modules/netlify-cli/node_modules/@netlify/headers-parser/node_modules/escape-string-regexp Completed in 45679ms
4024 http fetch GET 200 https://cdn.npmmirror.com/packages/p-locate/6.0.0/p-locate-6.0.0.tgz 44994ms (cache hit)
4025 timing reifyNode:node_modules/netlify-cli/node_modules/@netlify/framework-info/node_modules/p-locate Completed in 45694ms
4026 http fetch GET 200 https://cdn.npmmirror.com/packages/p-map/5.5.0/p-map-5.5.0.tgz 45036ms (cache hit)
4027 timing reifyNode:node_modules/netlify-cli/node_modules/@netlify/framework-info/node_modules/p-map Completed in 45736ms
4028 http fetch GET 200 https://cdn.npmmirror.com/packages/p-limit/4.0.0/p-limit-4.0.0.tgz 45057ms (cache hit)
4029 timing reifyNode:node_modules/netlify-cli/node_modules/@netlify/framework-info/node_modules/p-limit Completed in 45758ms
4030 http fetch GET 200 https://cdn.npmmirror.com/packages/p-filter/3.0.0/p-filter-3.0.0.tgz 45120ms (cache hit)
4031 timing reifyNode:node_modules/netlify-cli/node_modules/@netlify/framework-info/node_modules/p-filter Completed in 45823ms
4032 http fetch GET 200 https://cdn.npmmirror.com/packages/human-signals/3.0.1/human-signals-3.0.1.tgz 45333ms (cache hit)
4033 http fetch GET 200 https://cdn.npmmirror.com/packages/json-schema-traverse/1.0.0/json-schema-traverse-1.0.0.tgz 45335ms (cache hit)
4034 timing reifyNode:node_modules/netlify-cli/node_modules/@netlify/git-utils/node_modules/human-signals Completed in 46044ms
4035 timing reifyNode:node_modules/netlify-cli/node_modules/@netlify/framework-info/node_modules/json-schema-traverse Completed in 46048ms
4036 http fetch GET 200 https://cdn.npmmirror.com/packages/path-exists/5.0.0/path-exists-5.0.0.tgz 45361ms (cache hit)
4037 timing reifyNode:node_modules/netlify-cli/node_modules/@netlify/edge-bundler/node_modules/path-exists Completed in 46062ms
4038 http fetch GET 200 https://cdn.npmmirror.com/packages/strip-final-newline/3.0.0/strip-final-newline-3.0.0.tgz 45385ms (cache hit)
4039 timing reifyNode:node_modules/netlify-cli/node_modules/@netlify/edge-bundler/node_modules/strip-final-newline Completed in 46089ms
4040 http fetch GET 200 https://cdn.npmmirror.com/packages/p-wait-for/4.1.0/p-wait-for-4.1.0.tgz 45429ms (cache hit)
4041 timing reifyNode:node_modules/netlify-cli/node_modules/@netlify/edge-bundler/node_modules/p-wait-for Completed in 46131ms
4042 http fetch GET 200 https://cdn.npmmirror.com/packages/find-up/6.3.0/find-up-6.3.0.tgz 45440ms (cache hit)
4043 timing reifyNode:node_modules/netlify-cli/node_modules/@netlify/framework-info/node_modules/find-up Completed in 46146ms
4044 http fetch GET 200 https://cdn.npmmirror.com/packages/p-timeout/5.1.0/p-timeout-5.1.0.tgz 45446ms (cache hit)
4045 http fetch GET 200 https://cdn.npmmirror.com/packages/ajv/8.12.0/ajv-8.12.0.tgz 45458ms (cache hit)
4046 timing reifyNode:node_modules/netlify-cli/node_modules/@netlify/edge-bundler/node_modules/p-timeout Completed in 46160ms
4047 http fetch GET 200 https://cdn.npmmirror.com/packages/onetime/6.0.0/onetime-6.0.0.tgz 45469ms (cache hit)
4048 timing reifyNode:node_modules/netlify-cli/node_modules/@netlify/edge-bundler/node_modules/onetime Completed in 46176ms
4049 http fetch GET 200 https://cdn.npmmirror.com/packages/json-schema-traverse/1.0.0/json-schema-traverse-1.0.0.tgz 45532ms (cache hit)
4050 http fetch GET 200 https://cdn.npmmirror.com/packages/is-stream/3.0.0/is-stream-3.0.0.tgz 45532ms (cache hit)
4051 timing reifyNode:node_modules/netlify-cli/node_modules/@netlify/edge-bundler/node_modules/is-stream Completed in 46241ms
4052 timing reifyNode:node_modules/netlify-cli/node_modules/@netlify/edge-bundler/node_modules/json-schema-traverse Completed in 46250ms
4053 http fetch GET 200 https://cdn.npmmirror.com/packages/npm-run-path/5.3.0/npm-run-path-5.3.0.tgz 45550ms (cache hit)
4054 timing reifyNode:node_modules/netlify-cli/node_modules/@netlify/edge-bundler/node_modules/npm-run-path Completed in 46258ms
4055 http fetch GET 200 https://cdn.npmmirror.com/packages/path-exists/5.0.0/path-exists-5.0.0.tgz 45578ms (cache hit)
4056 timing reifyNode:node_modules/netlify-cli/node_modules/@netlify/functions-utils/node_modules/path-exists Completed in 46282ms
4057 http fetch GET 200 https://cdn.npmmirror.com/packages/get-port/6.1.2/get-port-6.1.2.tgz 45792ms (cache miss)
4058 timing reifyNode:node_modules/netlify-cli/node_modules/@netlify/edge-bundler/node_modules/get-port Completed in 46496ms
4059 http fetch GET 200 https://cdn.npmmirror.com/packages/find-up/6.3.0/find-up-6.3.0.tgz 45838ms (cache hit)
4060 timing reifyNode:node_modules/netlify-cli/node_modules/@netlify/edge-bundler/node_modules/find-up Completed in 46548ms
4061 http fetch GET 200 https://cdn.npmmirror.com/packages/execa/6.1.0/execa-6.1.0.tgz 45851ms (cache hit)
4062 timing reifyNode:node_modules/netlify-cli/node_modules/@netlify/edge-bundler/node_modules/execa Completed in 46568ms
4063 http fetch GET 200 https://cdn.npmmirror.com/packages/strip-final-newline/3.0.0/strip-final-newline-3.0.0.tgz 45953ms (cache hit)
4064 timing reifyNode:node_modules/netlify-cli/node_modules/@netlify/config/node_modules/strip-final-newline Completed in 46663ms
4065 timing reifyNode:node_modules/netlify-cli/node_modules/@netlify/framework-info/node_modules/ajv Completed in 46700ms
4066 http fetch GET 200 https://cdn.npmmirror.com/packages/p-limit/4.0.0/p-limit-4.0.0.tgz 46003ms (cache hit)
4067 timing reifyNode:node_modules/netlify-cli/node_modules/@netlify/config/node_modules/p-limit Completed in 46713ms
4068 http fetch GET 200 https://cdn.npmmirror.com/packages/human-signals/3.0.1/human-signals-3.0.1.tgz 46030ms (cache hit)
4069 http fetch GET 200 https://cdn.npmmirror.com/packages/p-locate/6.0.0/p-locate-6.0.0.tgz 46031ms (cache hit)
4070 timing reifyNode:node_modules/netlify-cli/node_modules/@netlify/config/node_modules/p-locate Completed in 46744ms
4071 timing reifyNode:node_modules/netlify-cli/node_modules/@netlify/edge-bundler/node_modules/human-signals Completed in 46756ms
4072 http fetch GET 200 https://cdn.npmmirror.com/packages/onetime/6.0.0/onetime-6.0.0.tgz 46053ms (cache hit)
4073 timing reifyNode:node_modules/netlify-cli/node_modules/@netlify/config/node_modules/onetime Completed in 46765ms
4074 http fetch GET 200 https://cdn.npmmirror.com/packages/path-exists/5.0.0/path-exists-5.0.0.tgz 46071ms (cache hit)
4075 timing reifyNode:node_modules/netlify-cli/node_modules/@netlify/config/node_modules/path-exists Completed in 46780ms
4076 http fetch GET 200 https://cdn.npmmirror.com/packages/%40netlify/serverless-functions-api/1.31.1/serverless-functions-api-1.31.1.tgz 46178ms (cache miss)
4077 timing reifyNode:node_modules/netlify-cli/node_modules/@netlify/zip-it-and-ship-it/node_modules/@netlify/serverless-functions-api Completed in 46870ms
4078 http fetch GET 200 https://cdn.npmmirror.com/packages/fast-uri/3.0.3/fast-uri-3.0.3.tgz 46189ms (cache miss)
4079 timing reifyNode:node_modules/netlify-cli/node_modules/@netlify/edge-bundler/node_modules/fast-uri Completed in 46893ms
4080 http fetch GET 200 https://cdn.npmmirror.com/packages/esbuild/0.21.2/esbuild-0.21.2.tgz 46198ms (cache miss)
4081 timing reifyNode:node_modules/netlify-cli/node_modules/@netlify/edge-bundler/node_modules/esbuild Completed in 46902ms
4082 http fetch GET 200 https://cdn.npmmirror.com/packages/path-type/5.0.0/path-type-5.0.0.tgz 46223ms (cache miss)
4083 timing reifyNode:node_modules/netlify-cli/node_modules/@netlify/config/node_modules/path-type Completed in 46928ms
4084 http fetch GET 200 https://cdn.npmmirror.com/packages/yocto-queue/1.1.1/yocto-queue-1.1.1.tgz 46252ms (cache miss)
4085 timing reifyNode:node_modules/netlify-cli/node_modules/@netlify/config/node_modules/yocto-queue Completed in 46958ms
4086 http fetch GET 200 https://cdn.npmmirror.com/packages/map-obj/5.0.2/map-obj-5.0.2.tgz 46316ms (cache hit)
4087 http fetch GET 200 https://cdn.npmmirror.com/packages/ajv-errors/3.0.0/ajv-errors-3.0.0.tgz 46324ms (cache miss)
4088 timing reifyNode:node_modules/netlify-cli/node_modules/@netlify/edge-bundler/node_modules/ajv-errors Completed in 47028ms
4089 timing reifyNode:node_modules/netlify-cli/node_modules/@netlify/config/node_modules/map-obj Completed in 47028ms
4090 http fetch GET 200 https://cdn.npmmirror.com/packages/indent-string/5.0.0/indent-string-5.0.0.tgz 46340ms (cache hit)
4091 http fetch GET 200 https://cdn.npmmirror.com/packages/human-signals/3.0.1/human-signals-3.0.1.tgz 46344ms (cache hit)
4092 timing reifyNode:node_modules/netlify-cli/node_modules/@netlify/config/node_modules/indent-string Completed in 47054ms
4093 http fetch GET 200 https://cdn.npmmirror.com/packages/npm-run-path/5.3.0/npm-run-path-5.3.0.tgz 46354ms (cache hit)
4094 timing reifyNode:node_modules/netlify-cli/node_modules/@netlify/config/node_modules/npm-run-path Completed in 47065ms
4095 timing reifyNode:node_modules/netlify-cli/node_modules/@netlify/config/node_modules/human-signals Completed in 47067ms
4096 http fetch GET 200 https://cdn.npmmirror.com/packages/find-up/6.3.0/find-up-6.3.0.tgz 46463ms (cache hit)
4097 timing reifyNode:node_modules/netlify-cli/node_modules/@netlify/config/node_modules/find-up Completed in 47174ms
4098 http fetch GET 200 https://cdn.npmmirror.com/packages/figures/5.0.0/figures-5.0.0.tgz 46473ms (cache hit)
4099 timing reifyNode:node_modules/netlify-cli/node_modules/@netlify/config/node_modules/figures Completed in 47185ms
4100 http fetch GET 200 https://cdn.npmmirror.com/packages/is-stream/3.0.0/is-stream-3.0.0.tgz 46484ms (cache hit)
4101 timing reifyNode:node_modules/netlify-cli/node_modules/@netlify/config/node_modules/is-stream Completed in 47196ms
4102 http fetch GET 200 https://cdn.npmmirror.com/packages/escape-string-regexp/5.0.0/escape-string-regexp-5.0.0.tgz 46499ms (cache hit)
4103 http fetch GET 200 https://cdn.npmmirror.com/packages/execa/6.1.0/execa-6.1.0.tgz 46507ms (cache hit)
4104 timing reifyNode:node_modules/netlify-cli/node_modules/@netlify/config/node_modules/escape-string-regexp Completed in 47216ms
4105 http fetch GET 200 https://cdn.npmmirror.com/packages/slash/4.0.0/slash-4.0.0.tgz 46515ms (cache hit)
4106 timing reifyNode:node_modules/netlify-cli/node_modules/@netlify/cache-utils/node_modules/slash Completed in 47226ms
4107 timing reifyNode:node_modules/netlify-cli/node_modules/@netlify/config/node_modules/execa Completed in 47228ms
4108 http fetch GET 200 https://cdn.npmmirror.com/packages/path-exists/5.0.0/path-exists-5.0.0.tgz 46549ms (cache hit)
4109 http fetch GET 200 https://cdn.npmmirror.com/packages/globby/13.2.2/globby-13.2.2.tgz 46553ms (cache hit)
4110 timing reifyNode:node_modules/netlify-cli/node_modules/@netlify/cache-utils/node_modules/path-exists Completed in 47267ms
4111 timing reifyNode:node_modules/netlify-cli/node_modules/@netlify/cache-utils/node_modules/globby Completed in 47271ms
4112 http fetch GET 200 https://cdn.npmmirror.com/packages/dot-prop/7.2.0/dot-prop-7.2.0.tgz 46703ms (cache miss)
4113 timing reifyNode:node_modules/netlify-cli/node_modules/@netlify/config/node_modules/dot-prop Completed in 47409ms
4114 http fetch GET 200 https://cdn.npmmirror.com/packages/minimatch/9.0.5/minimatch-9.0.5.tgz 46782ms (cache hit)
4115 http fetch GET 200 https://cdn.npmmirror.com/packages/dot-prop/7.2.0/dot-prop-7.2.0.tgz 46808ms (cache hit)
4116 timing reifyNode:node_modules/netlify-cli/node_modules/@netlify/build-info/node_modules/dot-prop Completed in 47524ms
4117 http fetch GET 200 https://cdn.npmmirror.com/packages/find-up/6.3.0/find-up-6.3.0.tgz 46825ms (cache hit)
4118 timing reifyNode:node_modules/netlify-cli/node_modules/@netlify/build-info/node_modules/find-up Completed in 47540ms
4119 http fetch GET 200 https://cdn.npmmirror.com/packages/brace-expansion/2.0.1/brace-expansion-2.0.1.tgz 46836ms (cache hit)
4120 timing reifyNode:node_modules/netlify-cli/node_modules/@netlify/build-info/node_modules/brace-expansion Completed in 47552ms
4121 timing reifyNode:node_modules/netlify-cli/node_modules/@netlify/build-info/node_modules/minimatch Completed in 47560ms
4122 http fetch GET 200 https://cdn.npmmirror.com/packages/path-exists/5.0.0/path-exists-5.0.0.tgz 46932ms (cache hit)
4123 timing reifyNode:node_modules/netlify-cli/node_modules/@netlify/build-info/node_modules/path-exists Completed in 47650ms
4124 http fetch GET 200 https://cdn.npmmirror.com/packages/strip-final-newline/3.0.0/strip-final-newline-3.0.0.tgz 46971ms (cache hit)
4125 http fetch GET 200 https://cdn.npmmirror.com/packages/string-width/5.1.2/string-width-5.1.2.tgz 46973ms (cache hit)
4126 timing reifyNode:node_modules/netlify-cli/node_modules/@netlify/build/node_modules/strip-final-newline Completed in 47687ms
4127 timing reifyNode:node_modules/netlify-cli/node_modules/@netlify/build/node_modules/string-width Completed in 47691ms
4128 http fetch GET 200 https://cdn.npmmirror.com/packages/path-type/5.0.0/path-type-5.0.0.tgz 47024ms (cache hit)
4129 timing reifyNode:node_modules/netlify-cli/node_modules/@netlify/build/node_modules/path-type Completed in 47746ms
4130 http fetch GET 200 https://cdn.npmmirror.com/packages/yocto-queue/1.1.1/yocto-queue-1.1.1.tgz 47040ms (cache hit)
4131 http fetch GET 200 https://cdn.npmmirror.com/packages/read-pkg/7.1.0/read-pkg-7.1.0.tgz 47049ms (cache miss)
4132 timing reifyNode:node_modules/netlify-cli/node_modules/@netlify/build/node_modules/yocto-queue Completed in 47759ms
4133 timing reifyNode:node_modules/netlify-cli/node_modules/@netlify/build-info/node_modules/read-pkg Completed in 47762ms
4134 http fetch GET 200 https://cdn.npmmirror.com/packages/p-limit/4.0.0/p-limit-4.0.0.tgz 47054ms (cache hit)
4135 timing reifyNode:node_modules/netlify-cli/node_modules/@netlify/build/node_modules/p-limit Completed in 47773ms
4136 http fetch GET 200 https://cdn.npmmirror.com/packages/p-locate/6.0.0/p-locate-6.0.0.tgz 47075ms (cache hit)
4137 timing reifyNode:node_modules/netlify-cli/node_modules/@netlify/build/node_modules/p-locate Completed in 47792ms
4138 http fetch GET 200 https://cdn.npmmirror.com/packages/yaml/2.6.1/yaml-2.6.1.tgz 47145ms (cache miss)
4139 timing reifyNode:node_modules/netlify-cli/node_modules/@netlify/build-info/node_modules/yaml Completed in 47856ms
4140 http fetch GET 200 https://cdn.npmmirror.com/packages/path-exists/5.0.0/path-exists-5.0.0.tgz 47179ms (cache hit)
4141 http fetch GET 200 https://cdn.npmmirror.com/packages/ajv/8.17.1/ajv-8.17.1.tgz 47197ms (cache miss)
4142 timing reifyNode:node_modules/netlify-cli/node_modules/@netlify/build/node_modules/path-exists Completed in 47897ms
4143 timing reifyNode:node_modules/netlify-cli/node_modules/@netlify/edge-bundler/node_modules/ajv Completed in 47903ms
4144 http fetch GET 200 https://cdn.npmmirror.com/packages/p-map/5.5.0/p-map-5.5.0.tgz 47265ms (cache hit)
4145 http fetch GET 200 https://cdn.npmmirror.com/packages/pkg-dir/7.0.0/pkg-dir-7.0.0.tgz 47275ms (cache miss)
4146 timing reifyNode:node_modules/netlify-cli/node_modules/@netlify/build/node_modules/pkg-dir Completed in 47988ms
4147 timing reifyNode:node_modules/netlify-cli/node_modules/@netlify/build/node_modules/p-filter/node_modules/p-map Completed in 47987ms
4148 http fetch GET 200 https://cdn.npmmirror.com/packages/p-filter/3.0.0/p-filter-3.0.0.tgz 47273ms (cache hit)
4149 timing reifyNode:node_modules/netlify-cli/node_modules/@netlify/build/node_modules/p-filter Completed in 47992ms
4150 http fetch GET 200 https://cdn.npmmirror.com/packages/npm-run-path/5.3.0/npm-run-path-5.3.0.tgz 47308ms (cache hit)
4151 http fetch GET 200 https://cdn.npmmirror.com/packages/minimatch/9.0.5/minimatch-9.0.5.tgz 47310ms (cache hit)
4152 timing reifyNode:node_modules/netlify-cli/node_modules/@netlify/build/node_modules/npm-run-path Completed in 48031ms
4153 http fetch GET 200 https://cdn.npmmirror.com/packages/onetime/6.0.0/onetime-6.0.0.tgz 47322ms (cache hit)
4154 http fetch GET 200 https://cdn.npmmirror.com/packages/p-map/6.0.0/p-map-6.0.0.tgz 47327ms (cache miss)
4155 timing reifyNode:node_modules/netlify-cli/node_modules/@netlify/build/node_modules/p-map Completed in 48041ms
4156 timing reifyNode:node_modules/netlify-cli/node_modules/@netlify/build/node_modules/onetime Completed in 48042ms
4157 timing reifyNode:node_modules/netlify-cli/node_modules/@netlify/build/node_modules/minimatch Completed in 48091ms
4158 http fetch GET 200 https://cdn.npmmirror.com/packages/map-obj/5.0.2/map-obj-5.0.2.tgz 47405ms (cache hit)
4159 timing reifyNode:node_modules/netlify-cli/node_modules/@netlify/build/node_modules/map-obj Completed in 48125ms
4160 http fetch GET 200 https://cdn.npmmirror.com/packages/figures/5.0.0/figures-5.0.0.tgz 47469ms (cache hit)
4161 http fetch GET 200 https://cdn.npmmirror.com/packages/is-stream/3.0.0/is-stream-3.0.0.tgz 47473ms (cache hit)
4162 timing reifyNode:node_modules/netlify-cli/node_modules/@netlify/build/node_modules/figures Completed in 48191ms
4163 timing reifyNode:node_modules/netlify-cli/node_modules/@netlify/build/node_modules/is-stream Completed in 48194ms
4164 http fetch GET 200 https://cdn.npmmirror.com/packages/indent-string/5.0.0/indent-string-5.0.0.tgz 47491ms (cache hit)
4165 http fetch GET 200 https://cdn.npmmirror.com/packages/human-signals/3.0.1/human-signals-3.0.1.tgz 47495ms (cache hit)
4166 timing reifyNode:node_modules/netlify-cli/node_modules/@netlify/build/node_modules/indent-string Completed in 48215ms
4167 timing reifyNode:node_modules/netlify-cli/node_modules/@netlify/build/node_modules/human-signals Completed in 48225ms
4168 http fetch GET 200 https://cdn.npmmirror.com/packages/find-up/6.3.0/find-up-6.3.0.tgz 47549ms (cache hit)
4169 timing reifyNode:node_modules/netlify-cli/node_modules/@netlify/build/node_modules/find-up Completed in 48272ms
4170 http fetch GET 200 https://cdn.npmmirror.com/packages/execa/6.1.0/execa-6.1.0.tgz 47564ms (cache hit)
4171 http fetch GET 200 https://cdn.npmmirror.com/packages/brace-expansion/2.0.1/brace-expansion-2.0.1.tgz 47566ms (cache hit)
4172 timing reifyNode:node_modules/netlify-cli/node_modules/@netlify/build/node_modules/brace-expansion Completed in 48290ms
4173 timing reifyNode:node_modules/netlify-cli/node_modules/@netlify/build/node_modules/execa Completed in 48295ms
4174 http fetch GET 200 https://cdn.npmmirror.com/packages/emoji-regex/9.2.2/emoji-regex-9.2.2.tgz 47655ms (cache hit)
4175 timing reifyNode:node_modules/netlify-cli/node_modules/@netlify/build/node_modules/emoji-regex Completed in 48390ms
4176 http fetch GET 200 https://cdn.npmmirror.com/packages/escape-string-regexp/5.0.0/escape-string-regexp-5.0.0.tgz 47726ms (cache hit)
4177 timing reifyNode:node_modules/netlify-cli/node_modules/@netlify/build/node_modules/escape-string-regexp Completed in 48455ms
4178 http fetch GET 200 https://cdn.npmmirror.com/packages/color-convert/2.0.1/color-convert-2.0.1.tgz 47794ms (cache hit)
4179 timing reifyNode:node_modules/netlify-cli/node_modules/@jest/types/node_modules/color-convert Completed in 48521ms
4180 http fetch GET 200 https://cdn.npmmirror.com/packages/supports-color/7.2.0/supports-color-7.2.0.tgz 47947ms (cache hit)
4181 http fetch GET 200 https://cdn.npmmirror.com/packages/ansi-styles/4.3.0/ansi-styles-4.3.0.tgz 47952ms (cache hit)
4182 timing reifyNode:node_modules/netlify-cli/node_modules/@jest/types/node_modules/supports-color Completed in 48678ms
4183 timing reifyNode:node_modules/netlify-cli/node_modules/@jest/types/node_modules/ansi-styles Completed in 48682ms
4184 http fetch GET 200 https://cdn.npmmirror.com/packages/color-name/1.1.4/color-name-1.1.4.tgz 47969ms (cache hit)
4185 timing reifyNode:node_modules/netlify-cli/node_modules/@jest/types/node_modules/color-name Completed in 48697ms
4186 http fetch GET 200 https://cdn.npmmirror.com/packages/ansi-escapes/6.2.1/ansi-escapes-6.2.1.tgz 48066ms (cache miss)
4187 http fetch GET 200 https://cdn.npmmirror.com/packages/chalk/4.1.2/chalk-4.1.2.tgz 48064ms (cache hit)
4188 timing reifyNode:node_modules/netlify-cli/node_modules/@netlify/build/node_modules/ansi-escapes Completed in 48790ms
4189 timing reifyNode:node_modules/netlify-cli/node_modules/@jest/types/node_modules/chalk Completed in 48796ms
4190 http fetch GET 200 https://cdn.npmmirror.com/packages/string-width/5.1.2/string-width-5.1.2.tgz 48079ms (cache hit)
4191 http fetch GET 200 https://cdn.npmmirror.com/packages/https-proxy-agent/5.0.1/https-proxy-agent-5.0.1.tgz 48083ms (cache miss)
4192 timing reifyNode:node_modules/netlify-cli/node_modules/@mapbox/node-pre-gyp/node_modules/https-proxy-agent Completed in 48806ms
4193 timing reifyNode:node_modules/netlify-cli/node_modules/@isaacs/cliui/node_modules/string-width Completed in 48807ms
4194 http fetch GET 200 https://cdn.npmmirror.com/packages/%40netlify/blobs/7.4.0/blobs-7.4.0.tgz 48103ms (cache miss)
4195 timing reifyNode:node_modules/netlify-cli/node_modules/@netlify/build/node_modules/@netlify/blobs Completed in 48824ms
4196 http fetch GET 200 https://cdn.npmmirror.com/packages/node-fetch/2.7.0/node-fetch-2.7.0.tgz 48148ms (cache miss)
4197 timing reifyNode:node_modules/netlify-cli/node_modules/@mapbox/node-pre-gyp/node_modules/node-fetch Completed in 48870ms
4198 http fetch GET 200 https://cdn.npmmirror.com/packages/minimatch/9.0.4/minimatch-9.0.4.tgz 48181ms (cache hit)
4199 http fetch GET 200 https://cdn.npmmirror.com/packages/wrap-ansi/8.1.0/wrap-ansi-8.1.0.tgz 48194ms (cache hit)
4200 timing reifyNode:node_modules/netlify-cli/node_modules/@isaacs/cliui/node_modules/wrap-ansi Completed in 48923ms
4201 http fetch GET 200 https://cdn.npmmirror.com/packages/json-schema-traverse/1.0.0/json-schema-traverse-1.0.0.tgz 48223ms (cache hit)
4202 http fetch GET 200 https://cdn.npmmirror.com/packages/emoji-regex/9.2.2/emoji-regex-9.2.2.tgz 48225ms (cache hit)
4203 timing reifyNode:node_modules/netlify-cli/node_modules/@fastify/ajv-compiler/node_modules/json-schema-traverse Completed in 48961ms
4204 timing reifyNode:node_modules/netlify-cli/node_modules/@isaacs/cliui/node_modules/emoji-regex Completed in 48965ms
4205 timing reifyNode:node_modules/netlify-cli/node_modules/@fastify/static/node_modules/minimatch Completed in 48970ms
4206 http fetch GET 200 https://cdn.npmmirror.com/packages/%40types/yargs/16.0.4/yargs-16.0.4.tgz 48267ms (cache miss)
4207 timing reifyNode:node_modules/netlify-cli/node_modules/@jest/types/node_modules/@types/yargs Completed in 48991ms
4208 http fetch GET 200 https://cdn.npmmirror.com/packages/mime/3.0.0/mime-3.0.0.tgz 48269ms (cache hit)
4209 timing reifyNode:node_modules/netlify-cli/node_modules/@fastify/send/node_modules/mime Completed in 49005ms
4210 http fetch GET 200 https://cdn.npmmirror.com/packages/brace-expansion/2.0.1/brace-expansion-2.0.1.tgz 48324ms (cache hit)
4211 timing reifyNode:node_modules/netlify-cli/node_modules/@fastify/static/node_modules/brace-expansion Completed in 49063ms
4212 http fetch GET 200 https://cdn.npmmirror.com/packages/depd/2.0.0/depd-2.0.0.tgz 48378ms (cache hit)
4213 timing reifyNode:node_modules/netlify-cli/node_modules/@fastify/send/node_modules/depd Completed in 49110ms
4214 http fetch GET 200 https://cdn.npmmirror.com/packages/http-errors/2.0.0/http-errors-2.0.0.tgz 48433ms (cache hit)
4215 timing reifyNode:node_modules/netlify-cli/node_modules/@fastify/send/node_modules/http-errors Completed in 49166ms
4216 http fetch GET 200 https://cdn.npmmirror.com/packages/ajv/8.12.0/ajv-8.12.0.tgz 48457ms (cache hit)
4217 http fetch GET 200 https://cdn.npmmirror.com/packages/minipass/7.1.1/minipass-7.1.1.tgz 48501ms (cache miss)
4218 timing reifyNode:node_modules/netlify-cli/node_modules/@fastify/static/node_modules/minipass Completed in 49224ms
4219 http fetch GET 200 https://cdn.npmmirror.com/packages/glob/10.3.15/glob-10.3.15.tgz 48774ms (cache miss)
4220 timing reifyNode:node_modules/netlify-cli/node_modules/@fastify/static/node_modules/glob Completed in 49500ms
4221 timing reifyNode:node_modules/netlify-cli/node_modules/@fastify/ajv-compiler/node_modules/ajv Completed in 49627ms
4222 http fetch GET 200 https://cdn.npmmirror.com/packages/typescript/5.4.5/typescript-5.4.5.tgz 54221ms (cache miss)
4223 timing reifyNode:node_modules/netlify-cli/node_modules/detective-typescript/node_modules/typescript Completed in 54886ms
4224 http fetch GET 200 https://cdn.npmmirror.com/packages/%40esbuild/win32-x64/0.21.2/win32-x64-0.21.2.tgz 58021ms (cache miss)
4225 timing reifyNode:node_modules/netlify-cli/node_modules/@netlify/edge-bundler/node_modules/@esbuild/win32-x64 Completed in 58726ms
4226 timing reify:unpack Completed in 58817ms
4227 timing reify:unretire Completed in 0ms
4228 timing build:queue Completed in 22ms
4229 timing build:link:node_modules/netlify-cli/node_modules/@babel/parser Completed in 90ms
4230 timing build:link:node_modules/netlify-cli/node_modules/@netlify/build-info/node_modules/yaml Completed in 85ms
4231 timing build:link:node_modules/netlify-cli/node_modules/@fastify/send/node_modules/mime Completed in 85ms
4232 timing build:link:node_modules/netlify-cli/node_modules/@fastify/static/node_modules/glob Completed in 85ms
4233 timing build:link:node_modules/netlify-cli/node_modules/archiver-utils/node_modules/glob Completed in 85ms
4234 timing build:link:node_modules/netlify-cli/node_modules/@netlify/edge-bundler/node_modules/esbuild Completed in 85ms
4235 timing build:link:node_modules/netlify-cli/node_modules/@parcel/watcher/node_modules/detect-libc Completed in 85ms
4236 timing build:link:node_modules/netlify-cli/node_modules/tar/node_modules/mkdirp Completed in 85ms
4237 timing build:link:node_modules/netlify-cli/node_modules/make-dir/node_modules/semver Completed in 85ms
4238 timing build:link:node_modules/netlify-cli/node_modules/@mapbox/node-pre-gyp Completed in 90ms
4239 timing build:link:node_modules/netlify-cli/node_modules/@vercel/nft Completed in 89ms
4240 timing build:link:node_modules/netlify-cli/node_modules/@netlify/build-info Completed in 90ms
4241 timing build:link:node_modules/netlify-cli/node_modules/@netlify/config Completed in 90ms
4242 timing build:link:node_modules/netlify-cli/node_modules/@netlify/build Completed in 90ms
4243 timing build:link:node_modules/netlify-cli Completed in 90ms
4244 timing build:link:node_modules/netlify-cli/node_modules/@netlify/zip-it-and-ship-it Completed in 89ms
4245 timing build:link:node_modules/netlify-cli/node_modules/open/node_modules/is-docker Completed in 85ms
4246 timing build:link:node_modules/netlify-cli/node_modules/ansi-to-html Completed in 89ms
4247 timing build:link:node_modules/netlify-cli/node_modules/acorn Completed in 89ms
4248 timing build:link:node_modules/netlify-cli/node_modules/color-support Completed in 89ms
4249 timing build:link:node_modules/netlify-cli/node_modules/unenv/node_modules/mime Completed in 85ms
4250 timing build:link:node_modules/netlify-cli/node_modules/detective-amd Completed in 89ms
4251 timing build:link:node_modules/netlify-cli/node_modules/crc-32 Completed in 89ms
4252 timing build:link:node_modules/netlify-cli/node_modules/envinfo Completed in 88ms
4253 timing build:link:node_modules/netlify-cli/node_modules/esbuild Completed in 88ms
4254 timing build:link:node_modules/netlify-cli/node_modules/escodegen Completed in 88ms
4255 timing build:link:node_modules/netlify-cli/node_modules/extract-zip Completed in 88ms
4256 timing build:link:node_modules/netlify-cli/node_modules/esprima Completed in 88ms
4257 timing build:link:node_modules/netlify-cli/node_modules/jiti Completed in 88ms
4258 timing build:link:node_modules/netlify-cli/node_modules/gonzales-pe Completed in 88ms
4259 timing build:link:node_modules/netlify-cli/node_modules/is-inside-container Completed in 88ms
4260 timing build:link:node_modules/netlify-cli/node_modules/js-yaml Completed in 88ms
4261 timing build:link:node_modules/netlify-cli/node_modules/ipx Completed in 88ms
4262 timing build:link:node_modules/netlify-cli/node_modules/is-in-ci Completed in 88ms
4263 timing build:link:node_modules/netlify-cli/node_modules/lambda-local Completed in 88ms
4264 timing build:link:node_modules/netlify-cli/node_modules/is-docker Completed in 88ms
4265 timing build:link:node_modules/netlify-cli/node_modules/module-definition Completed in 87ms
4266 timing build:link:node_modules/netlify-cli/node_modules/listhen Completed in 88ms
4267 timing build:link:node_modules/netlify-cli/node_modules/mime Completed in 88ms
4268 timing build:link:node_modules/netlify-cli/node_modules/nanoid Completed in 87ms
4269 timing build:link:node_modules/netlify-cli/node_modules/mkdirp Completed in 88ms
4270 timing build:link:node_modules/netlify-cli/node_modules/node-gyp-build Completed in 87ms
4271 timing build:link:node_modules/netlify-cli/node_modules/pino Completed in 87ms
4272 timing build:link:node_modules/netlify-cli/node_modules/nopt Completed in 87ms
4273 timing build:link:node_modules/netlify-cli/node_modules/parse-github-url Completed in 87ms
4274 timing build:link:node_modules/netlify-cli/node_modules/precinct Completed in 87ms
4275 timing build:link:node_modules/netlify-cli/node_modules/rc Completed in 88ms
4276 timing build:link:node_modules/netlify-cli/node_modules/prettyjson Completed in 88ms
4277 timing build:link:node_modules/netlify-cli/node_modules/resolve Completed in 88ms
4278 timing build:link:node_modules/netlify-cli/node_modules/prebuild-install Completed in 88ms
4279 timing build:link:node_modules/netlify-cli/node_modules/semver Completed in 88ms
4280 timing build:link:node_modules/netlify-cli/node_modules/rimraf Completed in 88ms
4281 timing build:link:node_modules/netlify-cli/node_modules/svgo Completed in 88ms
4282 timing build:link:node_modules/netlify-cli/node_modules/rollup Completed in 89ms
4283 timing build:link:node_modules/netlify-cli/node_modules/seek-bzip Completed in 89ms
4284 timing build:link:node_modules/netlify-cli/node_modules/ts-node Completed in 90ms
4285 timing build:link:node_modules/netlify-cli/node_modules/wait-port Completed in 89ms
4286 timing build:link:node_modules/netlify-cli/node_modules/untun Completed in 89ms
4287 timing build:link:node_modules/netlify-cli/node_modules/typescript Completed in 89ms
4288 timing build:link:node_modules/netlify-cli/node_modules/ulid Completed in 89ms
4289 timing build:link:node_modules/netlify-cli/node_modules/uuid Completed in 89ms
4290 timing build:link:node_modules/netlify-cli/node_modules/xss Completed in 89ms
4291 timing build:link:node_modules/netlify-cli/node_modules/which Completed in 89ms
4292 timing build:link:node_modules/netlify-cli/node_modules/detective-typescript/node_modules/typescript Completed in 88ms
4293 timing build:link:node_modules/netlify-cli/node_modules/@netlify/local-functions-proxy-win32-x64 Completed in 111ms
4294 timing build:link Completed in 113ms
4295 info run sharp@0.32.6 install node_modules/netlify-cli/node_modules/sharp (node install/libvips && node install/dll-copy && prebuild-install) || (node install/can-compile && node-gyp rebuild && node install/dll-copy)
4296 info run unix-dgram@2.0.6 install node_modules/netlify-cli/node_modules/unix-dgram node-gyp rebuild
4297 info run sharp@0.32.6 install { code: 0, signal: null }
4298 timing build:run:install:node_modules/netlify-cli/node_modules/sharp Completed in 21930ms
4299 info run unix-dgram@2.0.6 install { code: 1, signal: null }
4300 verbose reify failed optional dependency D:\各类笔记\AiTools\Demo\codex\Sweet King v2\.npm-cache-netlify-cli\_npx\8838473bab3874f8\node_modules\netlify-cli\node_modules\unix-dgram
4301 silly reify mark deleted [
4301 silly reify   'D:\\各类笔记\\AiTools\\Demo\\codex\\Sweet King v2\\.npm-cache-netlify-cli\\_npx\\8838473bab3874f8\\node_modules\\netlify-cli\\node_modules\\unix-dgram'
4301 silly reify ]
4302 verbose reify failed optional dependency D:\各类笔记\AiTools\Demo\codex\Sweet King v2\.npm-cache-netlify-cli\_npx\8838473bab3874f8\node_modules\netlify-cli\node_modules\nan
4303 silly reify mark deleted [
4303 silly reify   'D:\\各类笔记\\AiTools\\Demo\\codex\\Sweet King v2\\.npm-cache-netlify-cli\\_npx\\8838473bab3874f8\\node_modules\\netlify-cli\\node_modules\\nan'
4303 silly reify ]
4304 timing build:run:install:node_modules/netlify-cli/node_modules/unix-dgram Completed in 33238ms
4305 timing build:run:install Completed in 33267ms
4306 info run netlify-cli@17.38.1 postinstall node_modules/netlify-cli node ./scripts/postinstall.js
4307 info run esbuild@0.19.11 postinstall node_modules/netlify-cli/node_modules/esbuild node install.js
4308 info run esbuild@0.21.2 postinstall node_modules/netlify-cli/node_modules/@netlify/edge-bundler/node_modules/esbuild node install.js
4309 info run esbuild@0.19.11 postinstall { code: 0, signal: null }
4310 timing build:run:postinstall:node_modules/netlify-cli/node_modules/esbuild Completed in 354ms
4311 info run esbuild@0.21.2 postinstall { code: 0, signal: null }
4312 timing build:run:postinstall:node_modules/netlify-cli/node_modules/@netlify/edge-bundler/node_modules/esbuild Completed in 358ms
4313 info run netlify-cli@17.38.1 postinstall { code: 0, signal: null }
4314 timing build:run:postinstall:node_modules/netlify-cli Completed in 3728ms
4315 timing build:run:postinstall Completed in 3728ms
4316 timing build:deps Completed in 37130ms
4317 timing build Completed in 37130ms
4318 timing reify:build Completed in 37132ms
4319 timing reify:trash Completed in 19ms
4320 timing reify:save Completed in 267ms
4321 timing reify Completed in 115894ms
4322 timing command:exec Completed in 137306ms
4323 notice
4323 notice New [31mmajor[39m version of npm available! [31m10.2.3[39m -> [32m11.14.1[39m
4323 notice Changelog: [36mhttps://github.com/npm/cli/releases/tag/v11.14.1[39m
4323 notice Run [32mnpm install -g npm@11.14.1[39m to update!
4323 notice
4324 verbose exit 0
4325 timing npm Completed in 137571ms
4326 info ok
